"Číslo";"Název";"Země";"Typ";"Okres";"Kraj";"Prodejní místa (název a web)"
"3255";"EURORANDO 2026, Krušné hory";"Česká Republika";"Výroční turistická známka";"";"";"Informační turistické centrum, Zámek Valdštejnů, Mostecká 1, Litvínov (www.facebook.com/info.Litvinov)
Na akci 20. – 27. 9. 2026 Informační stánek Boží Dar"
"3249";"555 let městyse Bystřice, 1471-2026";"Česká Republika";"Výroční turistická známka";"Benešov";"Středočeský kraj";"Městské kulturní a informační centrum Bystřice (https://visitbystrice.cz/)"
"3266";"130. výročí Augustovy věže na Dymníku a 190. výročí narození Augusta Wenchucha";"Česká Republika";"Výroční turistická známka";"Děčín";"Ústecký kraj";"Infocentrum, Lužické nám. 103, Rumburk (https://ic.rumburk.cz/)
Na akci 19.9.2026 Resort Dymník, Výletní 775/9, Rumburk (https://www.dymnik.cz/restaurace)"
"3234";"Fotosoutěž s Maxiznámkami 2026";"Česká Republika";"Výroční turistická známka";"";"";"Pouze pro účastníky fotografické soutěže"
"3247";"Den otevřených dveří a dekorování Znalců České republiky 2026";"Česká Republika";"Výroční turistická známka";"";"";"Návštěvnické centrum Turistických známek, Rýmařov (http://www.turisticke-znamky.cz/)"
"3263";"Obec Povrly - 840 let od první písemné zmínky, 1186-2026";"Česká Republika";"Výroční turistická známka";"";"";"Jenatschkeho Kovárna - Muzeum Povrly, Kovářská 27 (https://www.povrly.cz/jenatschkeho-kovarna-muzeum-povrly)
V den oslav - 5. září 2026"
"3267";"Orlovská šlápota 2026 - 35. ročník";"Česká Republika";"Výroční turistická známka";"";"";"Po akci: Josef BILL Kopecký, tel.: 605 976 209 (https://kmendospelych.skaut.cz/tag/stezka-moudrosti/)
Na akci: 5. září 2026"
"3261";"35 let pivovaru Bernard, 1991-2026";"Česká Republika";"Výroční turistická známka";"";"";"Podniková prodejna Pivovaru Bernard, Humpolec (http://www.bernard.cz/)"
"3265";"1. ročník Moldavské serpentiny 2026";"Česká Republika";"Výroční turistická známka";"";"";"Na akci 29.8.2026 Moldavské serpentiny, Vlaková stanice, Moldava v Krušných horách (https://www.facebook.com/events/825790416788364)"
"3235";"800 let od první písemné zmínky - Vyskytná nad Jihlavou, 1226-2026";"Česká Republika";"Výroční turistická známka";"";"";"Na akci 28.-30.8.2026, Vyskytná nad Jihlavou (https://www.vyskytnanadjihlavou.cz/co-se-u-nas-prave-deje/pozvanka-na-oslavy-800let-vyskytne-nad-jihlavou-ve-dnech-288-3082026-program-oslav)
Obecní úřad Vyskytná nad Jihlavou - doprodej (https://www.vyskytnanadjihlavou.cz/co-se-u-nas-prave-deje/pozvanka-na-oslavy-800let-vyskytne-nad-jihlavou-ve-dnech-288-3082026-program-oslav)"
"3264";"500 let zámku Benátky nad Jizerou, 1526-2026";"Česká Republika";"Výroční turistická známka";"Mladá Boleslav";"Středočeský kraj";"Infocentrum Benátky nad Jizerou (http://is.benatky.cz/)
Na akci 28.-29.8.2026 Zámecké Slavnosti 2026 (https://www.benatky.cz/500-let-zamku/zamecke-slavnosti-2026-5600cs.html)"
"3221";"Den lesů v oboře Vřísek 2026";"Česká Republika";"Výroční turistická známka";"";"";"Na akci dne 22.8.2026, 10:00-16:30 hodin: Obora Vřísek, Šváby 19, Zahrádky
Informační centrum Zahrádky (budova Obecního úřadu) (http://www.zahradkycl.cz)"
"3258";"150. výročí bitvy u Little Bighornu, 1876-2026";"Česká Republika";"Výroční turistická známka";"";"";"Na akci Všetice 22.8.2026
Bohemia Glass, nám. Přem. Otakara II - č. 23, Č. Budějovice
Café Time Music - Muzeum hudby, Karmelitská 2, Praha 1 (www.timemusic.cz)
Na 4akcích, v Info stánku KČT - České Pohádkové Akademie
Národní muzeum (obchůdek ve vestibulu) (https://www.nm.cz/navstivte-nas/objekty/muzejni-komplex-narodniho-muzea)"
"3260";"26. Mezinárodní dudácký festival Strakonice 2026";"Česká Republika";"Výroční turistická známka";"";"";"Městské informační centrum, Zámek 1, Strakonice (http://www.strakonice.eu/)
Na 4akcích, v Info stánku KČT - České Pohádkové Akademie
Suvenýry a lahůdkářství Malinová, Strakonice (https://lahudkarstvi.webnode.cz/)"
"3262";"25. Borůvkové hody 2026, Malá Morávka";"Česká Republika";"Výroční turistická známka";"";"";"Na akci 15.-16.8.2026, Borůvkové hody, Malá Morávka (https://boruvkovehody.cz/)
Restaurace u Kovárny, Malá Morávka
Čerpací stanice DZ OIL, Dolní Moravice
Horský hotel Brans s.r.o."
"3253";"5 let od zápisu Jizerskohorských bučin na seznam UNESCO, 2021-2026";"Česká Republika";"Výroční turistická známka";"";"";"Dům přírody Jizerských hor, Oldřichov v Hájích (www.strevlik.cz)
Informační středisko Mariánskohorské boudy (https://www.dumprirody.cz/informacni-stredisko-chko-jizerske-hory/oteviraci-doba-is-chko-jizerske-hory/)
Na akci: Den stromů a Jizerskohoské bučiny - Severočeské muzeum v Liberci - 8. říjen 2026
Na akci: Den s Jizerskohorskými bučinami, Hejnice - 24. říjen 2026"
"3250";"70 let od uvedení Otvírání studánek, 1956-2026, Bohuslav Martinů, Polička";"Česká Republika";"Výroční turistická známka";"";"";"Informační centrum Polička (http://www.kotour.cz/)"
"3256";"140 let od narození - Karel Schinzel - objevitel barevné fotografie, 1886-2026";"Česká Republika";"Výroční turistická známka";"";"";"Informační centrum Rýmařov (https://www.inforymarov.cz/cz/)
Návštěvnické centrum Turistických známek, Rýmařov (http://www.turisticke-znamky.cz/)"
"3228";"20. výročí 1. Pražského bluegrassového open festivalu DoModra";"Česká Republika";"Výroční turistická známka";"";"";"Na festivalu: Velký mlýn, U Českých loděnic 40/6, Praha 8 - Libeň"
"3100";"Terrabazar - 37. ročník nejstarší výstavní a prodejní terarijní burza v Praze";"Česká Republika";"Výroční turistická známka";"";"";"Top Hotel Praha, Blažimská 1781/4, Praha 11: AKCE - Živá exotika
Terrabazar, Horáčkova 1100/14, Praha 4 - Krč (https://terrabazar.cz/)"
"3245";"500 let od nástupu Habsburků na český trůn, 1526-2026, Regionální muzeum v Jílovém u Prahy";"Česká Republika";"Výroční turistická známka";"";"";"Regionální muzeum, Masarykovo nám. 16, Jílové u Prahy (http://muzeumjilove.cz/)"
"3251";"660 let Velkého rybníka - Máchova jezera, 1366-2026";"Česká Republika";"Výroční turistická známka";"";"";"Infocentrum, Valdštejnská 183, Doksy (http://www.doksy.com/)"
"3252";"50 let CHKO Kokořínsko - Máchův kraj, 1976-2026";"Česká Republika";"Výroční turistická známka";"";"";"Infocentrum, Valdštejnská 183, Doksy (http://www.doksy.com/)"
"3241";"20. ročník festivalu Putování za písničkou, 2007-2026";"Česká Republika";"Výroční turistická známka";"Ústí nad Orlicí";"Pardubický kraj";"Rozhledna Na Křížové hoře (http://www.cervenavoda.cz/rozhledna-na-krizove-hore)"
"3244";"10 let kukuřičných bludišť v Česku, 2016-2026";"Česká Republika";"Výroční turistická známka";"";"";"Kukuřičné bludiště Plzeň - Přeštice (https://www.kukuricaci.cz/bludiste/plzen-prestice)
Kukuřičné bludiště Blšany (https://www.kukuricaci.cz/bludiste/blsany)
Kukuřičné bludiště Počaply (https://www.kukuricaci.cz/bludiste/pocaply)
Kukuřičné bludiště Poděbrady (https://www.kukuricaci.cz/bludiste/podebrady)
Kukuřičné bludiště Praha - Horní Počernice (https://www.kukuricaci.cz/)
Kukuřičné bludiště Praha - Újezd nad Lesy (https://www.kukuricaci.cz/bludiste/praha-ujezd-nad-lesy)
Kukuřičné bludiště Strakonice (https://www.kukuricaci.cz/bludiste/strakonice)
Kukuřičné bludiště Sychrov (https://www.kukuricaci.cz/bludiste/sychrov)
Kukuřičné bludiště Šumperk - Rapotín (https://www.kukuricaci.cz/bludiste/sumperk)
Kukuřičné bludiště Telč (https://www.kukuricaci.cz/bludiste/telc)
Kukuřičné bludiště Terezín (https://www.kukuricaci.cz/bludiste/terezin)
Kukuřičné bludiště Pasohlávky (https://www.kukuricaci.cz/bludiste/pasohlavky)
Kukuřičné bludiště Opava (https://www.kukuricaci.cz/bludiste/opava)
Kukuřičné bludiště Brno - Žabovřesky (https://www.kukuricaci.cz/bludiste/brno-zabovresky)
Kukuřičné bludiště České Budějovice (https://www.kukuricaci.cz/bludiste/ceske-budejovice)
Kukuřičné bludiště Frýdek-Místek - Dobrá (https://www.kukuricaci.cz/bludiste/frydek-mistek)
Kukuřičné bludiště Holešov (https://www.kukuricaci.cz/bludiste/holesov)
Kukuřičné bludiště Humpolec (https://www.kukuricaci.cz/)
Kukuřičné bludiště Cheb (https://www.kukuricaci.cz/bludiste/cheb)
Kukuřičné bludiště Krnov - Úvalno (https://www.kukuricaci.cz/bludiste/krnov)
Kukuřičné bludiště Litomyšl (https://www.kukuricaci.cz/bludiste/litomysl)
Kukuřičné bludiště Olomouc (https://www.kukuricaci.cz/bludiste/olomouc)
Kukuřičné bludiště Vrchlabí (https://www.kukuricaci.cz/bludiste/vrchlabi)"
"3246";"Otevření naučné stezky Písečná 2026";"Česká Republika";"Výroční turistická známka";"";"";"Na akci Otevření naučné stezky, 20.6.2026
Jeskyně Na Špičáku - suvenýry (https://naspicaku.caves.cz/)"
"3226";"Zemědělská výstava Kroměříž 2026";"Česká Republika";"Výroční turistická známka";"";"";"Areál společnosti Navos, Kotojedy - Zemědělská výstava (https://www.zvkm.cz/)"
"3216";"120 let muzejní budovy - Moravská Třebová,1906-2026";"Česká Republika";"Výroční turistická známka";"";"";"Městské muzeum, Svitavská 18, Moravská Třebová (https://www.muzeummoravskatrebova.cz/)"
"3184";"700 let od založení obce Paseka, 1326-2026";"Česká Republika";"Výroční turistická známka";"";"";"Prodejna JONAP, Paseka 329, Paseka (https://www.jonap.cz/)
Obecní úřad Paseka (https://www.jonap.cz/)
Koupaliště Paseka - přírodní biotop (https://www.jonap.cz/)"
"3232";"180 let od narození Karla Klostermanna, 1848-2028";"Česká Republika";"Výroční turistická známka";"";"";"Bohemia Glass, nám. Přem. Otakara II - č. 23, Č. Budějovice
Café Time Music - Muzeum hudby, Karmelitská 2, Praha 1 (www.timemusic.cz)
Na 4akcích, v Info stánku KČT - České Pohádkové Akademie
Kafírna Čeňkova pila (http://www.hajovnacenkovapila.cz/kafirna.html?utm_source=firmy.cz&utm_medium=ppd&utm_campaign=firmy.cz-13120280)
Čerpací stanice Srní
Dům Karla Klostermanna v Srní (https://www.dumkarlaklostermanna.cz/)
Suvenýry a lahůdkářství Malinová, Strakonice (https://lahudkarstvi.webnode.cz/)
Knihkupectví - antikvariát, Hluboká nad Vltavou"
"3239";"15. ročník Měsíce věží a rozhleden 2026";"Česká Republika";"Výroční turistická známka";"";"";"Bohemia Glass, nám. Přem. Otakara II - č. 23, Č. Budějovice
Café Time Music - Muzeum hudby, Karmelitská 2, Praha 1 (www.timemusic.cz)
Na 4akcích, v Info stánku KČT - České Pohádkové Akademie
Infocentrum, Zborovská 80, Hluboká nad Vltavou (https://www.hluboka.cz/)
Národní muzeum (obchůdek ve vestibulu) (https://www.nm.cz/navstivte-nas/objekty/muzejni-komplex-narodniho-muzea)"
"3240";"Rok medvěda v Krkonoších 2026";"Česká Republika";"Výroční turistická známka";"";"";"Stezka korunami stromů Krkonoše, Jánské lázně (http://www.stezkakrkonose.cz/)"
"3242";"100. výročí zpřístupnění - Zbrašovské aragonitové jeskyně, 1926-2026";"Česká Republika";"Výroční turistická známka";"";"";"Zbrašovské jeskyně - suvenýry, Zbrašov (caves.cz)"
"3243";"300 let Samsonovy kašny, České Budějovice, 1727-2027";"Česká Republika";"Výroční turistická známka";"";"";"Turistické informačním centrum, nám. Přemysla Otakara II., České Budějovice, radnice, vchod č.2 (c-budejovice.cz)"
"3089";"50. ročník festivalu Trampských písní, 2026";"Česká Republika";"Výroční turistická známka";"";"";"V době konání festivalu - Horní Jelení - 29.-31. května 2026 (https://www.kftp.cz/o-festivalu-1/aktualne-o-festivalu)"
"3238";"100 let od narození Ludvíka Vaculíka";"Česká Republika";"Výroční turistická známka";"";"";"Městské muzeum, Podzámčí 861, Brumov - Bylnice (https://www.brumov-bylnice.cz/)"
"3199";"20 let Krajinné výstavy bez hranic - Cheb, 2006-2026";"Česká Republika";"Výroční turistická známka";"";"";"Infocentrum, Jateční 2, Cheb (http://www.mestocheb.cz/)
Na akci: 23.-24. května 2026"
"3237";"Putování za sv. Jiřím 2026";"Česká Republika";"Výroční turistická známka";"";"";"Prodej na poznávacích výpravách oldskautů k památníkům sv. Jiří (https://kmendospelych.skaut.cz/)
Po akci: Slavomil Janov, tel.: 602 686 725 (https://kmendospelych.skaut.cz/tag/stezka-moudrosti/)
Kožené zboží - Turistashop, Bělehradská 63, Praha 2, 120 00"
"3141";"65 let Hvězdárny Prostějov, 1961-2026";"Česká Republika";"Výroční turistická známka";"Prostějov";"Olomoucký kraj";"Muzeum a galerie, náměstí T. G. Masaryka 2, Prostějov (http://www.muzeumpv.cz/)
Astronomické odd. - hvězdárna, Kolářovy sady, Prostějov (http://www.hvezdarnapv.cz/)"
"3205";"300 let od vysvěcení kostela sv. Jana Nepomuckého, Nové Mitrovice, 1726-2026";"Česká Republika";"Výroční turistická známka";"";"";"OÚ Nové Mitrovice č.p.136 (https://novemitrovice.cz/)
COOP Nové Mitrovice č.p. 97 (http://www.coopplzen.cz/index.php?page=home)"
"3231";"Jeseníky 2026 - YesMan";"Česká Republika";"Výroční turistická známka";"";"";"Mobilní informační centra: https://jeseniky.cz/storage//PDF/mobilni-ic2026__page-0001-1777534949978.jpg (https://jeseniky.cz/storage//PDF/mobilni-ic2026__page-0001-1777534949978.jpg)"
"3236";"Stezka Moudrosti - Oldskautská lesní škola 2026";"Česká Republika";"Výroční turistická známka";"";"";"13. května: Orlovská myslivna - setkání u Wolkerova památníku - polesí Orlovy, 14:00-16:00 hodin (https://kmendospelych.skaut.cz/tag/stezka-moudrosti/)
Kožené zboží - Turistashop, Bělehradská 63, Praha 2, 120 00
Po akci: Slavomil Janov, tel.: 602 686 725 (https://kmendospelych.skaut.cz/tag/stezka-moudrosti/)
Po akci: Josef BILL Kopecký, tel.: 605 976 209 (https://kmendospelych.skaut.cz/tag/stezka-moudrosti/)"
"3225";"50 let od natáčení - Princ a Večernice, zámek Ploskovice, 1978-2028";"Česká Republika";"Výroční turistická známka";"";"";"Zámek Ploskovice (zamek-ploskovice.cz)"
"3233";"18. ročník Buchtobraní a Koláčobraní v Holašovicích 2026";"Česká Republika";"Výroční turistická známka";"";"";"Bohemia Glass, nám. Přem. Otakara II - č. 23, Č. Budějovice
Café Time Music - Muzeum hudby, Karmelitská 2, Praha 1 (www.timemusic.cz)
Na 4akcích, v Info stánku KČT - České Pohádkové Akademie
Potraviny Flop, Hrdějovice"
"3164";"Prodloužení splavnosti Baťova kanálu do Hodonína 2026";"Česká Republika";"Výroční turistická známka";"Hodonín";"Jihomoravský kraj";"Přístav Petrov, Petrov 525, Baťův kanál (http://www.batuvkanalpetrov.cz/)
TIC, nám. 3. května 1302, Otrokovice (http://tic-otrokovice.cz/)"
"3190";"40. výročí Tygříků - druhá smečka VLČAT Praha";"Česká Republika";"Výroční turistická známka";"";"";"Kožené zboží - Turistashop, Bělehradská 63, Praha 2, 120 00"
"3194";"20. sešlost sběratelů Turistických známek - Telč 2026";"Česká Republika";"Výroční turistická známka";"";"";"Na akci 7. - 10. 5. 2026 - Hotel U Černého orla, Telč"
"3189";"10. výročí pamětní desky 244. FA 3. Armády USA, Zdouň, 2016-2026";"Česká Republika";"Výroční turistická známka";"";"";"Pošta Hrádek u Sušice
Recepce zámku Hrádek (www.zamekhradek.cz)
Obecní úřad Hrádek u Sušice
Na akci dne 2.5.2026, prostranství u kostela sv. Vavřince na Zdouni"
"3217";"50. ročník pochodu Okolo Mořkova";"Česká Republika";"Výroční turistická známka";"";"";"Areál koupaliště Mořkov (https://kctmorkov.cz/)"
"3154";"Šumavské léto s párou 2026";"Česká Republika";"Výroční turistická známka";"";"";"Infocentrum, Zborovská 80, Hluboká nad Vltavou (https://www.hluboka.cz/)
Bohemia Glass, nám. Přem. Otakara II - č. 23, Č. Budějovice
Café Time Music - Muzeum hudby, Karmelitská 2, Praha 1 (www.timemusic.cz)
Souvenir Milenky šperky, Dům Kultury Metropol České Budějovice - přízemí"
"3214";"Česká asociace science center - Geotombola 2026";"Česká Republika";"Výroční turistická známka";"";"";"iQLANDIA, Nitranská 410/10, Liberec (https://iqlandia.cz/)
Automatické mlýny Pardubice, U Mlýnů 1963 (https://automatickemlyny.eu/)
Hvězdárna a planetárium v Hradci Králové (http://www.astrohk.cz/)
Techmania science center, Plzeň (www.techmania.cz)
Pevnost poznání Olomouc (https://www.pevnostpoznani.cz/)
Dolní oblast Vítkovic -Svět techniky, Dolní Vítkovice (http://www.ostravainfo.cz/)"
"3219";"Prvomájové parní jízdy 2026";"Česká Republika";"Výroční turistická známka";"";"";"Na akci 1. května: Historická vlaková souprava jedoucí podle JŘ po Kopidlnce (https://www.kopidlnka.cz/novinky/prvomajove-parni-jizdy-na-kopidlnce-2026)"
"3222";"130 let Jemnické dráhy, 1896-2026";"Česká Republika";"Výroční turistická známka";"";"";"Výletní vlak SVD_JZM na trase Jemnice - Moravské Budějovice (https://www.svd-jzm.cz/vyhlidkovy-vyletni-vlak/)
Turistické informační centrum, Purcnerova 62, Moravské Budějovice (http://www.infomb.cz/)
Turistické informační centrum, Husova 2, Jemnice (https://www.tic.jemnice.cz/)"
"3229";"Vodácká Šumava a jižní Čechy 2026";"Česká Republika";"Výroční turistická známka";"";"";"Muzeum řeky Otavy, Střelské Hoštice (http://www.strelskehostice.cz/fotogalerie/obec/muzeum-reky-otavy-a-voroplavby-35cs.html)
Kemp Otavský Ráj, Katovice (http://www.katovice.cz/)
Kemp Viking, Na Pískárně, Větřní
Vodácký kemp u štěkeňského jezu (https://www.vodacky-kemp.cz/steken-2/)
Bohemia Glass, nám. Přem. Otakara II - č. 23, Č. Budějovice
Kemp Koruna, Zlatá Koruna 151
Kemp Nové Spolí Český Krumlov
Kemp Podskalí, Strakonice
Café Time Music - Muzeum hudby, Karmelitská 2, Praha 1 (www.timemusic.cz)
Na 4akcích, v Info stánku KČT - České Pohádkové Akademie"
"3212";"III. Burza Turistických známek 2026 - Vlastivědné muzeum v Olomouci";"Česká Republika";"Výroční turistická známka";"";"";"Na akci - Vlastivědné muzeum, nám. Republiky 823/5, Olomouc"
"3200";"Olomoucký tvarůžkový festival 2026";"Česká Republika";"Výroční turistická známka";"";"";"Informační centrum Olomouc - radnice (olomouc-tourism.cz)"
"3198";"900 let od první zmínky o kapli na Řípu, 1126-2026";"Česká Republika";"Výroční turistická známka";"";"";"Rotunda na hoře Říp (www.rotundarip.cz)"
"3195";"Zlatorudné mlýny - 25 let - 2001-2026";"Česká Republika";"Výroční turistická známka";"";"";"Zlatokopecký skanzen, Zlaté Hory (https://zlatehory.cz/#utm_source=mapy.cz&utm_medium=ppd&utm_content=hledani&utm_term=Zlatokopeck%c3%bd%20skanzen%2c%20Zlat%c3%a9%2)"
"3120";"Živá exotika 2026";"Česká Republika";"Výroční turistická známka";"";"";"Top Hotel Praha, Blažimská 1781/4, Praha 11: AKCE - Živá exotika"
"3204";"20 let Archeoparku Chotěbuz-Podobora, 2006-2026";"Česká Republika";"Výroční turistická známka";"";"";"Archeopark Chotěbuz (http://www.archeopark-chotebuz.cz/)"
"3218";"500 let od úmrtí Štěpána Schlika v bitvě u Moháče 1487-1526";"Česká Republika";"Výroční turistická známka";"";"";"Informační centrum, nám. Republiky 1, Jáchymov (https://www.mestojachymov.cz/volny-cas/informacni-a-kulturni-centrum/)"
"3220";"20 let Arboreta Makču Pikču, 2006-2026";"Česká Republika";"Výroční turistická známka";"";"";"Arboretum Paseka (http://arboretumpaseka.cz/)"
"3223";"190 let od úmrtí básníka Karla Hynka Máchy, 1836-2026";"Česká Republika";"Výroční turistická známka";"";"";"Hrad Bezděz (hrad-bezdez.eu)"
"3213";"500 let od nástupu Habsburků na český trůn, 1526-2026, Zámek Brandýs nad Labem";"Česká Republika";"Výroční turistická známka";"";"";"Zámek Brandýs nad Labem (brandyszamek.cz)"
"3215";"Trocnovské slavnosti 2026";"Česká Republika";"Výroční turistická známka";"";"";"Bohemia Glass, nám. Přem. Otakara II - č. 23, Č. Budějovice
Café Time Music - Muzeum hudby, Karmelitská 2, Praha 1 (www.timemusic.cz)
Kiosek u Jana Žižky, Trocnov"
"3208";"200. výročí narození Vojty Náprstka, 1826-1894";"Česká Republika";"Výroční turistická známka";"";"";"Náprstkovo muzeum, Betlémské nám. 1, Praha 1 (https://www.nm.cz/navstivte-nas/objekty/naprstkovo-muzeum-asijskych-africkych-a-americkych-kultur)
České muzeum hudby, Karmelitská 2, Praha 1 (https://www.nm.cz/navstivte-nas/objekty/ceske-muzeum-hudby)
Prácheňské muzeum v Písku"
"3201";"Podbořany - 450 let Městských práv";"Česká Republika";"Výroční turistická známka";"";"";"Infocentrum, Dukelská 1, Podbořany (https://muzeum-podborany.webnode.cz/)"
"3202";"130 let od narození Willibalda Gattera, 1896–1973";"Česká Republika";"Výroční turistická známka";"";"";"Městské informační centrum, Náměstí Svobody 249, Zákupy (http://www.zakupy.cz/)
Městský úřad, Borská 5, Zákupy"
"3206";"150 let od úmrtí otce národa Františka Palackého, 1798–1876";"Česká Republika";"Výroční turistická známka";"";"";"Infocentrum, Husova 2, Semily (http://www.semily.cz/)
Národní muzeum (obchůdek ve vestibulu) (https://www.nm.cz/navstivte-nas/objekty/muzejni-komplex-narodniho-muzea)
UPoint, Horní náměstí 205/12, Olomouc (http://upoint.upol.cz/)
Památník Františka Palackého a Františka Ladislava Riegra, Praha (https://www.nm.cz/navstivte-nas/objekty/pamatnik-frantiska-palackeho-a-frantiska-ladislava-riegra)"
"3209";"15. výročí otevření ZOO Bošovice, 2011–2026";"Česká Republika";"Výroční turistická známka";"";"";"Papouščí Zoologická zahrada Bošovice - pokladna (papouscizoo.cz)"
"3211";"100 let od narození Arnošta Lustiga, 1926-2011";"Česká Republika";"Výroční turistická známka";"";"";"Arnoldova vila (https://www.arnoldovavila.cz/)
Moravská zemská knihovna - Knihovna Milana Kundery - Brno (https://www.mzk.cz/)"
"3192";"800 let Města Znojmo, 1226-2026";"Česká Republika";"Výroční turistická známka";"";"";"TIC, Obroková ulice 10, Znojmo (https://www.znojemskabeseda.cz/)
TIC, Loucká 25, Znojmo (https://www.znojemskabeseda.cz/)
TIC - Jižní přístupová cesta, Hradní ulice, Znojmo (https://www.znojemskabeseda.cz/)
Radniční věž, Obroková ul., Znojmo (https://www.znojemskabeseda.cz/)"
"3196";"Olympijský festival 2026, České Budějovice";"Česká Republika";"Výroční turistická známka";"";"";"Výstaviště České Budějovice, FUNzóna - stánek města ČB (https://www.olympijskyfestival.cz/cs)"
"3203";"160 let od povýšení na město,  Jablonec nad Nisou (1866-2026)";"Česká Republika";"Výroční turistická známka";"";"";"Infocentrum, Kostelní 1/6, Jablonec nad Nisou (http://www.jablonec.com)
Turisitcké informační centrum v radnici, Mírové náměstí 19, Jablonec nad Nisou (http://www.jablonec.com)"
"3178";"900 let od první písemné zprávy o Kyjově, 1126-2026";"Česká Republika";"Výroční turistická známka";"";"";"Městské informační centrum, Svatoborská 26, Kyjov (http://www.ickyjov.cz/)"
"3149";"JZD Hoštice - Jawa 350 Venci Konopníka, 2026";"Česká Republika";"Výroční turistická známka";"";"";"České muzeum hudby, Karmelitská 2, Praha 1 (https://www.nm.cz/navstivte-nas/objekty/ceske-muzeum-hudby)
Ranč Šimona Pláničky, Hoštice u Volyně
Bohemia Glass, nám. Přem. Otakara II - č. 23, Č. Budějovice"
"3160";"Hurvínkovy 100. narozeniny, 1926-2026";"Česká Republika";"Výroční turistická známka";"";"";"Muzeum, náměstí Krále Jiřího z Poděbrad 493/4, Cheb (http://www.muzeumcheb.cz/)
Pokladna - Divadlo Spejbla a Hurvínka, Dejvická 38, Praha 6 (https://spejbl-hurvinek.cz/)"
"3163";"200 let České kuchařky M. D. Rettigové, 1826-2026";"Česká Republika";"Výroční turistická známka";"";"";"Informační centrum, Masarykovo nám. 26, Přelouč (http://www.kicmp.cz/)
Infocentrum, Staré náměstí 68, Rychnov nad Kněžnou (https://www.rychnovsko.info/)
Infocentrum, Smetanovo náměstí 72, Litomyšl (http://www.ticlitomysl.cz/)
Galerie a muzeum M.D.Rettigové, Všeradice (https://www.vserad.cz/galerie-a-muzeum/)"
"3165";"20 let Švejkových víkendů v ČR, 2006 - 2026";"Česká Republika";"Výroční turistická známka";"";"";"Bohemia Glass, nám. Přem. Otakara II - č. 23, Č. Budějovice
Infocentrum, Masarykovo náměstí 37, Protivín (http://www.muprotivin.cz/)
Hostinec u Miluny, Hoštice u Volyně 58 (https://www.facebook.com/Restaurace-U-Javoru-349137485294927/)
Chata Živec, V Živci 440, Písek (https://chatazivec.cz/)
České muzeum hudby, Karmelitská 2, Praha 1 (https://www.nm.cz/navstivte-nas/objekty/ceske-muzeum-hudby)
Souvenir Milenky šperky, Dům Kultury Metropol České Budějovice - přízemí
Hospůdka U Splavu, Putim 62 (https://www.facebook.com/Hosp%C5%AFdka-U-Splavu-Putim-180621245284939#utm_source=mapy.cz&utm_medium=ppd&utm_content=hledani&utm_te)
Informační centrum, Velké náměstí 113, Písek (http://www.sladovna.cz/)
Potraviny Flop, Hrdějovice
Národní muzeum (obchůdek ve vestibulu) (https://www.nm.cz/navstivte-nas/objekty/muzejni-komplex-narodniho-muzea)"
"3181";"200 let od objevení Mladečských jeskyní, 1826-2026";"Česká Republika";"Výroční turistická známka";"";"";"Mladečské jeskyně - suvenýry (https://www.caves.cz/jeskyne/mladecske-jeskyne)"
"3182";"900. výročí města Jaroměře, 1126-2026";"Česká Republika";"Výroční turistická známka";"";"";"Železniční muzeum, Nádražní 227, Jaroměř (http://www.vytopnajaromer.cz)
Pevnost Josefov (http://www.pevnostjosefov.cz/)
TIC, nám. Československé armády 16, Jaroměř (https://www.jaromer-josefov.cz/)
Městské muzeum - Wenkův obchodní dům, Jaroměř (https://muzeumjaromer.cz/)
Umělecká kolonie Bastion IV, Jaroměř (https://umeleckakoloniejosefov.cz/)"
"3186";"810 let od první písemné zmínky o Příbrami, 1216-2026";"Česká Republika";"Výroční turistická známka";"";"";"Turistické informační centrum města Příbram, Pražská 129 (https://pribram.eu/)"
"3187";"150 let od narození Tomáše Bati, 1876-2026";"Česká Republika";"Výroční turistická známka";"";"";"Památník Tomáše Bati, Zlín (www.pamatnikbata.eu)
Městské informační středisko, náměstí Míru 12, Zlín (http://www.ic-zlin.cz/)
Baťova vila, Gahurova 292, Zlín (https://www.nadacetomasebati.cz/odkaz-bata/batova-vila/)"
"3191";"Ice Magic 2026, výstava ledových soch Praha";"Česká Republika";"Výroční turistická známka";"";"";"ICE MAGIC- pokladna - Westfield Černý Most, Praha (https://icemagic.cz/)"
"3197";"50. výročí Hliníkova přestěhování do Humpolce, 1976-2026";"Česká Republika";"Výroční turistická známka";"";"";"Infocentrum, Havlíčkovo náměstí 91, Humpolec (infohumpolec.cz)"
"3207";"70 let od otevření ZOO Olomouc";"Česká Republika";"Výroční turistická známka";"";"";"ZOO Olomouc, pokladna, suvenýry (http://www.zoo-olomouc.cz/)"
"3188";"28. Silvestrovský výstup na Javořici s Vlastou Javořickou";"Česká Republika";"Výroční turistická známka";"";"";""
"3183";"České Budějovice - evropské hlavní město kultury 2028";"Česká Republika";"Výroční turistická známka";"";"";"Turistické informačním centrum, nám. Přemysla Otakara II., České Budějovice, radnice, vchod č.2 (c-budejovice.cz)
Bohemia Glass, nám. Přem. Otakara II - č. 23, Č. Budějovice
Souvenir Milenky šperky, Dům Kultury Metropol České Budějovice - přízemí
Potraviny Flop, Hrdějovice"
"3166";"13. Podzimní setkání turistů Středočeské oblasti KČT";"Česká Republika";"Výroční turistická známka";"";"";"Heřmaničky, Hostinec U Cmíralů (https://kct.cz/akce/podzimni-setkani-turistu-stredoceske-oblasti-kct-2/)"
"3126";"53. ročník - Turistický sraz - Za posledním puchýřem 2025";"Česká Republika";"Výroční turistická známka";"";"";"Na akci při registraci - Kulturní dům HLUČÍN, https://www.puchyr-hlucin.cz/homepage"
"3161";"130 let  Kostela v Kralupech nad Vltavou";"Česká Republika";"Výroční turistická známka";"";"";"Infocentrum, Palackého náměstí 1, Kralupy nad Vltavou (https://www.kralupynadvltavou.info/)"
"3096";"ITEP 2025 - Veletrh cestovního ruchu Plzeňského kraje";"Česká Republika";"Výroční turistická známka";"";"";"České muzeum hudby, Karmelitská 2, Praha 1 (https://www.nm.cz/navstivte-nas/objekty/ceske-muzeum-hudby)
Bohemia Glass, nám. Přem. Otakara II - č. 23, Č. Budějovice"
"2999";"Podzimní pohledy na Moravskou bránu - 50. ročník - 1975-2025";"Česká Republika";"Výroční turistická známka";"";"";""
"3162";"Otevření Horské chaty Čerchov 2025";"Česká Republika";"Výroční turistická známka";"";"";"Horská chata Čerchov"
"3155";"Slavnostní otevření Domu kultury v Ostrově 2025";"Česká Republika";"Výroční turistická známka";"";"";"Infocentrum Dům kultury, Mírové nám. 733, Ostrov (https://www.dk-ostrov.cz/)"
"3143";"Chata Emil Zátopek - Maraton na Lysé Hoře , 2015-2025";"Česká Republika";"Výroční turistická známka";"";"";"Horská chata Emil Zátopek - MARATON (LYSA-HORA.CZ)"
"3101";"Setkání turistů na Kleti 27.9. a 4.10. 2025";"Česká Republika";"Výroční turistická známka";"";"";"Bohemia Glass, nám. Přem. Otakara II - č. 23, Č. Budějovice"
"3159";"Regionální den železnice Bohumín 2025";"Česká Republika";"Výroční turistická známka";"";"";""
"3148";"20 let Noci vědců v České republice 2025";"Česká Republika";"Výroční turistická známka";"";"";"TIC, třída Míru 60 - Machoňova pasáž - Pardubice (http://www.ipardubice.cz/)
UPoint, Horní náměstí 205/12, Olomouc (http://upoint.upol.cz/)"
"3146";"10 let rozhledny Kelčský Javorník - 2015-2025";"Česká Republika";"Výroční turistická známka";"";"";"Městské informační centrum, Pod Platany 2, Bystřice pod Hostýnem (https://www.bystriceph.cz/)
Obecní úřad, Rajnochovice 144 (https://www.rajnochovice.cz/)
Obecní úřad, Obřanská 145, Chvalčov (https://www.obec-chvalcov.cz/)
Obecní úřad, Vítonice 82 (https://www.vitonice.cz/)
Obecní úřad, Osíčko 56 (https://www.osicko.cz/)
Obecní úřad, Slavkov pod Hostýnem 14 (http://www.slavkov-ph.cz/)"
"3158";"50. Cestami Oktaviána Strádala za opečeným špekáčkem, 1894-2025";"Česká Republika";"Výroční turistická známka";"";"";""
"3179";"Písečná - Vesnice roku České republiky 2025";"Česká Republika";"Výroční turistická známka";"Pardubice";"Pardubický kraj";"Obecní úřad, Písečná 115, Písečná u Žamberka (https://www.pisecnauzamberka.cz/)"
"3097";"Den otevřených dveří a dekorování Znalců České republiky 2025";"Česká Republika";"Výroční turistická známka";"";"";"Návštěvnické centrum Turistických známek, Rýmařov (http://www.turisticke-znamky.cz/)"
"3153";"Fotosoutěž s Maxiznámkami 2025";"Česká Republika";"Výroční turistická známka";"";"";"Pouze pro účastníky fotografické soutěže"
"3119";"Veletrh Sběratel - 5.-6.9.2025";"Česká Republika";"Výroční turistická známka";"";"";"České muzeum hudby, Karmelitská 2, Praha 1 (https://www.nm.cz/navstivte-nas/objekty/ceske-muzeum-hudby)"
"3135";"150 let MHD v Praze, 1875-2025";"Česká Republika";"Výroční turistická známka";"";"";"Muzeum MHD, vozovna Střešovice, Patočkova 4, Praha 6 (https://www.dpp.cz/zabava-a-zazitky/historie-dpp/muzeum-mhd#utm_source=mapy.cz&utm_medium=ppd&utm_campaign=firmy.cz-689776)"
"3151";"Svatojakubské cesty v České republice 2025";"Česká Republika";"Výroční turistická známka";"";"";"Infocentrum, Žižkovo nám. 2, Tábor (https://www.visittabor.eu/)"
"3156";"70 s Pohádkovým králem Václavem V., Vydrou zvaným - 75 s Pohádkovým kancléřem Marcelem Goetzem 2026";"Česká Republika";"Výroční turistická známka";"";"";"Bohemia Glass, nám. Přem. Otakara II - č. 23, Č. Budějovice
České muzeum hudby, Karmelitská 2, Praha 1 (https://www.nm.cz/navstivte-nas/objekty/ceske-muzeum-hudby)
Souvenir Milenky šperky, Dům Kultury Metropol České Budějovice - přízemí
Národní muzeum (obchůdek ve vestibulu) (https://www.nm.cz/navstivte-nas/objekty/muzejni-komplex-narodniho-muzea)
Infocentrum, Zborovská 80, Hluboká nad Vltavou (https://www.hluboka.cz/)
Infocentrum města Rabí, Rabí 57 (https://www.mestorabi.cz/)
Knihkupectví - antikvariát, Hluboká nad Vltavou"
"3147";"Josef Gatter,140. výročí výroby strojů a čerpadel v Kuřívodech – Ralsko, 1885-2025";"Česká Republika";"Výroční turistická známka";"";"";"Informační centrum Ralsko - Kuřivody (https://mestoralsko.cz/turistika/informacni-centrum/)
Muzeum vystěhovalectví do Brazílie, Náhlov 100 (https://new.emigrationmuseum.cz/)"
"3150";"Otevření expozice Ó Odra v muzeu Oderska 2025";"Česká Republika";"Výroční turistická známka";"";"";"Muzeum Oderska, Kostelní 7, Odry (http://muzeumoderska.cz/)"
"3152";"30 let kempu Viking, 1997-2027";"Česká Republika";"Výroční turistická známka";"";"";"Kemp Viking, Na Pískárně, Větřní"
"3144";"Vltava slavná a splavná 2025";"Česká Republika";"Výroční turistická známka";"";"";"Bohemia Glass, nám. Přem. Otakara II - č. 23, Č. Budějovice
České muzeum hudby, Karmelitská 2, Praha 1 (https://www.nm.cz/navstivte-nas/objekty/ceske-muzeum-hudby)
Infocentrum, Zborovská 80, Hluboká nad Vltavou (https://www.hluboka.cz/)
Hrad Zvíkov (hrad-zvikov.cz)
Zámek Orlík nad Vltavou (www.schwarzenberg.cz)
Půjčovna lodí a raftů INGEtour, Vyšší Brod (http://www.ingetour.cz/pujcovna-lodi-raftu?utm_source=mapy.cz&utm_medium=ppd&utm_campaign=firmy.cz-13732470)
Akvárium Orlík
Papírnictví - hračky, Masarykovo nám. 85, Třeboň
Zámecká prodejna suvenýrů - Suvenýry WALLY
Knihkupectví Elim, Velké náměstí 103/8, 39701 Písek
Infocentrum, náměstí Svornosti 2, Český Krumlov (http://www.ckrumlov.cz/)
Občerstvení U Majky, Červená Lhota
Souvenir Milenky šperky, Dům Kultury Metropol České Budějovice - přízemí"
"3145";"Otava tajemná a pohádková 2025";"Česká Republika";"Výroční turistická známka";"";"";"Bohemia Glass, nám. Přem. Otakara II - č. 23, Č. Budějovice
České muzeum hudby, Karmelitská 2, Praha 1 (https://www.nm.cz/navstivte-nas/objekty/ceske-muzeum-hudby)
Knihkupectví Elim, Velké náměstí 103/8, 39701 Písek
Hrad Zvíkov (hrad-zvikov.cz)
Kemp Podskalí, Strakonice
Recepce Pivovaru Platan, Protivín
Infocentrum, Zborovská 80, Hluboká nad Vltavou (https://www.hluboka.cz/)
Muzeum řeky Otavy, Střelské Hoštice (http://www.strelskehostice.cz/fotogalerie/obec/muzeum-reky-otavy-a-voroplavby-35cs.html)
Suvenýry a lahůdkářství Malinová, Strakonice (https://lahudkarstvi.webnode.cz/)"
"3142";"5 let od otevření expozice Země hradů 2020-2025";"Česká Republika";"Výroční turistická známka";"";"";"Informační centrum, Hukvaldy 40 (https://www.ic-hukvaldy.cz/)"
"3133";"5 let od znovuotevření Libušína 2025";"Česká Republika";"Výroční turistická známka";"";"";"Chata Libušín, Pustevny (https://novylibusin.cz/)"
"3139";"Švejkovy víkendy 2025";"Česká Republika";"Výroční turistická známka";"";"";"Chata Živec, V Živci 440, Písek (https://chatazivec.cz/)
Bohemia Glass, nám. Přem. Otakara II - č. 23, Č. Budějovice
České muzeum hudby, Karmelitská 2, Praha 1 (https://www.nm.cz/navstivte-nas/objekty/ceske-muzeum-hudby)
Infocentrum, Masarykovo náměstí 37, Protivín (http://www.muprotivin.cz/)
Hostinec u Miluny, Hoštice u Volyně 58 (https://www.facebook.com/Restaurace-U-Javoru-349137485294927/)
Knihkupectví Elim, Velké náměstí 103/8, 39701 Písek
Recepce Pivovaru Platan, Protivín
Souvenir Milenky šperky, Dům Kultury Metropol České Budějovice - přízemí"
"3125";"Vernisáž stálé výstavy Turistických známek - zámek Světlá nad Sázavou 2025 - Pavel Zabystrzan – Znalec ČR – soukromá sbírka Turistických známek";"Česká Republika";"Výroční turistická známka";"";"";"Zámek Světlá nad Sázavou (http://www.zameksvetla.cz/)"
"3058";"790 let Městyse Vysoký Chlumec";"Česká Republika";"Výroční turistická známka";"";"";"Infocentrum, Vysoký Chlumec 14 (https://www.vysokychlumec.eu/infocentrum/)"
"3081";"Krajský sněm - Kmen dospělých - Jihlava 2025";"Česká Republika";"Výroční turistická známka";"";"";"Prodej na akci"
"3035";"9. Týden pramenů, studánek a kašen, 16. - 22. 6. 2025";"Česká Republika";"Výroční turistická známka";"";"";"Papírnictví - hračky, Masarykovo nám. 85, Třeboň
České muzeum hudby, Karmelitská 2, Praha 1 (https://www.nm.cz/navstivte-nas/objekty/ceske-muzeum-hudby)
Bohemia Glass, nám. Přem. Otakara II - č. 23, Č. Budějovice
Chata Živec, V Živci 440, Písek (https://chatazivec.cz/)"
"3121";"Trocnovské slavnosti 2025 - Válka a vojenství v době Jana Žižky";"Česká Republika";"Výroční turistická známka";"";"";"Památník Jana Žižky z Trocnova, Trocnov (http://www.muzeumcb.cz/)
Na akcích v Infostánku České pohádkové akademie"
"3124";"150 let trati Choceň-Meziměstí-Broumov, 1875-2025";"Česká Republika";"Výroční turistická známka";"";"";"Tip sport, 5. května 113, Meziměstí
Infocentrum, 5. května 113, Meziměstí (www.mezimesti.cz)"
"3123";"770 let od založení Vižňova, 1255-2025";"Česká Republika";"Výroční turistická známka";"";"";"Infocentrum, 5. května 113, Meziměstí (www.mezimesti.cz)"
"3134";"30 let památkové rezervace Dobrovíz, 1995-2025";"Česká Republika";"Výroční turistická známka";"";"";"Obecní úřad Dobrovíz"
"3136";"100 let autobusů v Praze, 1925-2025";"Česká Republika";"Výroční turistická známka";"";"";"Muzeum MHD, vozovna Střešovice, Patočkova 4, Praha 6 (https://www.dpp.cz/zabava-a-zazitky/historie-dpp/muzeum-mhd#utm_source=mapy.cz&utm_medium=ppd&utm_campaign=firmy.cz-689776)"
"3010";"450 let od povýšení České Skalice na město, 1575 - 2025";"Česká Republika";"Výroční turistická známka";"";"";"Muzeum B. Němcové, Maloskalická 47, Česká Skalice (https://www.muzeumbn.cz/)
Informační centrum, Legionářská 33, Česká Skalice (https://www.ceskoskalicko.cz/)"
"3052";"100. výročí Koupaliště Dachova, 1925-2025";"Česká Republika";"Výroční turistická známka";"";"";"Městské muzeum, nám. Jiřího z Poděbrad 160, Hořice (https://muzeum.horice.org/)
Informační centrum, nám. Jiřího z Poděbrad 3, Hořice (https://infocentrum.horice.org/)
Koupaliště Dachova, Hořice (https://tshorice.cz/)"
"3111";"750 let - Městys Cerhovice - 100 let základní školy 2025";"Česká Republika";"Výroční turistická známka";"";"";"Radnice, nám. Kpt. Kučery 10, Cerhovice (www.cerhovice.cz)"
"3104";"Vyzvednutí časové schránky časopisu ABC - 2025";"Česká Republika";"Výroční turistická známka";"";"";""
"3069";"Svět knihy Praha 2025 - 30. mezinárodní knižní veletrh a literární festival";"Česká Republika";"Výroční turistická známka";"";"";"Bohemia Glass, nám. Přem. Otakara II - č. 23, Č. Budějovice"
"3128";"Pražský groš ve městě stříbra - Kutná Hora 2025";"Česká Republika";"Výroční turistická známka";"";"";""
"3131";"Ekokaravan aneb Ochranáři na cestách 2025";"Česká Republika";"Výroční turistická známka";"";"";""
"3110";"750 let obce Veselíčko, 1275–2025";"Česká Republika";"Výroční turistická známka";"";"";"Obecní úřad, Veselíčko 68 (https://obec-veselicko.cz/)"
"3116";"Franziska Sibylla Augusta, 1675–1733";"Česká Republika";"Výroční turistická známka";"";"";"Klášterní areál Ostrov, Klášterní 141 (https://klaster-ostrov.webnode.cz/)"
"3127";"40 let partnerství, Havlíčkův Brod - Brielle, 1985 - 2025";"Česká Republika";"Výroční turistická známka";"";"";"Infocentrum, Havlíčkovo náměstí 87, Havlíčkův Brod (http://mic.muhb.cz/)"
"3122";"19. sešlost sběratelů Turistických známek - Uherské Hradiště 2025";"Česká Republika";"Výroční turistická známka";"";"";""
"3051";"Skryté perly českých hor 2025";"Česká Republika";"Výroční turistická známka";"";"";"Restaurace Vysílač Praděd (https://www.hotelpradedvysilac.cz/)
Návštěvnické centrum Turistických známek, Rýmařov (http://www.turisticke-znamky.cz/)
Rozhledna Pípalka (http://rozhledny.webzdarma.cz/pipalka.htm)
Městské informační centrum, Pod Platany 2, Bystřice pod Hostýnem (https://www.bystriceph.cz/)
Restaurace Poutní dům č. 2, Svatý Hostýn 115
Hrad Bezděz (hrad-bezdez.eu)
Bezručova chata na Lysé hoře (https://www.bezrucova-chata.cz/?lang=cs)
Chata Paprsek (http://www.paprsek.net/)
Informační centrum Louňovice pod Blaníkem, Jana Žižky (https://www.lounovicepodblanikem.cz/urad-info.php)
Chata a kiosek Kozákov (https://www.chata-kozakov.cz/)
Dům přírody Pálavy (https://www.dumprirody.cz/palava/)
TIC, náměstí Osvobození 166, Staré Město p. Sněžníkem (https://www.staremesto.info/)
Kurzova věž Čerchov (http://www.na-rozhledny.cz/cerchov)"
"3071";"765 let města Slavonice, 1260-2025";"Česká Republika";"Výroční turistická známka";"";"";"TIC Slavonice, náměstí Míru 476, Slavonice (i.slavonice-mesto.cz)"
"3105";"Prvomájová parní jízda 2025";"Česká Republika";"Výroční turistická známka";"";"";""
"3118";"700 let od založení - Staré Město pod Sněžníkem, 1325-2025";"Česká Republika";"Výroční turistická známka";"";"";"TIC, náměstí Osvobození 166, Staré Město p. Sněžníkem (https://www.staremesto.info/)"
"3130";"Jeseníky 2025 - YesMan";"Česká Republika";"Výroční turistická známka";"";"";""
"3046";"II. Burza Turistických známek 2025 - Špejchar Ve Dvoře, Spálené Poříčí";"Česká Republika";"Výroční turistická známka";"";"";""
"3056";"25 let Národního parku České Švýcarsko - 35 let Národního parku Saské Švýcarsko";"Česká Republika";"Výroční turistická známka";"";"";"Infocentrum, Jetřichovice (https://www.npcs.cz/informacni-strediska#informacni-centrum-jetrichovice)
Infocentrum Saula, Dolní Chřibská 284 (https://www.ceskesvycarsko.cz/cs/informace/informacni-strediska/saula-dolni-chribska-informacni-centrum)"
"3083";"Olomoucký tvarůžkový festival 2025";"Česká Republika";"Výroční turistická známka";"";"";"Informační centrum Olomouc - radnice (olomouc-tourism.cz)"
"3095";"50. výročí běhu dvojic do bechyňských schodů 2025";"Česká Republika";"Výroční turistická známka";"";"";"Muzeum turistiky Bechyně"
"2847";"Giacomo Casanova - 300 let od narození, 1725 - 2025";"Česká Republika";"Výroční turistická známka";"";"";"Zámek Duchcov (https://www.zamek-duchcov.cz/cs)
Infocentrum, Masarykova 7, Duchcov (http://www.infoduchcov.cz/)"
"3068";"45 let Planetária Ostrava, 1980-2025";"Česká Republika";"Výroční turistická známka";"";"";"Hvězdárana a planetárium, Ostrava (http://planetarium.vsb.cz/)"
"3103";"100 let Zemského hřebčince Tlumačov, 1925-2025";"Česká Republika";"Výroční turistická známka";"";"";"Informační centrum, nám. Komenského 170, Tlumačov (https://www.kurovicky-lom.cz/)
Zemský hřebčinec Tlumačov, Dolní 115 (http://www.hrebcinec-tlumacov.cz/uvod)"
"3108";"760 let města Beroun, 1265-2025";"Česká Republika";"Výroční turistická známka";"";"";"Městské informační centrum, Husovo náměstí 69, Beroun (mkcberoun.cz/mic)"
"3109";"130 let od narození Laty Brandisové a 20 let od založení Jezdeckého klubu Norma";"Česká Republika";"Výroční turistická známka";"";"";"Zámek Řitka (prosím volejte 608 822 314, 603 442 220) (zamekritka.cz)"
"3112";"15 let v UNESCO - Vesnické masopustní obchůzky a masky na Hlinecku, 2010-2025";"Česká Republika";"Výroční turistická známka";"";"";"Turistické informační centrum, Čelakovského - Betlém 561, Hlinsko (http://www.hlinsko.cz/)"
"3055";"25. výročí Nýřanských železničních modelářů, 2000-2025";"Česká Republika";"Výroční turistická známka";"";"";""
"3059";"Holiday World Praha 2025";"Česká Republika";"Výroční turistická známka";"";"";"České muzeum hudby, Karmelitská 2, Praha 1 (https://www.nm.cz/navstivte-nas/objekty/ceske-muzeum-hudby)
Bohemia Glass, nám. Přem. Otakara II - č. 23, Č. Budějovice"
"3088";"200 let od zahájení stavby koněspřežní železnice České Budějovice - Linec, 1825-2025";"Česká Republika";"Výroční turistická známka";"";"";"Muzeum koněspřežní dráhy, Bujanov 31 (https://www.bujanov.cz/)
Infocentrum, Římov (http://www.rimov.cz/)
České muzeum hudby, Karmelitská 2, Praha 1 (https://www.nm.cz/navstivte-nas/objekty/ceske-muzeum-hudby)
Infocentrum, Zborovská 80, Hluboká nad Vltavou (https://www.hluboka.cz/)
Turistické informačním centrum, nám. Přemysla Otakara II., České Budějovice, radnice, vchod č.2 (c-budejovice.cz)
Infocentrum, náměstí J. V. Kamarýta 89, Velešín (www.velesin.cz/)
Bohemia Glass, nám. Přem. Otakara II - č. 23, Č. Budějovice
Muzeum koněspřežky, Mánesova10, České Budějovice (https://www.muzeumcb.cz/navstivte-nas/pobocky/muzeum-konesprezky/)"
"3066";"Dny evropského dědictví, České Budějovice, 12.-14.9.2025";"Česká Republika";"Výroční turistická známka";"";"";"Infocentrum, Zborovská 80, Hluboká nad Vltavou (https://www.hluboka.cz/)
Turistické informačním centrum, nám. Přemysla Otakara II., České Budějovice, radnice, vchod č.2 (c-budejovice.cz)
Bohemia Glass, nám. Přem. Otakara II - č. 23, Č. Budějovice
Souvenir Milenky šperky, Dům Kultury Metropol České Budějovice - přízemí"
"3065";"120. výročí narození Zdeňka Buriana, Štramberk, 1905-2025";"Česká Republika";"Výroční turistická známka";"";"";"Informační centrum, Obránců míru 368, Kopřivnice (https://www.kdk.cz/)
Muzeum Zdeňka Buriana Štramberk (stramberk.cz)"
"3015";"Vodácká Šumava a jižní Čechy 2025";"Česká Republika";"Výroční turistická známka";"";"";"České muzeum hudby, Karmelitská 2, Praha 1 (https://www.nm.cz/navstivte-nas/objekty/ceske-muzeum-hudby)
Infocentrum, Zborovská 80, Hluboká nad Vltavou (https://www.hluboka.cz/)
Kemp Otavský Ráj, Katovice (http://www.katovice.cz/)
Bohemia Glass, nám. Přem. Otakara II - č. 23, Č. Budějovice
Půjčovna lodí a raftů INGEtour, Vyšší Brod (http://www.ingetour.cz/pujcovna-lodi-raftu?utm_source=mapy.cz&utm_medium=ppd&utm_campaign=firmy.cz-13732470)"
"3016";"14. ročník Měsíce věží a rozhleden 2025";"Česká Republika";"Výroční turistická známka";"";"";"Papírnictví - hračky, Masarykovo nám. 85, Třeboň
České muzeum hudby, Karmelitská 2, Praha 1 (https://www.nm.cz/navstivte-nas/objekty/ceske-muzeum-hudby)
Bohemia Glass, nám. Přem. Otakara II - č. 23, Č. Budějovice
Chata Živec, V Živci 440, Písek (https://chatazivec.cz/)"
"3037";"450. výročí od korunovace Rudolfa II. českým králem, 1575 - 2025";"Česká Republika";"Výroční turistická známka";"";"";"Zámek Brandýs nad Labem (brandyszamek.cz)
Infocentrum - Kočárkovna, Plantáž 2480, Brandýs nad Labem (https://www.brandysko.cz/infocentrum-mesta-brandys-nad-labem-stara-boleslav/)"
"3040";"Spálené Poříčí - 100 let od ničivé povodně, 1925-2025";"Česká Republika";"Výroční turistická známka";"";"";"Infocentrum, nám.Svobody 138, Spálené Poříčí (http://www.spaleneporici.cz/)"
"3041";"Spálené Poříčí - 10 let Křižovatkou pohádek, 2015-2025";"Česká Republika";"Výroční turistická známka";"";"";"Infocentrum, nám.Svobody 138, Spálené Poříčí (http://www.spaleneporici.cz/)"
"3047";"700. výročí první písemné zmínky – Klenčí pod Čerchovem, 1325 - 2025";"Česká Republika";"Výroční turistická známka";"";"";"Turistické informační centrum, Klenčí pod Čerchovem (https://www.klenci.cz/)"
"3048";"850. výročí města Nová Bystřice, 1175 - 2025";"Česká Republika";"Výroční turistická známka";"";"";"TIC, Mírové náměstí 54, Nová Bystřice (https://www.novabystrice.cz/)"
"3049";"140 let zpřístupnění Jeskyně Na Špičáku, 1885-2025";"Česká Republika";"Výroční turistická známka";"";"";"Jeskyně Na Špičáku - suvenýry (https://naspicaku.caves.cz/)"
"3063";"Přemysl Pitter - 130 let od narození, 1895-2025, Milíčův dům 1933";"Česká Republika";"Výroční turistická známka";"";"";"IC, Milešovská 846/1, Praha 3 (https://www.praha3.cz/urad/organizacni-struktura/odbor-vnejsich-vztahu-a-kultury/oddeleni-informacniho-centra/upominkove-a-darkove-predmety#g_1193044)"
"3070";"140 let Průhonického parku, 1885 – 2025";"Česká Republika";"Výroční turistická známka";"";"";"Pokladna Průhonického parku, Zámek 1, Průhonice (www.parkpruhonice.cz)"
"3082";"200 let rozhledeny Kleť - 100 let chaty Kleť 2025";"Česká Republika";"Výroční turistická známka";"";"";"Rozhledna Kleť (http://www.klet.com/)"
"3106";"Sloup Nejsvětější Trojice - Olomouc 2025";"Česká Republika";"Výroční turistická známka";"";"";"Informační centrum Olomouc - radnice (olomouc-tourism.cz)"
"3042";"27. Silvestrovský výstup na Javořici s Vlastou Javořickou";"Česká Republika";"Výroční turistická známka";"";"";"Na vrcholu Javořice 31/12/2024"
"3017";"140 let příjezdu prvního vlaku na Moldavu, 1884-2024";"Česká Republika";"Výroční turistická známka";"";"";"Po telefonní dohodě - Zdice, výtopna, muzeum, železniční a silniční technické muzeum (http://www.saxi.cz/)"
"3012";"25. Zvonková setkávání a průvody v ČR";"Česká Republika";"Výroční turistická známka";"";"";"Infocentrum, Zborovská 80, Hluboká nad Vltavou (https://www.hluboka.cz/)
Bohemia Glass, nám. Přem. Otakara II - č. 23, Č. Budějovice
InfoCentrum Poděbrady, nám. T.G.Masaryka 617/32
Hodně dobrá trafika, Rudolfovská 22, České Budějovice
Adventní trh v Českých Budějovicích, stánek ""Zvony - Šeda"""
"3014";"12. Podzimní setkání turistů Středočeské oblasti KČT";"Česká Republika";"Výroční turistická známka";"";"";""
"3013";"Vacov - Vesnice roku České republiky 2024";"Česká Republika";"Výroční turistická známka";"";"";"Obecní úřad Vacov (https://www.vacov.cz/vacov/)"
"3008";"52. ročník pochodu Za posledním puchýřem 2024";"Česká Republika";"Výroční turistická známka";"";"";"Prodej na akci"
"3002";"Regionální den železnice Bohumín 2024";"Česká Republika";"Výroční turistická známka";"";"";""
"2991";"40. ročník Pochodu za Šlojířem";"Česká Republika";"Výroční turistická známka";"";"";"Prodej na akci"
"2994";"Rozhledna Hrádek – Burgsberg Varnsdorf, 1904-2024";"Česká Republika";"Výroční turistická známka";"";"";"IC, Otáhalova 1260, Varnsdorf (http://ic.varnsdorf.cz/)
Vyhlídka Hrádek, Varnsdorf (https://www.regiavdf.cz/hradek-varnsdorf)"
"2899";"50. pochod Krajem kamenů 2024";"Česká Republika";"Výroční turistická známka";"";"";"Prodej na akci"
"3007";"Trampské Pikovice 2024";"Česká Republika";"Výroční turistická známka";"";"";""
"2992";"Den otevřených dveří a dekorování Znalců České republiky 2024";"Česká Republika";"Výroční turistická známka";"";"";"Návštěvnické centrum Turistických známek, Rýmařov (http://www.turisticke-znamky.cz/)"
"3005";"Fotosoutěž s Maxiznámkami 2024";"Česká Republika";"Výroční turistická známka";"";"";"Pouze pro účastníky fotografické soutěže"
"3006";"350. výročí obce Stará Huť, 1624-2024";"Česká Republika";"Výroční turistická známka";"";"";""
"2997";"100. výročí narození Josefa Škvoreckého, 27.9.2024, Náchod";"Česká Republika";"Výroční turistická známka";"";"";"Městské informační centrum, Masarykovo nám. 1, Náchod (https://mestonachod.cz/pro-turistu/infocentrum/)
Městské IC Malé lázně Běloves, U starých lázní 129, Náchod (https://mestonachod.cz/pro-turistu/infocentrum/)"
"3003";"30 let Jižních Čech pohádkových s J. Kerlesem, Z. Troškou, V. Vydrou 1995 - 2025";"Česká Republika";"Výroční turistická známka";"";"";"KIC, náměstí Republiky 46, Nové Hrady (http://www.kicnovehrady.cz/)
Bohemia Glass, nám. Přem. Otakara II - č. 23, Č. Budějovice
České muzeum hudby, Karmelitská 2, Praha 1 (https://www.nm.cz/navstivte-nas/objekty/ceske-muzeum-hudby)
Restaurace U Cvrků, Orlík nad Vltavou - Staré Sedlo
Infocentrum, Zborovská 80, Hluboká nad Vltavou (https://www.hluboka.cz/)
Papírnictví - hračky, Masarykovo nám. 85, Třeboň
Hostinec u Miluny, Hoštice u Volyně 58 (https://www.facebook.com/Restaurace-U-Javoru-349137485294927/)"
"3004";"Ryby a rybičky 2024 – akvaristická burza s dlouholetou tradicí v Čechách";"Česká Republika";"Výroční turistická známka";"";"";""
"3001";"80. výročí Letecké bitvy nad Bílými Karpaty";"Česká Republika";"Výroční turistická známka";"";"";"Infocentrum, Mladotické nábřeží 849, Slavičín (http://www.mesto-slavicin.cz/)
Městské muzeum Slavičín (http://www.mesto-slavicin.cz/)"
"2987";"700 let obce Třebichovice, 1324-2024";"Česká Republika";"Výroční turistická známka";"";"";""
"3000";"20. výročí blahořečení posledního českého krále Karla III.";"Česká Republika";"Výroční turistická známka";"";"";"Selské muzeum Michalův statek, Pohleď 16 (http://www.michaluvstatek.cz/)"
"2989";"Lidová řemesla Kohoutov 2024";"Česká Republika";"Výroční turistická známka";"";"";"Obecní úřad Kohoutov"
"2900";"70. výročí Chodských slavností a Vavřinecké pouti 2024";"Česká Republika";"Výroční turistická známka";"";"";"Infocentrum, Chodské náměstí 96, Domažlice (http://www.idomazlice.cz/)"
"2998";"210 let Slezského zemského muzea v Opavě";"Česká Republika";"Výroční turistická známka";"";"";"Historická výstavní budova, Slezské zemské muzeum, Opava (http://www.szm.cz/)"
"2996";"Aktivní Česko - Aktivní září 2024";"Česká Republika";"Výroční turistická známka";"";"";"České muzeum hudby, Karmelitská 2, Praha 1 (https://www.nm.cz/navstivte-nas/objekty/ceske-muzeum-hudby)
Infocentrum, Zborovská 80, Hluboká nad Vltavou (https://www.hluboka.cz/)
Bohemia Glass, nám. Přem. Otakara II - č. 23, Č. Budějovice"
"2995";"20 let zábavy na Zubštejně";"Česká Republika";"Výroční turistická známka";"";"";""
"2976";"490 let městečka Dambořice, 1534-2024";"Česká Republika";"Výroční turistická známka";"";"";""
"2977";"IX. SFFS Dambořice 2024";"Česká Republika";"Výroční turistická známka";"";"";""
"2993";"Třebsínské zvonění 2024";"Česká Republika";"Výroční turistická známka";"";"";""
"2990";"Vranovská přehrada 90 let, 1934-2024";"Česká Republika";"Výroční turistická známka";"";"";"Infocentrum, Náměstí 47, Vranov nad Dyjí (http://www.navstivtevranovsko.cz/cs/)
Autocamping Vranovská pláž (http://www.vranovska-plaz.cz/)
Vodní elektrárna Vranov nad Dyjí"
"2864";"555 let města Toužim, 1469 - 2024";"Česká Republika";"Výroční turistická známka";"";"";"Infocentrum, nám. Jiřího z Poděbrad 35, Toužim (http://cestazmesta.cz/)
Zámek Toužim (https://www.zivyzamektouzim.cz/)"
"2928";"750 let od vzniku obce Úherce, 1274-2024";"Česká Republika";"Výroční turistická známka";"";"";""
"2937";"130. výročí SDH Veselí, 1894-2024";"Česká Republika";"Výroční turistická známka";"";"";""
"2973";"600 let Polanky nad Odrou, 1424-2024";"Česká Republika";"Výroční turistická známka";"";"";""
"2983";"150. výročí od vysvěcení kostela Nanebevzetí Panny Marie v Rapotíně";"Česká Republika";"Výroční turistická známka";"";"";"Informační centrum, Šumperská 530, Rapotín (https://www.ticrapotin.cz/)"
"2985";"7. národní oldskautské Jamboree";"Česká Republika";"Výroční turistická známka";"";"";""
"2968";"460 let Pivovaru Svijany, 1564 - 2024";"Česká Republika";"Výroční turistická známka";"";"";"Podniková prodejna pivovaru, Svijany (http://www.pivovarsvijany.cz/)"
"2978";"100 let kříže na Rolandově kameni, Karlova Studánka";"Česká Republika";"Výroční turistická známka";"";"";""
"2982";"Areál Monínec 30 let - 2024";"Česká Republika";"Výroční turistická známka";"";"";"Hotel Monínec, Monínec 7, Sedlec (https://leto.moninec.cz/stara-postovna-ze-snezky)"
"2971";"18. sešlost sběratelů Turistických známek - Litoměřice 2024";"Česká Republika";"Výroční turistická známka";"";"";""
"2986";"50 let Kruanových dobrodružství v Ábíčku, 1974-2024";"Česká Republika";"Výroční turistická známka";"";"";""
"2888";"105 let skautingu ve Šlapanicích, 35 let Šlapanické Dvojky, 1919-2024";"Česká Republika";"Výroční turistická známka";"";"";""
"2988";"Švejkovy víkendy 2024";"Česká Republika";"Výroční turistická známka";"";"";"České muzeum hudby, Karmelitská 2, Praha 1 (https://www.nm.cz/navstivte-nas/objekty/ceske-muzeum-hudby)
Bohemia Glass, nám. Přem. Otakara II - č. 23, Č. Budějovice"
"2949";"57. ročník pochod Praha-Prčice 2024";"Česká Republika";"Výroční turistická známka";"";"";""
"2979";"25 let Sdružení cestovního ruchu Jeseníky";"Česká Republika";"Výroční turistická známka";"";"";""
"2984";"Národní skautský památník, 16. květen 2024";"Česká Republika";"Výroční turistická známka";"";"";""
"2941";"50 let Hasičského muzea Bechyně, 1974-2024";"Česká Republika";"Výroční turistická známka";"";"";"Hasičské muzeum Bechyně (https://sdhbechyne.cz/muzeum/)"
"2944";"150. výročí založení SDH Bechyně, 1874-2024";"Česká Republika";"Výroční turistická známka";"";"";"Hasičské muzeum Bechyně (https://sdhbechyne.cz/muzeum/)"
"2898";"135 let turistického značení KČT, 1889-2024";"Česká Republika";"Výroční turistická známka";"";"";""
"2952";"Lužická padesátka 2024";"Česká Republika";"Výroční turistická známka";"";"";""
"2947";"Prvomájová parní jízda 2024";"Česká Republika";"Výroční turistická známka";"";"";""
"2954";"760 let od podepsání zakládací listiny hradu Bezdězu";"Česká Republika";"Výroční turistická známka";"";"";"Hrad Bezděz (hrad-bezdez.eu)"
"2964";"Bílý Kámen, 30. ročník";"Česká Republika";"Výroční turistická známka";"";"";"Kulturní a informační centrum, Zámecké nám. 775, Velká Bystřice (http://www.velkabystrice.cz/)"
"2970";"100. výročí od postavení Pomníku padlým v 1. světové válce, 1924-2024";"Česká Republika";"Výroční turistická známka";"";"";"Restaurace Radniční sklípek, nám. Míru 1, Bochov (https://www.mesto-bochov.cz/)
Hračky - papír - Marcela Macháčková, nám. Míru 304, Bochov
U Zlaté Koule, nám. Míru 42, Bochov
Informační centrum, náměstí Míru 1, Bochov (http://www.mesto-bochov.cz/)"
"2972";"230. výročí úmrtí kancléře Václava Antonína, knížete z Kounic-Rietbergu, 1711-1794";"Česká Republika";"Výroční turistická známka";"";"";"Zámek Slavkov - pokladna (www.slavkov.cz)
Zámek Slavkov - informační centrum (www.slavkov.cz)"
"2974";"200 let od příchodu Rettigové do Rychnova nad Kněžnou";"Česká Republika";"Výroční turistická známka";"";"";"Infocentrum, Staré náměstí 68, Rychnov nad Kněžnou (https://www.rychnovsko.info/)"
"2962";"20 let od vstupu Česka a Polska do Evropské Unie, 2004-2024";"Česká Republika";"Výroční turistická známka";"";"";"Dřevěnky na Borku, Třinec"
"2901";"51. ročník pochodu Za krásami okolí Nedvědice 2024";"Česká Republika";"Výroční turistická známka";"";"";""
"2955";"100 let turistické chaty na Lovoši";"Česká Republika";"Výroční turistická známka";"";"";"Chata Lovoš, Lovosice (http://chatalovos.eu/)"
"2889";"10. sezóna Retroautomuzea ve Strnadicích, 2015-2024";"Česká Republika";"Výroční turistická známka";"";"";"RETROAUTOMUZEUM, Strnadice 27, Vrchotovy Janovice (http://www.retroautomuzeum.com/)"
"2896";"100 let Kostincovy chaty na Krkavci, 1924 - 2024";"Česká Republika";"Výroční turistická známka";"";"";"Rozhledna Krkavec (https://www.krkavec.cz/rozhledna/rozhledna-na-krkavci-u-plzne)"
"2936";"Burza Turistických známek 2024 - Regionální muzeum Litomyšl";"Česká Republika";"Výroční turistická známka";"";"";"Regionální muzeum Litomyšl"
"2855";"Mount Everest 2024 – Po našemu";"Česká Republika";"Výroční turistická známka";"";"";""
"2911";"Mistrovství světa v rýžování zlata 2024, Zlaté Hory";"Česká Republika";"Výroční turistická známka";"";"";"Zlatokopecký skanzen, Zlaté Hory (https://zlatehory.cz/#utm_source=mapy.cz&utm_medium=ppd&utm_content=hledani&utm_term=Zlatokopeck%c3%bd%20skanzen%2c%20Zlat%c3%a9%2)"
"2915";"100 let Muzea Beskyd Frýdek - Místek, 1924 - 2024";"Česká Republika";"Výroční turistická známka";"";"";"Pokladna Frýdeckého zámku, Frýdek-Místek (http://www.muzeumbeskyd.com/uvodni-strana/)"
"2917";"300 let od posvěcení chrámu Navštívení panny Marie v Hejnicích (1725 - 2025)";"Česká Republika";"Výroční turistická známka";"";"";"Klášter Hejnice, recepce (https://klasterhejnice.cz/cs/)
Cukrárna u kostela, Klášterní, Hejnice (https://www.facebook.com/cukrarnaukostela/)"
"2935";"Obnovení historického orloje v České Kamenici 2024";"Česká Republika";"Výroční turistická známka";"";"";"Informační centrum, nám. Míru 122, Česká Kamenice (https://ceska-kamenice.cz/turista/)"
"2940";"770 let města Zábřeh, 1254-2024";"Česká Republika";"Výroční turistická známka";"";"";"Turistické informační centrum, Čs. armády 835/1, Zábřeh (http://tourism.zabreh.cz/)"
"2942";"Šumavské léto s párou 2024";"Česká Republika";"Výroční turistická známka";"";"";"Infocentrum, Zborovská 80, Hluboká nad Vltavou (https://www.hluboka.cz/)
Bohemia Glass, nám. Přem. Otakara II - č. 23, Č. Budějovice
Souvenir Milenky šperky, Dům Kultury Metropol České Budějovice - přízemí"
"2953";"400. výročí návratu Nejmenších bratří do Českých zemí, 1624-2024";"Česká Republika";"Výroční turistická známka";"";"";"Klášter Vranov u Brna (http://www.dc-vranov.cz/)"
"2865";"100 let Krvavého románu a Portmonea Josefa Váchala, 1924 - 2024";"Česká Republika";"Výroční turistická známka";"";"";"Regionální muzeum, Jiráskova 9, Litomyšl"
"2884";"500 let od dostavby Horního zámku v Benešově nad Ploučnicí, 1524-2024";"Česká Republika";"Výroční turistická známka";"";"";"Zámek Benešov nad Ploučnicí, Zámecká 51 (https://zamek-benesov.cz)"
"2918";"100 let Turistické chaty Prachov, 1924 - 2024";"Česká Republika";"Výroční turistická známka";"";"";"Turistická chata Prachov (prachov.cz)"
"2885";"13. ročník Měsíce věží a rozhleden 2024";"Česká Republika";"Výroční turistická známka";"";"";"Bohemia Glass, nám. Přem. Otakara II - č. 23, Č. Budějovice"
"2886";"Vodácká Šumava a jižní Čechy 2024";"Česká Republika";"Výroční turistická známka";"";"";"České muzeum hudby, Karmelitská 2, Praha 1 (https://www.nm.cz/navstivte-nas/objekty/ceske-muzeum-hudby)
Bohemia Glass, nám. Přem. Otakara II - č. 23, Č. Budějovice"
"2894";"160. výročí od narození Eduarda Helda, Zákupy";"Česká Republika";"Výroční turistická známka";"";"";"Městské informační centrum, Náměstí Svobody 249, Zákupy (http://www.zakupy.cz/)
Městský úřad, Borská 5, Zákupy
Eduard Held Muzeum, nám. Svobody 247, Zákupy"
"2904";"50 let pražského metra, 1974-2024";"Česká Republika";"Výroční turistická známka";"";"";"Muzeum MHD, vozovna Střešovice, Patočkova 4, Praha 6 (https://www.dpp.cz/zabava-a-zazitky/historie-dpp/muzeum-mhd#utm_source=mapy.cz&utm_medium=ppd&utm_campaign=firmy.cz-689776)
Funshop - infocentrum DP - zastávka metra: Můstek (www.dpp.cz)
Funshop - infocentrum DP - zastávka metra: Hradčanská (www.dpp.cz)"
"2895";"Obec Kouty - 680 let od první písemné zmínky (1345-2025)";"Česká Republika";"Výroční turistická známka";"";"";"Obecní úřad Kouty, Kouty 50, 290 01 Kouty (https://obec-kouty.cz/)"
"2890";"110 let od narození Bohumila Hrabala, 1914-1997";"Česká Republika";"Výroční turistická známka";"";"";"Lesní ateliér Kuba, Kersko (www.lesniatelierkuba.cz)
Hrabalova chata, Kersko (https://www.polabskemuzeum.cz/mista/chata-bohumila-hrabala-kersko)"
"2902";"150 let pivovaru Velké Popovice";"Česká Republika";"Výroční turistická známka";"";"";"Návštěvnické centrum pivovaru Velké Popovice (https://www.kozel.cz/pivovar)"
"2926";"800 let města Zlaté Hory";"Česká Republika";"Výroční turistická známka";"";"";"Městské informační centrum, Zlaté Hory (zlatehory.cz)"
"2929";"40. výročí od nálezu století, Relikviář sv. Maura";"Česká Republika";"Výroční turistická známka";"";"";"Hrad Bečov (www.zamek-becov.cz)"
"2938";"130 let Muzea středního Pootaví, 1894 - 2024";"Česká Republika";"Výroční turistická známka";"";"";"Muzeum Středního Pootaví, Hradební 50, Strakonice (http://www.muzeum.strakonice.cz/)"
"2934";"100 let od narození Františka Vláčila, 1924-2024";"Česká Republika";"Výroční turistická známka";"";"";"TIC, Hlavní třída 14/1a, Český Těšín, 73701"
"2861";"XVIII. Mezinárodní zimní turistický sraz Sokolov, 8.-11.2.2024";"Česká Republika";"Výroční turistická známka";"";"";""
"2868";"Terrabazar - 35. ročník nejstarší výstavní a prodejní terarijní burzy v Praze";"Česká Republika";"Výroční turistická známka";"";"";"Terrabazar, Horáčkova 1100/14, Praha 4 - Krč (https://terrabazar.cz/)"
"2946";"Jiří Wolker 1900-1924, 100 let od smrti básníka, 2024";"Česká Republika";"Výroční turistická známka";"";"";"Infocentrum, náměstí T.G. Masaryka 12, Prostějov (https://www.prostejov.eu/)
Kavárna Na Kopečku, Sadové náměstí 3/3, Samotišky (https://www.kavarnanakopecku.eu/)"
"2845";"120. výročí Bismarckovy rozhledny na vrchu Háj, 1904 - 2024";"Česká Republika";"Výroční turistická známka";"";"";"Informační centrum, Hlavní 23, Aš (https://www.info-as.cz/)"
"2867";"70 Ivo Jahelka, zpívající právník, 1954 - 2024";"Česká Republika";"Výroční turistická známka";"";"";"České muzeum hudby, Karmelitská 2, Praha 1 (https://www.nm.cz/navstivte-nas/objekty/ceske-muzeum-hudby)
Bohemia Glass, nám. Přem. Otakara II - č. 23, Č. Budějovice
Knihkupectví Elim, Velké náměstí 103/8, 39701 Písek"
"2882";"Ice Magic 2024, výstava ledových soch, Riegrovy sady - Praha";"Česká Republika";"Výroční turistická známka";"";"";"Restaurace Riegrovy sady 28"
"2883";"800 let od první písemné zmínky o Opavě, 1224-2024";"Česká Republika";"Výroční turistická známka";"";"";"Infocentrum, Horní náměstí 67, Opava (https://www.opava-city.cz/)"
"2887";"Tradiční slavnost Porciunkule 2024 - Hostinné";"Česká Republika";"Výroční turistická známka";"";"";"Infocentrum, Náměstí 70, Hostinné (http://www.hostinne.info/#)"
"2891";"800 let města Kravaře, 1224 - 2024";"Česká Republika";"Výroční turistická známka";"";"";"Zámek Kravaře - pokladna (http://www.kravare.cz/)"
"2863";"26. Silvestrovský výstup na Javořici s Vlastou Javořickou";"Česká Republika";"Výroční turistická známka";"";"";""
"2860";"20 let Areálu Skiland - Ostružná,  2004-2024";"Česká Republika";"Výroční turistická známka";"";"";"Expozice hudebních nástrojů areál Skiland, Ostružná (http://www.expoziceh.cz/)"
"2856";"11. Podzimní setkání turistů Středočeské oblasti KČT";"Česká Republika";"Výroční turistická známka";"";"";""
"2830";"51. ročník pochodu Za posledním puchýřem 2023";"Česká Republika";"Výroční turistická známka";"";"";""
"2858";"Azimuty kolem laviček Jaroslava Foglara - Praha, 2023-2024";"Česká Republika";"Výroční turistická známka";"";"";""
"2859";"Po stopách Rychlých šípů v Africe 2023";"Česká Republika";"Výroční turistická známka";"";"";""
"2857";"MEMORIÁL JANA TLESKAČE 2023";"Česká Republika";"Výroční turistická známka";"";"";""
"2850";"10 let panování - Pohádkový král Václav V., Vydra zvaný (2014 - 2024)";"Česká Republika";"Výroční turistická známka";"";"";"Papírnictví - hračky, Masarykovo nám. 85, Třeboň
České muzeum hudby, Karmelitská 2, Praha 1 (https://www.nm.cz/navstivte-nas/objekty/ceske-muzeum-hudby)
Infocentrum, Zborovská 80, Hluboká nad Vltavou (https://www.hluboka.cz/)
Bohemia Glass, nám. Přem. Otakara II - č. 23, Č. Budějovice
Knihkupectví Elim, Velké náměstí 103/8, 39701 Písek
InfoCentrum Poděbrady, nám. T.G.Masaryka 617/32
Souvenir Milenky šperky, Dům Kultury Metropol České Budějovice - přízemí"
"2854";"30 let od založení JCCR a ATIC ČR, 1994-2024";"Česká Republika";"Výroční turistická známka";"";"";"Papírnictví - hračky, Masarykovo nám. 85, Třeboň
Infocentrum, Zborovská 80, Hluboká nad Vltavou (https://www.hluboka.cz/)
Bohemia Glass, nám. Přem. Otakara II - č. 23, Č. Budějovice"
"2848";"Živá exotika 2024";"Česká Republika";"Výroční turistická známka";"";"";"Top Hotel Praha, Blažimská 1781/4, Praha 11: AKCE - Živá exotika"
"2853";"ROMANTICKÝM ŠTĚTCEM MARKO ČERMÁKA 2023";"Česká Republika";"Výroční turistická známka";"";"";""
"2849";"120 let FK Viktoria Žižkov, 1903 - 2023";"Česká Republika";"Výroční turistická známka";"";"";"IC, Milešovská 846/1, Praha 3 (https://www.praha3.cz/urad/organizacni-struktura/odbor-vnejsich-vztahu-a-kultury/oddeleni-informacniho-centra/upominkove-a-darkove-predmety#g_1193044)
Fanshop - Viktoria Žižkov, Seifertova 2871/10, Praha 3 (https://www.fkvz.cz/)"
"2851";"Žatec a krajina žateckého chmele - UNESCO 2023";"Česká Republika";"Výroční turistická známka";"";"";"Infocentrum, náměstí Svobody 149, Žatec (http://www.infozatec.cz/informacni-centrum-zatec/)
Mlsná koza, Dvořákova 22, Žatec (https://www.facebook.com/mlsna.koza.zatec)
IC Chrámu Chmele a Piva, nám. Prokopa Velkého 1951, Žatec (https://www.chchp.cz/)"
"2846";"Kapličky na stříbrné stezce 2023 - Kutná Hora";"Česká Republika";"Výroční turistická známka";"";"";""
"2840";"50 let od ukončení tramvajového provozu v Bohumíně, 1973-2023";"Česká Republika";"Výroční turistická známka";"";"";""
"2841";"Národní den železnice 2023";"Česká Republika";"Výroční turistická známka";"";"";""
"2783";"20. ročník pochodu Po stopách kocoura Mikeše 2023";"Česká Republika";"Výroční turistická známka";"";"";"Turistické informační centrum Mnichovice (https://www.mnichovice.cz/turisticke-a-informacni-centrum/ms-2749/p1=2749)
Prodej na akci"
"2825";"Mělnické vinobraní 2023";"Česká Republika";"Výroční turistická známka";"Mělník";"Středočeský kraj";"Turistické informační centrum, Legionářů 51, Mělník (https://ticmelnik.cz/)"
"2770";"5. ročník turistického pochodu Benešovská rokle 2023";"Česká Republika";"Výroční turistická známka";"";"";"Zámek Benešov nad Ploučnicí, Zámecká 51 (https://zamek-benesov.cz)
Prodej na akci"
"2844";"200 let od narození Bedřicha Smetany, 1824 - 2024";"Česká Republika";"Výroční turistická známka";"";"";"Bohemia Glass, nám. Přem. Otakara II - č. 23, Č. Budějovice
České muzeum hudby, Karmelitská 2, Praha 1 (https://www.nm.cz/navstivte-nas/objekty/ceske-muzeum-hudby)
Infocentrum, Zborovská 80, Hluboká nad Vltavou (https://www.hluboka.cz/)
Zmrzlina u Voslíků, Úsilné
Knihkupectví Elim, Velké náměstí 103/8, 39701 Písek
Papírnictví - hračky, Masarykovo nám. 85, Třeboň
Infocentrum, Smetanovo náměstí 72, Litomyšl (http://www.ticlitomysl.cz/)
Muzeum Bedřicha Smetany, Praha 1 (https://www.nm.cz/navstivte-nas/objekty/muzeum-bedricha-smetany)"
"2834";"17. sešlost sběratelů Turistických známek - Ústí nad Orlicí 2023";"Česká Republika";"Výroční turistická známka";"";"";""
"2824";"Fotosoutěž s Maxiznámkami 2023";"Česká Republika";"Výroční turistická známka";"";"";"Pouze pro účastníky fotografické soutěže"
"2831";"800. výročí obce Horní Slivno, 1223-2023";"Česká Republika";"Výroční turistická známka";"";"";"Obecní úřad Horní Slivno (https://www.hornislivno.cz/)"
"2836";"Den otevřených dveří a dekorování Znalců České republiky 2023";"Česká Republika";"Výroční turistická známka";"";"";"Návštěvnické centrum Turistických známek, Rýmařov (http://www.turisticke-znamky.cz/)"
"2837";"16. ročník Ježíškovy cesty 2023 - Skákoš";"Česká Republika";"Výroční turistická známka";"";"";"Infocentrum, Boží Dar (http://www.bozidar.cz/cs/)"
"2843";"150 let Mattoni, 1873 - 2023";"Česká Republika";"Výroční turistická známka";"";"";"Mattoni muzeum - Kyselka (https://www.mattonimuzeum.cz/)"
"2839";"800 let od založení obce Všechlapy u Nymburka";"Česká Republika";"Výroční turistická známka";"";"";""
"2842";"STOLETÍ JESTŘÁBŮ, 1923 - 2023";"Česká Republika";"Výroční turistická známka";"";"";""
"2835";"Hefaiston 2023";"Česká Republika";"Výroční turistická známka";"";"";""
"2838";"Sto let skautských lesních škol - 1923-2023";"Česká Republika";"Výroční turistická známka";"";"";""
"2816";"Putovní filmový festival COIFF 2023 - Pivovar Janovice u Rýmařova";"Česká Republika";"Výroční turistická známka";"";"";"Zámek Janovice (https://www.zamek-janoviceurymarova.cz/cs)"
"2827";"400 let od úmrtí Šimona Lomnického z Budče, 1552 – 1623";"Česká Republika";"Výroční turistická známka";"";"";"Úřad městyse Ševětín"
"2833";"170 let od narození Leoše Janáčka, 1854 - 1928";"Česká Republika";"Výroční turistická známka";"";"";"Informační centrum, Hukvaldy 40 (https://www.ic-hukvaldy.cz/)
Minipivovar Hukvaldy, Dolní Sklenov 19 (https://www.pivovar-hukvaldy.cz/secure.php)"
"2832";"Mezinárodní setkání legendárních BOBIN 2023";"Česká Republika";"Výroční turistická známka";"";"";""
"2764";"XXI. Slovácký rok v Kyjově 2023";"Česká Republika";"Výroční turistická známka";"";"";"Městské informační centrum, Svatoborská 26, Kyjov (http://www.ickyjov.cz/)
Prodej na akci"
"2811";"5. ročník Festivalu Otakara Ševčíka";"Česká Republika";"Výroční turistická známka";"";"";"Městské muzeum Horažďovice, TIC - zámek (http://www.muzeumhd.cz/)"
"2829";"Setkání 1. oddílu, Pavlovce 2023";"Česká Republika";"Výroční turistická známka";"";"";""
"2828";"Znovuotevření Cimrmanova trafovýčepu 2023";"Česká Republika";"Výroční turistická známka";"";"";"Obecní úřad, Skorkov 32
Obecní hospoda, Skorkov 32"
"2819";"Rychlé šípy a tajemství stínadel 2023";"Česká Republika";"Výroční turistická známka";"";"";"Zámek Chvaly - Horní Počernice (http://www.chvalskyzamek.cz/)"
"2814";"Setkání motorových vozů 810";"Česká Republika";"Výroční turistická známka";"";"";"Na akci - motorový vůz 810 231-1, Event - zážitkový vlak"
"2826";"135 let Chaty Jiřího na Šeráku, 1888 - 2023";"Česká Republika";"Výroční turistická známka";"";"";"Chata Jiřího na Šeráku, Ramzová (www.jeseniky.net/chata-serak)"
"2744";"50. ročník Výstupu na Smrk 2023";"Česká Republika";"Výroční turistická známka";"";"";"Prodej na akci"
"2817";"135. výročí KČT, 1888 - 2023";"Česká Republika";"Výroční turistická známka";"";"";"Na akci - 3. června, Prášily - zahájení oslav (https://kct.cz/)"
"2823";"Svojsíkův závod 2023";"Česká Republika";"Výroční turistická známka";"";"";"Svojsíkův závod 2023"
"2821";"100 let skautingu v Třebíči, 1923 - 2023";"Česká Republika";"Výroční turistická známka";"";"";"TIC Bazilika, Zámek 1, Třebíč (https://www.mkstrebic.cz/turisticka-informacni-centra/)
TIC Zadní synagoga, Subakova 1/44, Třebíč (https://www.mkstrebic.cz/turisticka-informacni-centra/)
TIC Národní dům, Karlovo náměstí 47, Třebíč (stará verze) (https://www.mkstrebic.cz/turisticka-informacni-centra/)"
"2818";"56. ročník pochod Praha - Prčice 2023";"Česká Republika";"Výroční turistická známka";"";"";"Prodej na akci - stánek KČT odbor Praha Prčice"
"2813";"75. výročí povýšení Kopřivnice na město";"Česká Republika";"Výroční turistická známka";"";"";"Informační centrum, Obránců míru 368, Kopřivnice (https://www.kdk.cz/)"
"2822";"Jeseníky 2023 - YesMan";"Česká Republika";"Výroční turistická známka";"";"";""
"2768";"12. ročník Měsíce věží a rozhleden 2023";"Česká Republika";"Výroční turistická známka";"";"";"Infocentrum, Masarykovo náměstí 37, Protivín (http://www.muprotivin.cz/)
Infocentrum, Zborovská 80, Hluboká nad Vltavou (https://www.hluboka.cz/)
Bohemia Glass, nám. Přem. Otakara II - č. 23, Č. Budějovice
Trafika U Jednoty, Zdíkov 234
Knihkupectví Elim, Velké náměstí 103/8, 39701 Písek
InfoCentrum Poděbrady, nám. T.G.Masaryka 617/32"
"2790";"180 let od narození Augusta Sedláčka, 1843-1926";"Česká Republika";"Výroční turistická známka";"";"";"Bohemia Glass, nám. Přem. Otakara II - č. 23, Č. Budějovice
Knihkupectví Elim, Velké náměstí 103/8, 39701 Písek
InfoCentrum Poděbrady, nám. T.G.Masaryka 617/32
Prácheňské muzeum v Písku"
"2784";"Prvomájová parní jízda 2023";"Česká Republika";"Výroční turistická známka";"";"";""
"2810";"150 let od narození Maxe Švabinského, 1873 - 2023";"Česká Republika";"Výroční turistická známka";"";"";"Muzeum Kroměřížska, Kroměříž"
"2812";"100 let výročí chaty Pancíř, 1923 - 2023";"Česká Republika";"Výroční turistická známka";"";"";"Horská chata Pancíř, Železná Ruda (https://www.chatapancir.cz/)
Informační centrum, 1. máje 12, Železná Ruda (http://www.sumavanet.cz/itcruda/)"
"2815";"175. výročí nástupu Františka Josefa I. na trůn v Arcibiskupském paláci Olomouc";"Česká Republika";"Výroční turistická známka";"";"";"Arcibiskupský palác - pokladna (www.ado.cz)"
"2820";"Zpřístupnění Gryspekovské hrobky – Kralovice – 2023";"Česká Republika";"Výroční turistická známka";"";"";"Turistické infocentrum města Kralovice (https://www.icka.cz/ic/turisticke-infocentrum-mesta-kralovice)"
"2788";"50. ročník pochodu Za krásami okolí Nedvědice";"Česká Republika";"Výroční turistická známka";"";"";"Turistické informační centrum, Nedvědice (http://www.pernstejnsko.cz/)"
"2809";"Fošna slávy sběratelů Turistických známek na Křivoklátě 2023";"Česká Republika";"Výroční turistická známka";"";"";"Infocentrum CHKO, nám. Sv. Čecha 82, Křivoklát (http://www.is-krivoklat.cz/)"
"2787";"600 let od husitské bitvy na Gothardě - Hořice, 1423 - 2023";"Česká Republika";"Výroční turistická známka";"";"";"Informační centrum, nám. Jiřího z Poděbrad 3, Hořice (https://infocentrum.horice.org/)"
"2760";"50. ročník Jarní stezky Polabím - Neratovice";"Česká Republika";"Výroční turistická známka";"";"";""
"2781";"150 let Pražsko-duchcovské dráhy, 1873 - 2023";"Česká Republika";"Výroční turistická známka";"";"";"Expozice železničního muzea, Lisovice 7, Zlonice (http://zmzlonice.draha.net/)
Galerie U Plazíka, Jiráskova 37, Peruc (https://www.facebook.com/uplazika/#utm_source=mapy.cz&utm_medium=ppd&utm_content=hledani&utm_term=Galerie%20U%20Plaz%c3%adka%2c%20)"
"2807";"Po stopách československého odboje 2023";"Česká Republika";"Výroční turistická známka";"";"";""
"2802";"190 let od narození Ferenze Hoppa, 1833 - 1919";"Česká Republika";"Výroční turistická známka";"";"";"Infocentrum Fulnek (http://www.ic-fulnek.cz/)"
"2782";"300 let zámku Karlova Koruna, 1723 - 2023";"Česká Republika";"Výroční turistická známka";"";"";"Zámek Karlova Koruna, Chlumec nad Cidlinou (kinsky-dal-borgo.cz)"
"2786";"450 let olomoucké univerzity, 1573–2023";"Česká Republika";"Výroční turistická známka";"";"";"Informační centrum Olomouc - radnice (olomouc-tourism.cz)
Památník F. Palackého, Hodslavice (http://www.muzeumnj.cz/pamatnik-frantiska-palackeho-v-hodslavicich/aktualni-akce-7/)
UPoint, Horní náměstí 205/12, Olomouc (http://upoint.upol.cz/)"
"2791";"250 let kostela sv. Anny na Božím Daru";"Česká Republika";"Výroční turistická známka";"";"";"Infocentrum, Boží Dar (http://www.bozidar.cz/cs/)"
"2792";"Restaurování hradních varhan - Bouzov 2023";"Česká Republika";"Výroční turistická známka";"";"";"Hrad Bouzov - prodejna suvenýrů (http://www.hrad-bouzov.cz/)"
"2772";"Prahou turistickou 2023";"Česká Republika";"Výroční turistická známka";"";"";"Infocentrum, Zborovská 80, Hluboká nad Vltavou (https://www.hluboka.cz/)
Infocentrum, Masarykovo náměstí 37, Protivín (http://www.muprotivin.cz/)
Bohemia Glass, nám. Přem. Otakara II - č. 23, Č. Budějovice
InfoCentrum Poděbrady, nám. T.G.Masaryka 617/32
České muzeum hudby, Karmelitská 2, Praha 1 (https://www.nm.cz/navstivte-nas/objekty/ceske-muzeum-hudby)
Museum Kampa, U Sovových mlýnů 2, Praha (http://www.museumkampa.cz/)
Knihkupectví Elim, Velké náměstí 103/8, 39701 Písek
Kavárna Kopeček, Bubenské nábřeží 306/13, 17000 Praha 7 - Holešovice"
"2773";"100 let od úmrtí Karla Klostermanna, 1848 - 1923";"Česká Republika";"Výroční turistická známka";"";"";"Infocentrum, Masarykovo náměstí 37, Protivín (http://www.muprotivin.cz/)
Infocentrum, Lipno nad Vltavou 87 (http://www.lipno.info/)
Bohemia Glass, nám. Přem. Otakara II - č. 23, Č. Budějovice
Trafika U Jednoty, Zdíkov 234
Knihkupectví Elim, Velké náměstí 103/8, 39701 Písek
InfoCentrum Poděbrady, nám. T.G.Masaryka 617/32"
"2774";"100 let od úmrtí Jaroslava Haška, 1883 - 1923";"Česká Republika";"Výroční turistická známka";"";"";"Bohemia Glass, nám. Přem. Otakara II - č. 23, Č. Budějovice
České muzeum hudby, Karmelitská 2, Praha 1 (https://www.nm.cz/navstivte-nas/objekty/ceske-muzeum-hudby)
Infocentrum, Masarykovo náměstí 37, Protivín (http://www.muprotivin.cz/)
Infocentrum, Zborovská 80, Hluboká nad Vltavou (https://www.hluboka.cz/)
Knihkupectví Elim, Velké náměstí 103/8, 39701 Písek
InfoCentrum Poděbrady, nám. T.G.Masaryka 617/32
Památník Jaroslava Haška, Lipnice nad Sázavou (https://lipnicens.cz/)
Hostinec a penzion U České Koruny, Lipnice nad Sázavou č.p. 55"
"2775";"700 let od založení města Bechyně Janem Lucemburským, 1323 - 2023";"Česká Republika";"Výroční turistická známka";"";"";"Touristinformation, náměstí T. G. M. 5, Bechyně (http://www.visitbechyne.cz/)
Informační centrum, náměstí T. G. M. 140, Bechyně (https://www.kulturnidum.cz/)"
"2780";"105. výročí Rumburské vzpoury, 1918 - 2023";"Česká Republika";"Výroční turistická známka";"";"";"Infocentrum, Lužické nám. 103, Rumburk (https://ic.rumburk.cz/)"
"2779";"60. výročí založení KRNAP, 1963-2023";"Česká Republika";"Výroční turistická známka";"";"";"Infocentrum KRNAP, Pec pod Sněžkou 172 (http://www.krnap.cz/)
Krkonošské Muzeum KRNAP, Kostelní 75, Jilemnice (https://www.krnap.cz/navstevnici/muzea/krkonosske-muzeum-jilemnice/#utm_source=mapy.cz&utm_medium=ppd&utm_campaign=firmy.cz-688268)
Muzeum a infocentrum KRNAP, Paseky nad Jizerou 121 (http://www.krnap.cz/)
Infocentrum Správy KRNAP, Harrachov 442 (https://www.krnap.cz/ic-harrachov/)
Krkonošské Muzeum KRNAP, Vrchlabí 223
Lesnická expozice Šindelka, Harrachov 269 (https://www.krnap.cz/expozice-sindelka-harrachov/)
Infocentrum KRNAP, Špindlerův Mlýn 269 (https://www.krnap.cz/ic-spidleruv-mlyn/)"
"2777";"15. výročí otevření Krokodýlí ZOO v Protivíně, 2008 - 2023";"Česká Republika";"Výroční turistická známka";"";"";"Krokodýlí ZOO Protivín (krokodylizoo.cz)"
"2778";"100 let od narození Zdeňka Sternberga, 1923 - 2023";"Česká Republika";"Výroční turistická známka";"";"";"Hrad Český Šternberk (suvenýry) (http://www.hradceskysternberk.cz/)"
"2776";"100 let Masarykova muzea v Hodoníně, 1923 - 2023";"Česká Republika";"Výroční turistická známka";"Břeclav";"Jihomoravský kraj";"Masarykovo muzeum, Zámecké nám. 27/9, Hodonín (https://www.masaryk.info/)"
"2765";"Vodácká Šumava a jižní Čechy 2023";"Česká Republika";"Výroční turistická známka";"";"";"Infocentrum, Zborovská 80, Hluboká nad Vltavou (https://www.hluboka.cz/)
Bohemia Glass, nám. Přem. Otakara II - č. 23, Č. Budějovice
Infocentrum, Masarykovo náměstí 37, Protivín (http://www.muprotivin.cz/)
InfoCentrum Poděbrady, nám. T.G.Masaryka 617/32
Kemp Otavský Ráj, Katovice (http://www.katovice.cz/)
Knihkupectví Elim, Velké náměstí 103/8, 39701 Písek
Kemp Rožmberk nad Vltavou, Přízeř 38 (http://kemprozmberk.cz/)"
"2766";"70. výročí ZOO Brno, 1953 - 2023";"Česká Republika";"Výroční turistická známka";"";"";"Zoo Brno - pokladna (zoobrno.cz)"
"2769";"160. výročí od narození Ludvíka Kuby, 1863 - 1956";"Česká Republika";"Výroční turistická známka";"";"";"Městské muzeum a galerie Ludvíka Kuby v Březnici"
"2771";"30 let Hornického muzea Landek 1993 – 2023 a 70 let od nálezu Petřkovické (Landecké) venuše na vrchu Landek";"Česká Republika";"Výroční turistická známka";"";"";"Areál LANDEK PARK - Hornické muzeum (https://www.dolnivitkovice.cz/landek-park/)"
"2785";"Zpřístupnění kostela sv. Markéty v Jaroměřicích nad Rokytnou";"Česká Republika";"Výroční turistická známka";"";"";"Kostel sv. Markéty - pokladna"
"2767";"25. Silvestrovský výstup na Javořici s Vlastou Javořickou";"Česká Republika";"Výroční turistická známka";"";"";""
"2763";"10. Podzimní setkání turistů středočeské oblasti KČT, 26. 11. 2022";"Česká Republika";"Výroční turistická známka";"";"";""
"2762";"110 let Klubu českých turistů Rakovník, 1912 - 2022";"Česká Republika";"Výroční turistická známka";"";"";""
"2756";"50. ročník pochodu Za posledním puchýřem 2022";"Česká Republika";"Výroční turistická známka";"";"";""
"2852";"600 let bojů u rybníka Bor, 1423 - 2023";"Česká Republika";"Výroční turistická známka";"";"";""
"2761";"Po stopách Tomáše Garrigua Masaryka v Hodoníně";"Česká Republika";"Výroční turistická známka";"";"";"Infocentrum, Národní třída 36, Hodonín (http://www.hodonin.eu/informacni-centrum-mesta-hodonina/os-15238)
Regionální centrum, Masarykovo nám. 27, Hodonín (https://www.facebook.com/Region%C3%A1ln%C3%AD-centrum-Hodon%C3%ADn)"
"2759";"6. národní oldskautské jamboree 2022";"Česká Republika";"Výroční turistická známka";"";"";""
"2758";"Regionální den železnice Bohumín 2022";"Česká Republika";"Výroční turistická známka";"";"";""
"2743";"XXIV. Karlštejnské vinobraní 2022";"Česká Republika";"Výroční turistická známka";"";"";"Muzeum Betlémů, Karlštejn 11 (http://www.muzeumbetlemu.cz/)
Hotel Karlštejn"
"2755";"16. sešlost sběratelů Turistických známek - Starý Plzenec 2022";"Česká Republika";"Výroční turistická známka";"";"";"Penzion Český Dvůr, Masarykovo náměstí 74, Starý Plzenec (www.ceskydvurplzenec.cz)"
"2748";"19. ročník pochodu Po stopách kocoura Mikeše 2022";"Česká Republika";"Výroční turistická známka";"";"";"Turistické informační centrum Mnichovice (https://www.mnichovice.cz/turisticke-a-informacni-centrum/ms-2749/p1=2749)"
"2644";"700. výročí od připojení města Chebu k zemím Koruny české";"Česká Republika";"Výroční turistická známka";"";"";"Infocentrum, Jateční 2, Cheb (http://www.mestocheb.cz/)"
"2738";"Švejkova neděle v Písku 2022";"Česká Republika";"Výroční turistická známka";"";"";"Bohemia Glass, nám. Přem. Otakara II - č. 23, Č. Budějovice
Restaurace U kohouta, Stará Vráž 92, Vráž - Stará Vráž (https://www.penzion-u-kohouta.cz/)"
"2749";"Den otevřených dveří a dekorování Znalců České republiky 2022";"Česká Republika";"Výroční turistická známka";"";"";"Návštěvnické centrum Turistických známek, Rýmařov (http://www.turisticke-znamky.cz/)"
"2757";"Fotosoutěž s Maxiznámkami 2022";"Česká Republika";"Výroční turistická známka";"";"";"Pouze pro účastníky fotografické soutěže"
"2706";"120 let od narození Plk. Františka Nováka - král vzduchu, 1902 - 2022";"Česká Republika";"Výroční turistická známka";"";"";"Obecní úřad Sokoleč, Poděbradská 51, Sokoleč (https://www.sokolec.cz/)"
"2752";"Hefaiston 2022";"Česká Republika";"Výroční turistická známka";"";"";""
"2745";"Instalace unikátní dřevořezby Zlatá Stezka 2022";"Česká Republika";"Výroční turistická známka";"";"";"Infocentrum, Horní Vltavice 119 (https://www.hornivltavice.cz/ouhornivltavice/)"
"2753";"Otevření nové expozice Dany a Emila Zátopkových 2022";"Česká Republika";"Výroční turistická známka";"";"";"Lašské muzeum, Štefánikova 8, Kopřivnice (https://www.tatramuseum.cz/stranka/lasske-muzeum.html)"
"2675";"120 let radnice Ostrava - Vítkovice, 1902 - 2022";"Česká Republika";"Výroční turistická známka";"";"";"Infocentrum Elektra, Jurečkova 1935/12, Ostrava (https://www.ostravainfo.cz/cz/info/infocentra/8560-infocentrum-elektra.html)
Infocentrum Přívoz, Nádražní 164/215, Ostrava (https://www.ostravainfo.cz/cz/info/infocentra/8564-infocentrum-privoz.html)
Infocentrum Svinov, Peterkova 1152/14, Ostrava (https://www.ostravainfo.cz/cz/info/infocentra/8565-infocentrum-svinov.html)
Statutární město Ostrava, Úřad městského obvodu Vítkovice"
"2750";"Johann Gregor Mendel 1822 – 2022";"Česká Republika";"Výroční turistická známka";"";"";"Rodný dům J.G.Mendela Vražné-Hynčice (https://www.mendel-rodnydum.vrazne.cz/)"
"2689";"10 let Stezky korunami stromů Lipno 2012 - 2022";"Česká Republika";"Výroční turistická známka";"";"";"Stezka korunami stromů, Lipno (https://www.stezkakorunamistromu.cz/)"
"2719";"Letní turistický sraz Olomouc 2022";"Česká Republika";"Výroční turistická známka";"";"";"Prodej na akci - Skautský dům, Olomouc - Holice"
"2691";"Oslavy 120 let trati Tanvald – Kořenov Szklarska Poreba, 1902 - 2022";"Česká Republika";"Výroční turistická známka";"";"";"Při jízdách zvláštních vlaků, muzeum Kořenov (http://www.zubacka.cz/)"
"2747";"Šumavské léto s párou 2022";"Česká Republika";"Výroční turistická známka";"";"";"Infocentrum, Masarykovo náměstí 37, Protivín (http://www.muprotivin.cz/)
Infocentrum, Zborovská 80, Hluboká nad Vltavou (https://www.hluboka.cz/)
Bohemia Glass, nám. Přem. Otakara II - č. 23, Č. Budějovice
Na akcích České pohádkové akademie - ve vláčcích od 1. - 19. 7. 2022"
"2672";"50 let od založení Muzea loutkářských kultur v Chrudimi, 1972 - 2022";"Česká Republika";"Výroční turistická známka";"";"";"Muzeum loutkářských kultur, Chrudim (puppets.cz)"
"2695";"650 let obce Mařenice, 1372 - 2022";"Česká Republika";"Výroční turistická známka";"";"";"Obecní úřad Mařenice (www.OBECMARENICE.CZ)"
"2723";"90. výročí ZŠ v Odrách, 1932 - 2022";"Česká Republika";"Výroční turistická známka";"";"";"Informační centrum, Masarykovo náměstí 25, Odry (http://www.odry.cz/)
ZŠ Odry"
"2724";"30. ročník festivalu hudebních dechových orchestrů FEDO – Štětí 2022";"Česká Republika";"Výroční turistická známka";"";"";"Infocentrum, Obchodní 547, Štětí (https://www.steti.cz/content/view/1383/333/)"
"2730";"800 let obce Kněžice, 1222 - 2022";"Česká Republika";"Výroční turistická známka";"";"";"Obecní úřad a zámecká restaurace Kněžice"
"2687";"Dálkový a turistický pochod z Chvalkovic do Chvalkovic 2022";"Česká Republika";"Výroční turistická známka";"";"";"Prodej v cíli akce, Chvalkovice"
"2728";"Motosraz FOE - 28. ročník - 2022";"Česká Republika";"Výroční turistická známka";"";"";"AUTOCAMP Jinolice (http://www.motosrazfoe.cz/kontakt-foe)"
"2732";"50 let CHKO Český kras, 1972 - 2022";"Česká Republika";"Výroční turistická známka";"";"";"Muzeum Českého Krasu, Husovo náměstí 87, Beroun (muzeum-beroun.cz)"
"2729";"Centrum Bernard 2022";"Česká Republika";"Výroční turistická známka";"";"";"Podniková prodejna Pivovaru Bernard, Humpolec (http://www.bernard.cz/)"
"2746";"Slovanská epopej Alfonse Muchy, Moravský Krumlov, 2021 - 2026";"Česká Republika";"Výroční turistická známka";"";"";"Zámek Moravský Krumlov (http://www.mkrumlov.cz/pamatky-mesta.html)"
"2741";"Jeseníky 2022 - YesMan";"Česká Republika";"Výroční turistická známka";"";"";""
"2731";"765 let od první písemné zmínky - Kounice, 1257 - 2022";"Česká Republika";"Výroční turistická známka";"";"";"Obecní úřad Kounice (www.kounice.cz)"
"2685";"90 let ZŠ Františka Palackého Hodslavice";"Česká Republika";"Výroční turistická známka";"";"";"ZŠ a MŠ Hodslavice 300 (www.zshodslavice.cz)"
"2727";"Kaplička Sv. Huberta, Staré Město pod Landštejnem, 2020 - 2022";"Česká Republika";"Výroční turistická známka";"";"";"Vrchol Uhliště, Kaplička sv. Huberta - prodej na akci"
"2737";"55. ročník pochod Praha - Prčice 2022";"Česká Republika";"Výroční turistická známka";"";"";"Prodej na akci - stánek KČT odbor Praha Prčice"
"2735";"800 let od první písemné zmínky města Rousínov, 1222 - 2022";"Česká Republika";"Výroční turistická známka";"";"";"Městský úřad Rousínov - podatelna (http://www.rousinov.cz/)
Restaurace Záložna, Sušilovo náměstí 2/6, Rousínov (http://www.zaloznarousinov.cz/)
Restaurace Pod Radnicí, Sušilovo nám. 67, Rousínov (https://www.restaurace-podradnici.cz/)"
"2694";"25. výročí založení muzea obce Kobylí, 1997 - 2022";"Česká Republika";"Výroční turistická známka";"";"";"Muzeum obce, Kobylí 135 (http://www.kobyli.cz/)"
"2690";"140 let odbočné trati Zlonice – Hospozín, 1882 - 2022";"Česká Republika";"Výroční turistická známka";"";"";"Expozice železničního muzea, Lisovice 7, Zlonice (http://zmzlonice.draha.net/)
Podřipská lokálka - provoz o víkendech"
"2720";"Po stopách hrabat Paarů - zámek Budišov, 1722 - 2022";"Česká Republika";"Výroční turistická známka";"";"";"Zámek Budišov (http://www.mzm.cz/zamek-budisov/)"
"2721";"20 let Podorlického skanzenu v Krňovicích 2002 - 2022";"Česká Republika";"Výroční turistická známka";"";"";"Podorlický skanzen, Krňovice (http://www.krnovice.cz/)"
"2722";"20 let od otevření Černé věže Drahanovice, 2002 - 2022";"Česká Republika";"Výroční turistická známka";"";"";"Černá věž Drahanovice (http://www.cernavez.cz/)"
"2725";"Markrabě Moravský Vladislav Jindřich – 800 let od úmrtí, 1222 - 2022";"Česká Republika";"Výroční turistická známka";"";"";"Turistické centrum Velehrad, Salašská 328, Velehrad (https://www.velehrad.cz/)"
"2667";"75. výročí startu 1. cesty Hanzelky a Zikmunda 1947 – 2022";"Česká Republika";"Výroční turistická známka";"";"";"Muzeum jihovýchodní Moravy, Vavrečkova 7040, Zlín (http://www.muzeum-zlin.cz/cs/)"
"2579";"Znovuotevření Paláce šlechtičen - Moravské zemské muzeum 2021";"Česká Republika";"Výroční turistická známka";"";"";"Palác Šlechtičen, Kobližná 1, Brno (http://www.mzm.cz/)"
"2688";"10 let Parku Mirakulum Milovice, 2012 - 2022";"Česká Republika";"Výroční turistická známka";"";"";"Zábavně-naučný park Mirakulum, Milovice (mirakulum.cz)"
"2668";"100 let Národního sadu ve Štramberku, 1922 - 2022";"Česká Republika";"Výroční turistická známka";"";"";"Městské informační centrum, Štramberk (stramberk.cz)"
"2664";"10. výročí Včelího světa v Hulicích";"Česká Republika";"Výroční turistická známka";"Benešov";"Středočeský kraj";"Včelí svět, Hulice 55 (http://www.vcelisvet.cz/)"
"2666";"Josef Eduard Proche – 200 let od narození – 1822 - 1908";"Česká Republika";"Výroční turistická známka";"";"";"Zámek Sloupno (www.sloupno.cz)
Informační středisko, Husova 1370, Nový Bydžov"
"2679";"85. výročí otevření Letiště Praha";"Česká Republika";"Výroční turistická známka";"";"";"Terminál 2 - Souvenir shop, Letiště Václava Havla - K letišti 1073/25, Praha 6 (www.prg.aero)"
"2683";"Unikátní expozice Řádu maltézských rytířů, dud a motocyklů ČZ - Strakonice 2022";"Česká Republika";"Výroční turistická známka";"";"";"Městské informační centrum, Zámek 1, Strakonice (http://www.strakonice.eu/)"
"2692";"15. ročník Ježíškovy cesty 2022 - Mrakor";"Česká Republika";"Výroční turistická známka";"";"";"Infocentrum, Boží Dar (http://www.bozidar.cz/cs/)"
"2693";"280 let zámku Nová Horka, 1742 - 2022";"Česká Republika";"Výroční turistická známka";"";"";"Zámek Nová Horka (https://www.muzeumnj.cz/zamek-nova-horka/aktualni-informace/)"
"2707";"100 let od otevření naučné stezky J. G. Jarkovského 2022";"Česká Republika";"Výroční turistická známka";"";"";"TIC, Palackého nám. 29, Kostelec nad Orlicí (https://www.rtic.cz/)"
"2663";"50 let Chráněné krajinné oblasti Labské pískovce (1972 - 2022)";"Česká Republika";"Výroční turistická známka";"";"";"Infocentrum, Jetřichovice (https://www.npcs.cz/informacni-strediska#informacni-centrum-jetrichovice)
Infocentrum Saula, Dolní Chřibská 284 (https://www.ceskesvycarsko.cz/cs/informace/informacni-strediska/saula-dolni-chribska-informacni-centrum)"
"2665";"2022 - 22 let medvědů v Berouně";"Česká Republika";"Výroční turistická známka";"";"";"Městské informační centrum, Husovo náměstí 69, Beroun (mkcberoun.cz/mic)
Bistro na Městské hoře, Beroun"
"2674";"11. ročník Měsíce věží a rozhleden 2022";"Česká Republika";"Výroční turistická známka";"";"";"Infocentrum, Masarykovo náměstí 37, Protivín (http://www.muprotivin.cz/)
Infocentrum, Zborovská 80, Hluboká nad Vltavou (https://www.hluboka.cz/)
Bohemia Glass, nám. Přem. Otakara II - č. 23, Č. Budějovice
Galerie F.R.Dragouna, Jungmannova 186, Písek (https://www.galeriedragoun.cz/)"
"2684";"40 let strakonické Moai s Pavlem Pavlem";"Česká Republika";"Výroční turistická známka";"";"";"Infocentrum, Masarykovo náměstí 37, Protivín (http://www.muprotivin.cz/)
Infocentrum, Zborovská 80, Hluboká nad Vltavou (https://www.hluboka.cz/)
Bohemia Glass, nám. Přem. Otakara II - č. 23, Č. Budějovice
Restaurace U kohouta, Stará Vráž 92, Vráž - Stará Vráž (https://www.penzion-u-kohouta.cz/)
Galerie F.R.Dragouna, Jungmannova 186, Písek (https://www.galeriedragoun.cz/)"
"2678";"100 let od návštěvy T. G. Masaryka v Semilech, 1922 - 2022";"Česká Republika";"Výroční turistická známka";"";"";"Infocentrum, Husova 2, Semily (http://www.semily.cz/)"
"2559";"200 let od narození J. G. Mendela, 1822 - 2022";"Česká Republika";"Výroční turistická známka";"";"";"Dietrichsteinský palác, Zelný trh 8, Brno (http://www.mzm.cz/)"
"2670";"20 let Hasičského muzea v Oslavanech, 2002 - 2022";"Česká Republika";"Výroční turistická známka";"";"";"Hasičské muzeum Oslavany (https://cs-cz.facebook.com/pages/category/History-Museum/Hasi%C4%8Dsk%C3%A9-muzeum-Oslavany-946531185412346/)"
"2671";"Božena Kamenická - Lidová léčitelka Radnice - 25 let od úmrtí";"Česká Republika";"Výroční turistická známka";"";"";"Infocentrum a muzeum, Radnice (muzeumradnice.cz)"
"2673";"Vodácká Šumava a jižní Čechy 2022";"Česká Republika";"Výroční turistická známka";"";"";"Infocentrum, Masarykovo náměstí 37, Protivín (http://www.muprotivin.cz/)
Infocentrum, Zborovská 80, Hluboká nad Vltavou (https://www.hluboka.cz/)
Kemp Otavský Ráj, Katovice (http://www.katovice.cz/)
Bohemia Glass, nám. Přem. Otakara II - č. 23, Č. Budějovice
Kemp Koruna, Zlatá Koruna 151"
"2676";"70 let Střední zemědělské technické školy Bystřice nad Pernštejnem";"Česká Republika";"Výroční turistická známka";"";"";"TIC, Masarykovo nám. 1, Bystřice nad Pernštejnem (https://info.bystricenp.cz/)"
"2677";"100. výročí narození Emila Zátopka, 1922 - 2022";"Česká Republika";"Výroční turistická známka";"";"";"Informační centrum, Hukvaldy 40 (https://www.ic-hukvaldy.cz/)
Informační centrum, Obránců míru 368, Kopřivnice (https://www.kdk.cz/)"
"2680";"20 let Skanzenu Vysoký Chlumec 2002 - 2022";"Česká Republika";"Výroční turistická známka";"";"";""
"2681";"70 let městyse Karlštejn, 1952 - 2022";"Česká Republika";"Výroční turistická známka";"";"";"Muzeum Betlémů, Karlštejn 11 (http://www.muzeumbetlemu.cz/)
Hotel Karlštejn"
"2686";"Svatojakubské cesty v České republice 2022";"Česká Republika";"Výroční turistická známka";"";"";"Touristinformation, náměstí T. G. M. 5, Bechyně (http://www.visitbechyne.cz/)
Svatohorské poutní muzeum a prodejna - Svatá Hora (svata-hora.cz)
Infocentrum, Žižkovo nám. 2, Tábor (https://www.visittabor.eu/)
Infocentrum, Zborovská 80, Hluboká nad Vltavou (https://www.hluboka.cz/)
Informační centrum, náměstí T. G. M. 140, Bechyně (https://www.kulturnidum.cz/)
Bohemia Glass, nám. Přem. Otakara II - č. 23, Č. Budějovice
Svatohorská kavárna, Svatá Hora nad Příbramí (https://www.facebook.com/Svatohorsk%C3%A1-Kav%C3%A1rna-116132572270247#utm_source=mapy.cz&utm_medium=ppd&utm_content=hledani&utm_t)
Restaurace U kohouta, Stará Vráž 92, Vráž - Stará Vráž (https://www.penzion-u-kohouta.cz/)"
"2669";"240. výročí narození Josefa Božka";"Česká Republika";"Výroční turistická známka";"";"";"Muzeum Těšínska, Český Těšín, Hlavní třída (http://www.muzeumct.cz/)"
"2656";"100 let Botanické zahrady PřF MU Brno";"Česká Republika";"Výroční turistická známka";"Brno-město";"Jihomoravský kraj";"Botanická zahrada- skleník, Kotlářská 2, Brno (http://www.sci.muni.cz/bot_zahr/)"
"2662";"Rok Lyžařů, Nové Město na Moravě 2022";"Česká Republika";"Výroční turistická známka";"";"";"Horácké muzeum - informační centrum, Vratislavovo náměstí 114, Nové Město na Moravě (https://hm.nmnm.cz/)"
"2654";"50 let výročí lanové dráhy Pancíř";"Česká Republika";"Výroční turistická známka";"";"";"Informační centrum, 1. máje 12, Železná Ruda (http://www.sumavanet.cz/itcruda/)"
"2661";"24. Silvestrovský výstup na Javořici s Vlastou Javořickou";"Česká Republika";"Výroční turistická známka";"";"";""
"2659";"9. Podzimní setkání turistů Středočeské oblasti KČT";"Česká Republika";"Výroční turistická známka";"";"";""
"2657";"Slavnostní otevření Pluhovských domů s expozicí Relikviáře sv. Maura";"Česká Republika";"Výroční turistická známka";"";"";"Hrad Bečov (www.zamek-becov.cz)"
"2651";"Za posledním puchýřem 2021";"Česká Republika";"Výroční turistická známka";"";"";""
"2652";"100 let KČT v Telči";"Česká Republika";"Výroční turistická známka";"";"";"Rozhledna Oslednice, Telč (kcttelc.cz)"
"2653";"50 ročníků dálkových pochodů Vysočinou k Telči";"Česká Republika";"Výroční turistická známka";"";"";"Rozhledna Oslednice, Telč (kcttelc.cz)"
"2649";"200 let Priessnitzových lázní, 1822 – 2022";"Česká Republika";"Výroční turistická známka";"";"";"Lázeňské informační centrum, Priessnitzova 1349, Jeseník (http://www.priessnitz.cz)
IC Katovna, Palackého 12, Jeseník (http://www.jesenik.org/ic)
Lázeňský dům Priessnitz"
"2650";"140 let trati Studénka - Štramberk, 1881 - 2021";"Česká Republika";"Výroční turistická známka";"";"";""
"2643";"110. výročí zahájení výstavby slezskoostravské radnice";"Česká Republika";"Výroční turistická známka";"";"";"Slezskoostravská galerie, Těšínská 35, Slezská Ostrava (https://slezska.ostrava.cz/cs)"
"2648";"Krajem Bohumila Konečného 2021";"Česká Republika";"Výroční turistická známka";"";"";""
"2563";"10. ročník Měsíce věží a rozhleden 2021";"Česká Republika";"Výroční turistická známka";"";"";"Infocentrum, Masarykovo náměstí 37, Protivín (http://www.muprotivin.cz/)
Infocentrum, Zborovská 80, Hluboká nad Vltavou (https://www.hluboka.cz/)
Galerie F.R.Dragouna, Jungmannova 186, Písek (https://www.galeriedragoun.cz/)"
"2646";"100 let divadelní budovy ve Vysokém nad Jizerou, 1925 - 2025";"Česká Republika";"Výroční turistická známka";"";"";"Vlastivědné muzeum, Dr. Karla Farského 130, Vysoké nad Jizerou (https://www.vysokenadjizerou.cz/vlastivedne-muzeum/os-1002/p1=1061)
Turistické infocentrum - Městská knihovna, Vysoké nad Jizerou (http://www.vysokenadjizerou.cz/)
Divadlo Krakonoš, Vysoké nad Jizerou (https://ds-krakonos.cz/)"
"2647";"600. výročí bitvy Na Vladaři, 1421 - 2021";"Česká Republika";"Výroční turistická známka";"";"";"Infocentrum a knihovna, Velké náměstí 137, Žlutice (http://www.zlutice.cz/)"
"2558";"1100 let od smrti sv. Ludmily, 921 - 2021";"Česká Republika";"Výroční turistická známka";"";"";"Muzeum, Tetín (https://www.muzeumtetin.cz/muzeum/muzeum/)
Obecní úřad, Tetín (http://www.tetin.cz/)"
"2627";"330 let od založení Desné v Jizerských horách";"Česká Republika";"Výroční turistická známka";"";"";"Riedelova Vila, Krkonošská 120, Desná v Jizerských horách (https://mesto-desna.cz/)"
"2582";"70. výročí Vlaku Svobody, 1951 - 2021";"Česká Republika";"Výroční turistická známka";"";"";"Informační centrum, Hlavní 23, Aš (https://www.info-as.cz/)"
"2645";"120. výročí založení a 30. výročí obnovy městského muzea v Rýmařově 2021";"Česká Republika";"Výroční turistická známka";"";"";"Informační centrum Rýmařov (https://www.inforymarov.cz/cz/)"
"2635";"90 let od zahájení provozu - Letiště Karlovy Vary";"Česká Republika";"Výroční turistická známka";"Karlovy Vary";"Karlovarský kraj";"Letiště Karlovy Vary (https://www.airport-k-vary.cz/cs/)"
"2655";"Pražské inspirace Jaroslava Foglara - Město jako přízrak, 2021 - 2022";"Česká Republika";"Výroční turistická známka";"";"";"Dům U Zlatého prstenu, Týnská 6, Praha (http://www.muzeumprahy.cz/dum-u-zlateho-prstenu/)"
"2638";"50 let T.O. Venturer rovers - Jelení Vrchy, 1972 - 2022";"Česká Republika";"Výroční turistická známka";"";"";"Hájovna u Sv. Huberta, Hradec u Světlé nad Sázavou 53"
"2640";"Milénium olomouckých Přemyslovců";"Česká Republika";"Výroční turistická známka";"";"";"Informační centrum Olomouc - radnice (olomouc-tourism.cz)"
"2641";"Fotosoutěž s Maxiznámkami 2021";"Česká Republika";"Výroční turistická známka";"";"";"Pouze pro účastníky fotografické soutěže"
"2624";"Motolužany 2021";"Česká Republika";"Výroční turistická známka";"";"";"Autocamp Lužany (http://motoluzany.cz/)"
"2630";"15. sešlost sběratelů Turistických známek - Zbořený Kostelec 2021";"Česká Republika";"Výroční turistická známka";"";"";""
"2634";"Nová rozhledna Žaltman od 24. 9. 2020";"Česká Republika";"Výroční turistická známka";"";"";"Muzeum bratří Čapků, Malé Svatoňovice (https://www.malesvatonovice.cz/muzeum/)"
"2562";"70ka s Pohádkovým kancléřem Marcelem Goetzem - 23.8.2021";"Česká Republika";"Výroční turistická známka";"";"";"Infocentrum, Masarykovo náměstí 37, Protivín (http://www.muprotivin.cz/)
Infocentrum, Zborovská 80, Hluboká nad Vltavou (https://www.hluboka.cz/)
Restaurace U kohouta, Stará Vráž 92, Vráž - Stará Vráž (https://www.penzion-u-kohouta.cz/)
Galerie F.R.Dragouna, Jungmannova 186, Písek (https://www.galeriedragoun.cz/)"
"2581";"660 let obce Liptál, 1361 - 2021";"Česká Republika";"Výroční turistická známka";"";"";"Obecní úřad Liptál (https://www.liptal.cz/index.php?page=historie&sub=obec)
Informační centrum Liptál"
"2622";"ZVONICE DŘEVOHOSTICE - ŽEHNÁNÍ ZVONŮ MARIA A SV. HAVEL";"Česká Republika";"Výroční turistická známka";"";"";"Zámek Dřevohostice - Infocentrum (https://www.drevohostice.cz/zamek-drevohostice)
Zvonice Dřevohostice - při akci (https://www.drevohostice.cz/zamek-drevohostice)"
"2632";"Domašov u Šternberka - 800 let";"Česká Republika";"Výroční turistická známka";"Olomouc";"Olomoucký kraj";"Obecní úřad Domašov u Šternberka (https://www.domasovusternberka.cz/)"
"2637";"40 let pohádky S čerty nejsou žerty, 1984 - 2024";"Česká Republika";"Výroční turistická známka";"";"";"Hrad Rotštejn (http://www.hradrotstejn.info/)"
"2639";"150. výročí povýšení Aše na město";"Česká Republika";"Výroční turistická známka";"";"";"Informační centrum, Hlavní 23, Aš (https://www.info-as.cz/)"
"2633";"15 let Arboreta Makču Pikču";"Česká Republika";"Výroční turistická známka";"";"";"Arboretum Paseka (http://arboretumpaseka.cz/)"
"2596";"Obnova poutního místa svatého Prokopa - Sázava 2021";"Česká Republika";"Výroční turistická známka";"";"";"Kostel sv. Prokopa, Sázava (https://www.svprokop-sazava.cz/)"
"2625";"14. ročník Ježíškovy cesty 2021 - Poštísko";"Česká Republika";"Výroční turistická známka";"";"";"Infocentrum, Boží Dar (http://www.bozidar.cz/cs/)"
"2629";"Harant a jeho Pecka, 1621 - 1921 - 2021";"Česká Republika";"Výroční turistická známka";"";"";"Hrad Pecka (https://www.hradpecka.cz/)"
"2631";"5 let v České republice - Film legends museum, 2016 - 2021";"Česká Republika";"Výroční turistická známka";"";"";"Film legends museum, Jiřího náměstí 36, Poděbrady (https://filmlegendsmuzeum.cz/)
Film legends museum, Sokolovská 1207/226, Praha (https://filmlegendsmuzeum.cz/)
Film legends museum, Kotojedy 76, Kroměříž (https://filmlegendsmuzeum.cz/)
Film legends museum, Šultysova 174, Kutná Hora (https://filmlegendsmuzeum.cz/)"
"2621";"Jeseníky 2021 - YesMan";"Česká Republika";"Výroční turistická známka";"";"";"Mobilní informační centra: https://jeseniky.cz/storage//PDF/mobilni-ic2026__page-0001-1777534949978.jpg (https://jeseniky.cz/storage//PDF/mobilni-ic2026__page-0001-1777534949978.jpg)"
"2623";"70. loutkářská Chrudim, 1951 - 2021";"Česká Republika";"Výroční turistická známka";"";"";"Divadlo Karla Pippicha, Chrudim (https://www.puppeteerschrudim.com/)"
"2601";"400 let od popravy vůdců Stavovského povstání, 1621 - 2021";"Česká Republika";"Výroční turistická známka";"";"";"Staroměstská radnice, Praha (https://www.praguecitytourism.cz/en)"
"2580";"Otevření Vzdělávacího centra VÍCE Ve mlýně Karlovice 2021";"Česká Republika";"Výroční turistická známka";"";"";"Vzdělávací centrum VÍCE Ve mlýně Karlovice (http://actaea.cz/vzdelavaci-centrum-vice-ve-mlyne-karlovice/)"
"2616";"780 let od založení hradu Český Šternberk";"Česká Republika";"Výroční turistická známka";"";"";"Hrad Český Šternberk (suvenýry) (http://www.hradceskysternberk.cz/)"
"2617";"50 let od Zlatovlásky na Červené Lhotě, 1973 - 2023";"Česká Republika";"Výroční turistická známka";"";"";"Kiosek na obecním parkovišti - Suvenýry WALLY
Zámecká prodejna suvenýrů - Suvenýry WALLY
Stánek se suvenýry u cesty k zámku - Suvenýry WALLY"
"2618";"50 let od Svateb pana Voka na Červené Lhotě, 1971 - 2021";"Česká Republika";"Výroční turistická známka";"";"";"Kiosek na obecním parkovišti - Suvenýry WALLY
Zámecká prodejna suvenýrů - Suvenýry WALLY
Stánek se suvenýry u cesty k zámku - Suvenýry WALLY"
"2619";"Premiéra filmu - Jan Žižka";"Česká Republika";"Výroční turistická známka";"";"";"Husitské muzeum, Žižkovo náměstí 1, Tábor (http://www.husitskemuzeum.cz/chodby-stredovekeho-podzemi/)
Infocentrum, Velvarská 136/1, Slaný (infoslany.cz)
Informační centrum, Náměstí Republiky 85, Tachov (http://www.mks.tachov.cz/)
Informační centrum města Plzeň, náměstí Republiky 41 (https://www.visitplzen.eu/)
Turistické informační centrum Kolín, Karlovo náměstí 8, Kolín (http://www.muzeumkolin.cz/)
Infocentrum, Chodské náměstí 96, Domažlice (http://www.idomazlice.cz/)
TIC, náměstí T. G. Masaryka 34, Sedlčany (https://www.mesto-sedlcany.cz/)
Infocentrum, Žižkovo náměstí 1, Borovany (https://www.borovansko.cz/)
Muzeum, Masarykovo náměstí, Stříbro (http://www.muzeum-stribro.cz/)
Oblastní muzeum Most (http://www.muzeummost.cz)
Informační centrum, Velké náměstí 113, Písek (http://www.sladovna.cz/)
Podlipanské muzeum, Žitomířská 761, Český Brod (http://www.podlipanskemuzeum.cz/)
Infocentrum, Palackého nám. 377, Kutná Hora (http://www.kutnahora.cz/)
Památník Jana Žižky z Trocnova, Trocnov (http://www.muzeumcb.cz/)
Turistické informační centrum Benešov (http://www.kicbenesov.cz)
Infocentrum - Tachovský zámek (http://www.mks.tachov.cz/)
Národní památník na Vítkově - Café Vítkov (https://cafevitkov.cz/)
Infocentrum, nám. Arnošta z Pardubic 1, Český Brod (https://ic.cvik.info/)
Vlastivědné muzeum, Masarykovo nám. 159, Slaný (http://www.muzeum.slansko.cz/)
Kavárna s terasou v Národním památníku na Vítkově - U Památníku 1900, 130 00 Praha 3-Žižkov
Film legends museum, Jiřího náměstí 36, Poděbrady (https://filmlegendsmuzeum.cz/)
Film legends museum, Sokolovská 1207/226, Praha (https://filmlegendsmuzeum.cz/)
Film legends museum, Kotojedy 76, Kroměříž (https://filmlegendsmuzeum.cz/)
Film legends museum, Šultysova 174, Kutná Hora (https://filmlegendsmuzeum.cz/)"
"2620";"120 let anglického parku - Červená Lhota, 1901 - 2021";"Česká Republika";"Výroční turistická známka";"";"";"Kiosek na obecním parkovišti - Suvenýry WALLY
Zámecká prodejna suvenýrů - Suvenýry WALLY
Stánek se suvenýry u cesty k zámku - Suvenýry WALLY"
"2626";"30 let Infocentra Turista Pec pod Sněžkou";"Česká Republika";"Výroční turistická známka";"";"";"Informační centrum Turista, Pec pod Sněžkou (http://turistapec.cz/)"
"2548";"300 let od blahořečení sv. Jana Nepomuckého";"Česká Republika";"Výroční turistická známka";"";"";"Infocentrum, náměstí A. Němejce 126, Nepomuk (http://www.nepomuk.cz/)
Zámek Žinkovy
Svatojánské muzeum, Nepomuk (https://www.sjmn.cz/)"
"2613";"Vodácka Šumava a jižní Čechy 2021";"Česká Republika";"Výroční turistická známka";"";"";"Infocentrum, Masarykovo náměstí 37, Protivín (http://www.muprotivin.cz/)
Infocentrum, Zborovská 80, Hluboká nad Vltavou (https://www.hluboka.cz/)"
"2594";"25 let od založení vojenského technického muzea v Lešanech";"Česká Republika";"Výroční turistická známka";"";"";"Army shop, Vojenské technické muzeum - Lešany (http://www.vhu.cz/muzea/zakladni-informace-o-vtm-lesany/)"
"2600";"10. výročí otevření Expozice času ve Šternberku, 2011 - 2021";"Česká Republika";"Výroční turistická známka";"Olomouc";"Olomoucký kraj";"Expozice času, ČSA 113/19, Šternberk (http://www.expozicecasu.cz/)"
"2612";"65 let ZOO Olomouc, 1956 - 2021";"Česká Republika";"Výroční turistická známka";"";"";"ZOO Olomouc, pokladna, suvenýry (http://www.zoo-olomouc.cz/)"
"2614";"Zpřístupnění středověké strážní věže, zámek Vranov nad Dyjí";"Česká Republika";"Výroční turistická známka";"";"";"Zámek Vranov nad Dyjí (https://www.zamek-vranov.cz/cs)"
"2615";"555 let pivovarnictví ve Vysokém Chlumci";"Česká Republika";"Výroční turistická známka";"";"";"Infocentrum, Vysoký Chlumec 14 (https://www.vysokychlumec.eu/infocentrum/)"
"2575";"48. ročník pochodu Za krásami okolí Nedvědice";"Česká Republika";"Výroční turistická známka";"Brno-venkov";"Jihomoravský kraj";"Turistické informační centrum, Nedvědice (http://www.pernstejnsko.cz/)"
"2556";"60. výročí otevření hvězdárny v Prostějově";"Česká Republika";"Výroční turistická známka";"";"";"Muzeum a galerie, náměstí T. G. Masaryka 2, Prostějov (http://www.muzeumpv.cz/)
Astronomické odd. - hvězdárna, Kolářovy sady, Prostějov (http://www.hvezdarnapv.cz/)"
"2555";"90 let Zoologické zahrady hlavního města Prahy, 1931 - 2021";"Česká Republika";"Výroční turistická známka";"";"";"ZOO Praha - suvenýry (http://www.zoopraha.cz/)"
"2561";"Ceny PATRIA NOSTRA 2020 Včelí svět Hulice, Náš venkov 1990 - 2020";"Česká Republika";"Výroční turistická známka";"";"";"Včelí svět, Hulice 55 (http://www.vcelisvet.cz/)"
"2578";"650 let obce Těmice";"Česká Republika";"Výroční turistická známka";"";"";"Obecní úřad Těmice (https://www.temice.cz/)"
"2560";"200. výročí od úmrtí Napoleona Bonaparta 5. 5. 1821";"Česká Republika";"Výroční turistická známka";"";"";"Zámek Slavkov - pokladna (www.slavkov.cz)
Zámek Slavkov - informační centrum (www.slavkov.cz)"
"2576";"70 let šlechtění Přeštického prasete";"Česká Republika";"Výroční turistická známka";"";"";"TIC, Masarykovo náměstí 311, Přeštice (http://kzprestice.cz/)"
"2557";"200. výročí narození Karla Havlíčka Borovského, 1821 - 2021";"Česká Republika";"Výroční turistická známka";"";"";"Infocentrum, Havlíčkovo náměstí 87, Havlíčkův Brod (http://mic.muhb.cz/)"
"2547";"130 let radnice Frenštát pod Radhoštěm, 1891 - 2021";"Česká Republika";"Výroční turistická známka";"";"";"Infocentrum, Havlíčkova 32, Frenštát pod Radhoštěm (http://frenstatinfo.cz/)"
"2550";"30 let od odchodu sovětských vojsk z Milovic, 1991 - 2021";"Česká Republika";"Výroční turistická známka";"Nymburk";"Středočeský kraj";"Turistické informační centrum, Nám. 30.června 507, Milovice (http://volnycas.mesto-milovice.cz/cs/)"
"2551";"Poutní cesta Blaník - Říp 2021";"Česká Republika";"Výroční turistická známka";"";"";"Hostinec U Praotce Čecha, Ctiněves 24 (https://www.obec-ctineves.cz/o-obci/turisticke-informace/)
Turistické informační centrum, Legionářů 51, Mělník (https://ticmelnik.cz/)
Další infocentra a partneři podél Poutní cesty Blaník–Říp (https://www.cestaceska.cz/cs/poutni-cesty/poutni-cesta-blanik-rip/)
Informační centrum Louňovice pod Blaníkem, Jana Žižky (https://www.lounovicepodblanikem.cz/urad-info.php)"
"2598";"30 let Národního parku Šumava, 1991 - 2021";"Česká Republika";"Výroční turistická známka";"";"";"Všechna informační střediska NP Šumava"
"2599";"30 let Národního parku Podyjí, 1991 - 2021";"Česká Republika";"Výroční turistická známka";"";"";"Návštěvnické středisko správy Podyjí, Čížov 176 (http://www.nppodyji.cz)"
"2538";"75 LET JUNÁKA V HRACHOVCI 1945 - 2020";"Česká Republika";"Výroční turistická známka";"";"";""
"2470";"9. ročník Měsíce věží a rozhleden 2020";"Česká Republika";"Výroční turistická známka";"";"";""
"2534";"Oslavy lesa na Floře 2020";"Česká Republika";"Výroční turistická známka";"";"";""
"2539";"Toulání s dětmi Prahou 15";"Česká Republika";"Výroční turistická známka";"";"";""
"2543";"120 let Posázavského pacifiku, 1900-2020";"Česká Republika";"Výroční turistická známka";"";"";""
"2541";"Dekorování Znalců ČR 2020";"Česká Republika";"Výroční turistická známka";"";"";""
"2544";"Fotosoutěž s Maxiznámkami 2020";"Česká Republika";"Výroční turistická známka";"";"";"Pouze pro účastníky fotografické soutěže"
"2642";"Dekorování Znalců ČR 2021";"Česká Republika";"Výroční turistická známka";"";"";""
"2505";"14. sešlost sběratelů Turistických známek - Rožnov pod Radhoštěm 2020";"Česká Republika";"Výroční turistická známka";"";"";""
"2535";"15. Cesta jenom tam, Posázaví";"Česká Republika";"Výroční turistická známka";"";"";""
"2542";"Setkání automobilů Moskvič, hrad Svojanov";"Česká Republika";"Výroční turistická známka";"";"";"Hrad Svojanov - pokladna (svojanov.cz)"
"2474";"Motolužany 2020";"Česká Republika";"Výroční turistická známka";"";"";""
"2504";"29. zahájení turistické sezóny na Vysočině a oslava 100 let KČT Pelhřimov";"Česká Republika";"Výroční turistická známka";"";"";""
"2537";"Letní turistický sraz Giacoma Casanovy Duchcov 2020";"Česká Republika";"Výroční turistická známka";"";"";""
"2540";"TIC Mikulčice - 10 let Tour de vinohrad";"Česká Republika";"Výroční turistická známka";"Hodonín";"Jihomoravský kraj";"Turistické informační centrum Mikulčice (https://www.infomikulcice.cz/index.php)"
"2515";"440. výročí povýšení Bystřice nad Pernštejnem na město";"Česká Republika";"Výroční turistická známka";"";"";"TIC, Masarykovo nám. 1, Bystřice nad Pernštejnem (https://info.bystricenp.cz/)"
"2527";"Kofola 2020";"Česká Republika";"Výroční turistická známka";"";"";""
"2495";"Oslavy významných výročí v Čechách pod Kosířem 2020";"Česká Republika";"Výroční turistická známka";"";"";""
"2533";"13. ročník Ježíškovy cesty 2020 - Pořádníček";"Česká Republika";"Výroční turistická známka";"";"";"Infocentrum, Boží Dar (http://www.bozidar.cz/cs/)"
"2530";"20 let od povýšení Velkých Bílovic na město 2001 - 2021";"Česká Republika";"Výroční turistická známka";"";"";"Městský úřad, nám. Osvoboditelů 570, Velké Bílovice (www.velkebilovice.cz)
Infocentrum, nám. Osvoboditelů 1363, Velké Bílovice (www.velkebilovice.cz)
Občerstvení Na sklepě, Žerotínova 204, sklepy Belegrady"
"2528";"100 let rozhledny Hýlačky";"Česká Republika";"Výroční turistická známka";"";"";"Rozhledna Hýlačka (kct-tabor.cz)"
"2521";"Nová expozice Země hradů - Hukvaldy 2020";"Česká Republika";"Výroční turistická známka";"";"";"Informační centrum, Hukvaldy 40 (https://www.ic-hukvaldy.cz/)"
"2522";"50 let country kapely Taxmeni (1970 - 2020)";"Česká Republika";"Výroční turistická známka";"";"";""
"2461";"Motosraz FOE - 26. ročník, 2020";"Česká Republika";"Výroční turistická známka";"";"";""
"2492";"100 let od založení skautingu v Bělé pod Bezdězem";"Česká Republika";"Výroční turistická známka";"";"";""
"2494";"Dobrovická muzea - 10 let";"Česká Republika";"Výroční turistická známka";"";"";""
"2514";"50 let pivovaru Radegast";"Česká Republika";"Výroční turistická známka";"";"";"Návštěvnické centrum, pivovar Radegast - Nošovice (www.radegast.cz)"
"2516";"Slaný pramen 2020";"Česká Republika";"Výroční turistická známka";"";"";"Infocentrum, Velvarská 136/1, Slaný (infoslany.cz)
Antikvariát, Slaný, Nám. Komenského (antikvariat-slany.cz)"
"2506";"500 let výročí kostela sv. Jiří v Horním Slavkově";"Česká Republika";"Výroční turistická známka";"";"";""
"2496";"600 let Orebitů";"Česká Republika";"Výroční turistická známka";"";"";""
"2493";"100 let od narození arcibiskupa Karla Otčenáška";"Česká Republika";"Výroční turistická známka";"";"";""
"2512";"Nová expozice v Bechyňské bráně 2020";"Česká Republika";"Výroční turistická známka";"";"";""
"2511";"30 let pamětní síně Oty Pavla Branov-Luh";"Česká Republika";"Výroční turistická známka";"";"";"Pamětní síň a přívoz Oty Pavla, Luh pod Branovem (www.otapavel.cz)"
"2500";"Evropský strom roku 2020 - Chudobínská borovice";"Česká Republika";"Výroční turistická známka";"";"";"TIC, Masarykovo nám. 1, Bystřice nad Pernštejnem (https://info.bystricenp.cz/)
Obecní úřad, Vír 178 (http://www.virvudolisvratky.cz)
TIC Továrna Vír (https://www.tovarnavir.cz)"
"2503";"Marko Čermák slaví 80 let (1940 - 2020)";"Česká Republika";"Výroční turistická známka";"";"";""
"2468";"XI. Mezinárodní zimní sraz turistů, Jeseníky - Rýmařov, 30.1.2020 - 2.2.2020";"Česká Republika";"Výroční turistická známka";"";"";""
"2486";"Regiontour Brno 2020";"Česká Republika";"Výroční turistická známka";"";"";""
"2469";"26 let Jižních Čech pohádkových 2020";"Česká Republika";"Výroční turistická známka";"";"";""
"2475";"20 let NP České Švýcarsko";"Česká Republika";"Výroční turistická známka";"";"";""
"2481";"600. výročí založení města Tábora, 1420 - 2020";"Česká Republika";"Výroční turistická známka";"";"";""
"2482";"800. výročí narození sv. Zdislavy z Lemberka Jablonné v Podještědí (1220 - 2020 )";"Česká Republika";"Výroční turistická známka";"";"";""
"2483";"100. výročí připojení Valticka k Československu 1920 - 2020";"Česká Republika";"Výroční turistická známka";"";"";""
"2485";"20 let Muzea řemesel Letohrad, 2000 - 2020";"Česká Republika";"Výroční turistická známka";"";"";""
"2489";"Lázeňská sezóna 2020 - Kolonáda Luhačovice";"Česká Republika";"Výroční turistická známka";"";"";""
"2490";"200 let od narození Boženy Němcové, 50 let od odhalení sochy Barunky Panklové 1970 - 2020";"Česká Republika";"Výroční turistická známka";"";"";""
"2491";"25 let zápisu Kutné Hory na Seznam přírodního a kulturního dědictví UNESCO";"Česká Republika";"Výroční turistická známka";"";"";""
"2497";"35. výročí od nálezu století, Relikviář sv. Maura";"Česká Republika";"Výroční turistická známka";"";"";"Ateliér Uhlík - Bečov nad Teplou"
"2498";"Po stopách šlechtických rodů 2020, Valdštejnové";"Česká Republika";"Výroční turistická známka";"";"";""
"2501";"650 let obce Zašová";"Česká Republika";"Výroční turistická známka";"";"";""
"2507";"140 let od narození architekta Josefa Gočára";"Česká Republika";"Výroční turistická známka";"";"";""
"2508";"Poutní cesta Blaník - Říp 2020";"Česká Republika";"Výroční turistická známka";"";"";""
"2517";"Čerchov znovu otevřen turistům 2000 - 2020";"Česká Republika";"Výroční turistická známka";"";"";"Kurzova věž Čerchov (http://www.na-rozhledny.cz/cerchov)"
"2536";"Lidové slavnosti Velké Bílovice 2020";"Česká Republika";"Výroční turistická známka";"";"";"Infocentrum, nám. Osvoboditelů 1363, Velké Bílovice (www.velkebilovice.cz)"
"2577";"Dobrý voják Švejk slaví 100 let, 1921 - 2021";"Česká Republika";"Výroční turistická známka";"";"";"Infocentrum, Masarykovo náměstí 37, Protivín (http://www.muprotivin.cz/)
Infocentrum, Zborovská 80, Hluboká nad Vltavou (https://www.hluboka.cz/)
Galerie F.R.Dragouna, Jungmannova 186, Písek (https://www.galeriedragoun.cz/)"
"2476";"Křest svaté Rozálie 2019";"Česká Republika";"Výroční turistická známka";"";"";""
"2480";"Příběh vánočního stromečku 2019";"Česká Republika";"Výroční turistická známka";"";"";""
"2477";"7. podzimní setkání turistů středočeské oblasti KČT 2019";"Česká Republika";"Výroční turistická známka";"";"";""
"2502";"Mikulčice - nový most přes řeku Moravu";"Česká Republika";"Výroční turistická známka";"";"";""
"2452";"530 let založení obce Černava";"Česká Republika";"Výroční turistická známka";"";"";""
"2358";"Oslavy lesa na Floře 2019";"Česká Republika";"Výroční turistická známka";"";"";""
"2342";"270. výročí úmrtí barona Franze von Trencka";"Česká Republika";"Výroční turistická známka";"";"";""
"2442";"XXIII. Karlštejnské vinobraní";"Česká Republika";"Výroční turistická známka";"";"";""
"2373";"16. ročník pochodu Po stopách kocoura Mikeše - Mnichovice 2019";"Česká Republika";"Výroční turistická známka";"";"";""
"2443";"50 let Městské památkové rezervace Pelhřimov";"Česká Republika";"Výroční turistická známka";"";"";""
"2431";"Fotosoutěž s Maxiznámkami 2019";"Česká Republika";"Výroční turistická známka";"";"";"Pouze pro účastníky fotografické soutěže"
"2434";"Město Třešť 1349–2019";"Česká Republika";"Výroční turistická známka";"";"";""
"2453";"150 let výročí založení Terezínského údolí";"Česká Republika";"Výroční turistická známka";"";"";""
"2454";"17. Bruntálské indiánské léto";"Česká Republika";"Výroční turistická známka";"";"";""
"2451";"120 let dráhy Rakovník - Mladotice";"Česká Republika";"Výroční turistická známka";"";"";""
"2413";"Mohelnický dostavník 2019";"Česká Republika";"Výroční turistická známka";"";"";""
"2449";"Hefaiston 2019";"Česká Republika";"Výroční turistická známka";"";"";""
"2350";"XX. Slovácký rok v Kyjově 2019";"Česká Republika";"Výroční turistická známka";"";"";""
"2448";"22. Velká cena Indiana Jonese 2019";"Česká Republika";"Výroční turistická známka";"";"";""
"2478";"Ratiboř - vesnice Zlínského kraje roku 2019";"Česká Republika";"Výroční turistická známka";"";"";""
"2446";"UNESCO 2019 - Hornická krajina Mědník - Vrch Mědnik, Štoly Marie Pomocné a Země zaslíbená";"Česká Republika";"Výroční turistická známka";"";"";""
"2356";"Lesní slavnost Lapků z Drakova 2019";"Česká Republika";"Výroční turistická známka";"";"";""
"2445";"Vandrování s vílou Šumavou 2019";"Česká Republika";"Výroční turistická známka";"Klatovy";"Plzeňský kraj";"Pohádková chalupa Mlázovy (http://www.pohadkovasumava.cz/)"
"2432";"100. výročí kapličky U Kněžny";"Česká Republika";"Výroční turistická známka";"";"";""
"2456";"UNESCO 2019 - Hornická krajina Abertamy - Boží Dar - Horní Blatná - Vlčí jámy";"Česká Republika";"Výroční turistická známka";"";"";""
"2457";"UNESCO 2019 - Rudá věž smrti";"Česká Republika";"Výroční turistická známka";"";"";""
"2458";"UNESCO 2019 - Hornická kulturní krajina Jáchymov";"Česká Republika";"Výroční turistická známka";"";"";""
"2459";"UNESCO 2019 - Hornická krajina na vrchu Mědník";"Česká Republika";"Výroční turistická známka";"";"";""
"2460";"UNESCO 2019 - Hornická krajina Krupka - štola Starý Martin";"Česká Republika";"Výroční turistická známka";"";"";"Prohlídková Štola Starý Martin, Krupka (https://www.krupka-mesto.cz/stola-stary-martin/d-1536)
Turistické informační centrum, Mariánské náměstí 32, Krupka (https://www.krupka-mesto.cz/)
Infocentrum hornické krajiny, Husitská 722, Krupka (https://www.krupka-mesto.cz/)"
"2465";"UNESCO 2019 - Hornická krajina Abertamy - Boží Dar - Horní Blatná - Sejpy u Božího Daru";"Česká Republika";"Výroční turistická známka";"";"";""
"2466";"UNESCO 2019 - Hornická krajina Abertamy - Boží Dar - Horní Blatná - Důl Mauritius";"Česká Republika";"Výroční turistická známka";"";"";""
"2385";"Na Terezku bez bariér";"Česká Republika";"Výroční turistická známka";"";"";""
"2425";"Dekorování znalců ČR 2019, Vítání prázdnin v Kempu Indiana";"Česká Republika";"Výroční turistická známka";"";"";""
"2410";"670 let od první písemné zmínky o Bystrém";"Česká Republika";"Výroční turistická známka";"";"";""
"2430";"70 let motorových vozů řady  M 262.0 Kredenc, 1949-2019";"Česká Republika";"Výroční turistická známka";"";"";""
"2439";"130 let od vyznačení první turistické trasy KČT, Svatý Jan  pod Skalou";"Česká Republika";"Výroční turistická známka";"";"";""
"2440";"20. výročí od založení Mikroregionu Radbuza";"Česká Republika";"Výroční turistická známka";"";"";""
"2441";"BAHNA 2019";"Česká Republika";"Výroční turistická známka";"";"";""
"2433";"120 let lokálky Rožmitál pod Třemšínem - Březnice";"Česká Republika";"Výroční turistická známka";"";"";"Po telefonní dohodě - Zdice, výtopna, muzeum, železniční a silniční technické muzeum (http://www.saxi.cz/)"
"2438";"120 let Blatenských lokálek";"Česká Republika";"Výroční turistická známka";"";"";""
"2426";"20 let rozhledny Chlum u Hradce Králové, 1999 - 2019";"Česká Republika";"Výroční turistická známka";"";"";""
"2428";"10. výročí rozhledny Vartovna - Seninka";"Česká Republika";"Výroční turistická známka";"";"";""
"2437";"Kapličky na stříbrné stezce 2019 - Kutná Hora";"Česká Republika";"Výroční turistická známka";"";"";""
"2348";"Slavnosti obce Rybniště 2019 – 125. výročí založení školy";"Česká Republika";"Výroční turistická známka";"";"";""
"2369";"5. výročí otevření lanové dráhy Pec - Sněžka";"Česká Republika";"Výroční turistická známka";"";"";""
"2411";"700 let obce Všeň";"Česká Republika";"Výroční turistická známka";"";"";""
"2427";"130. výročí založení muzea v Lounech";"Česká Republika";"Výroční turistická známka";"";"";""
"2429";"1. sezóna Obludiště Dolní Pěna 2019";"Česká Republika";"Výroční turistická známka";"";"";""
"2422";"250. výročí Napoleonova narození 15. 8. 1769";"Česká Republika";"Výroční turistická známka";"";"";""
"2423";"Výstava turistiky ZDRÁVI DOŠLI!  2019 -  Národní památník na Vítkově";"Česká Republika";"Výroční turistická známka";"";"";""
"2435";"15 let rozhledny Brdo";"Česká Republika";"Výroční turistická známka";"";"";""
"2345";"100 let skautingu ve Šlapanicích, 30 let šlapanické dvojky, 1919-2019";"Česká Republika";"Výroční turistická známka";"";"";""
"2383";"Kolečko Českým rájem a okolím, Horní Bousov 2019";"Česká Republika";"Výroční turistická známka";"";"";""
"2394";"90. výročí posvěcení kostela Krista Krále v Ostravě - Svinově";"Česká Republika";"Výroční turistická známka";"";"";""
"2382";"13. sešlost sběratelů Turistických známek - Hořice 2019";"Česká Republika";"Výroční turistická známka";"";"";""
"2377";"800 let od první zmínky obce Střezimíř";"Česká Republika";"Výroční turistická známka";"";"";""
"2416";"Žižkovský jarní kilometr";"Česká Republika";"Výroční turistická známka";"";"";""
"2418";"54.  ročník pochod Praha - Prčice 2019";"Česká Republika";"Výroční turistická známka";"";"";""
"2415";"130. výročí narození a 60. výročí úmrtí Bohuslava Martinů";"Česká Republika";"Výroční turistická známka";"";"";""
"2402";"700 let chebských krovů";"Česká Republika";"Výroční turistická známka";"Cheb";"Karlovarský kraj";""
"2386";"150. výročí narození dr. Aleše Hrdličky";"Česká Republika";"Výroční turistická známka";"";"";""
"2398";"13. Z Prahy do Svatojánských proudů 2019";"Česká Republika";"Výroční turistická známka";"";"";""
"2387";"10. výročí otevření rozhledny Hnědý vrch";"Česká Republika";"Výroční turistická známka";"";"";"Infocentrum Veselý Výlet, Hlavní ulice 196, Pec pod Sněžkou (http://www.veselyvylet.cz/cz/vv5.html)"
"2406";"60 let lodní dopravy na Lipně";"Česká Republika";"Výroční turistická známka";"Český Krumlov";"Jihočeský kraj";""
"2357";"40. ročník turnajů šachových nadějí Frýdek-Místek";"Česká Republika";"Výroční turistická známka";"";"";""
"2375";"30 let Square dance clubu Šumaváček";"Česká Republika";"Výroční turistická známka";"";"";""
"2379";"50 let od zahájení výroby Škoda 100";"Česká Republika";"Výroční turistická známka";"";"";""
"2381";"220. výročí narození Vincenze Priessnitze";"Česká Republika";"Výroční turistická známka";"";"";""
"2351";"Rok Gustava Adolfa z Varrensbachu";"Česká Republika";"Výroční turistická známka";"";"";""
"2364";"450 let od příchodu Petra Voka do Bechyně";"Česká Republika";"Výroční turistická známka";"";"";""
"2370";"45. výročí rozhledny v ZOO na Svatém kopečku, Olomouc";"Česká Republika";"Výroční turistická známka";"";"";""
"2374";"700. výročí založení hradu Střekov";"Česká Republika";"Výroční turistická známka";"";"";""
"2378";"180 let s vlaky v Břeclavi";"Česká Republika";"Výroční turistická známka";"";"";""
"2380";"800 let od první písemné zmínky obce Petrovice";"Česká Republika";"Výroční turistická známka";"Příbram";"Středočeský kraj";""
"2376";"55 let motorových lokomotiv řady  478.1 Zamračená, 1964 - 2019";"Česká Republika";"Výroční turistická známka";"";"";""
"2367";"Jihočeská ZOO Hluboká nad Vltavou - 80 let";"Česká Republika";"Výroční turistická známka";"";"";""
"2368";"10. výročí znovuotevření a vysvěcení katedrály Nanebevzetí Panny Marie a sv. Jana Křtitele v Kutné Hoře Sedlci";"Česká Republika";"Výroční turistická známka";"";"";""
"2366";"Veletrh Dovolená a Region, Lázeňství, Výstaviště Černá louka, Ostrava 2019";"Česká Republika";"Výroční turistická známka";"";"";""
"2346";"660. výročí města Štramberka";"Česká Republika";"Výroční turistická známka";"";"";""
"2344";"50 let Zimního přechodu Brd";"Česká Republika";"Výroční turistická známka";"";"";""
"2340";"Regiontour Brno 2019";"Česká Republika";"Výroční turistická známka";"";"";""
"2322";"Po stopách šlechtických rodů 2019, Lemberk";"Česká Republika";"Výroční turistická známka";"";"";""
"2323";"Po stopách šlechtických rodů 2019, Grabštejn";"Česká Republika";"Výroční turistická známka";"";"";""
"2324";"Po stopách šlechtických rodů 2019, Frýdlant";"Česká Republika";"Výroční turistická známka";"";"";""
"2330";"125 let Masarykova divadla v Jičíně";"Česká Republika";"Výroční turistická známka";"";"";""
"2331";"800 let města Litoměřice 1219 - 2019";"Česká Republika";"Výroční turistická známka";"";"";""
"2333";"Letiště Leoše Janáčka Ostrava – 60 let zahájení civilního provozu";"Česká Republika";"Výroční turistická známka";"";"";""
"2335";"Milevské maškary 2019";"Česká Republika";"Výroční turistická známka";"";"";""
"2343";"8. ročník Měsíce věží a rozhleden 2019";"Česká Republika";"Výroční turistická známka";"";"";""
"2347";"10 let Akátová věž Výhon";"Česká Republika";"Výroční turistická známka";"";"";""
"2349";"12. ročník Ježíškovy cesty 2019 - Fukačo";"Česká Republika";"Výroční turistická známka";"";"";""
"2353";"30 let od Sametové revoluce";"Česká Republika";"Výroční turistická známka";"";"";""
"2354";"140. výročí narození Gustava Frištenského";"Česká Republika";"Výroční turistická známka";"";"";""
"2404";"25 let Jižních Čech pohádkových 2019";"Česká Republika";"Výroční turistická známka";"";"";""
"2317";"6. podzimní setkání turistů středočeské oblasti KČT 2018";"Česká Republika";"Výroční turistická známka";"";"";""
"2327";"70 let prvního skautského filmu - NA DOBRÉ STOPĚ, 1948 - 2018";"Česká Republika";"Výroční turistická známka";"";"";""
"2328";"20 let od vzniku firmy Turistické známky s.r.o.";"Česká Republika";"Výroční turistická známka";"";"";""
"2329";"Svatomartinské slavnosti Šternberk";"Česká Republika";"Výroční turistická známka";"";"";""
"2326";"80 let skautingu v Libušíně";"Česká Republika";"Výroční turistická známka";"";"";""
"2321";"20. narozeniny Dlouhého mostu v Českých Budějovicích - 28. 10. 2018";"Česká Republika";"Výroční turistická známka";"";"";""
"2314";"700 let obce Lisovice";"Česká Republika";"Výroční turistická známka";"";"";""
"2320";"Turistický pochod Po zarostlém chodníčku 2018";"Česká Republika";"Výroční turistická známka";"";"";""
"2290";"100 let Pošty českých skautů";"Česká Republika";"Výroční turistická známka";"";"";""
"2311";"90 let chaty Skalka, Beskydy";"Česká Republika";"Výroční turistická známka";"";"";""
"2285";"Oslavy lesa na Floře 2018";"Česká Republika";"Výroční turistická známka";"";"";""
"2263";"XXII. Karlštejnské vinobraní";"Česká Republika";"Výroční turistická známka";"";"";""
"2152";"7. ročník Měsíce věží a rozhleden 2018";"Česká Republika";"Výroční turistická známka";"";"";""
"2304";"120 let Osoblažské úzkokolejky";"Česká Republika";"Výroční turistická známka";"";"";""
"2310";"Národní Den železnice 2018 - České Budějovice";"Česká Republika";"Výroční turistická známka";"";"";""
"2244";"15. ročník pochodu Po stopách kocoura Mikeše - Mnichovice 2018";"Česká Republika";"Výroční turistická známka";"";"";""
"2245";"950 let Hostivaře";"Česká Republika";"Výroční turistická známka";"";"";""
"2301";"16. Bruntálské indiánské léto 2018";"Česká Republika";"Výroční turistická známka";"";"";""
"2240";"Mohelnický dostavník 2018";"Česká Republika";"Výroční turistická známka";"";"";""
"2287";"Hefaiston 2018 - Helfštýn";"Česká Republika";"Výroční turistická známka";"";"";""
"2298";"120 let od vysvěcení kaple svatých Cyrila a Metoděje (1898 - 2018), Radhošť";"Česká Republika";"Výroční turistická známka";"";"";""
"2297";"150. výročí vyzvednutí základního kamene z hory Říp pro stavbu Národního divadla";"Česká Republika";"Výroční turistická známka";"";"";"Infocentrum Podřipska, Arnoštova 88, Roudnice nad Labem (https://www.vyletnarip.cz/)"
"2299";"40 LET OD ZAHÁJENÍ PROVOZU LINKY A PRAŽSKÉHO METRA";"Česká Republika";"Výroční turistická známka";"";"";""
"2178";"25. Volarské slavnosti dřeva, Volary 2018";"Česká Republika";"Výroční turistická známka";"";"";""
"2246";"120. výročí nejstarší kamenné rozhledny v Jeseníkách – Rozhledny na Biskupské kupě";"Česká Republika";"Výroční turistická známka";"";"";""
"2296";"21. Velká cena Indiana Jonese 2018";"Česká Republika";"Výroční turistická známka";"";"";""
"2293";"150. výročí narození Dušana S. Jurkoviče";"Česká Republika";"Výroční turistická známka";"";"";""
"2295";"65. výročí ZOO Brno";"Česká Republika";"Výroční turistická známka";"";"";""
"2294";"130 let Chaty Jiřího na Šeráku 1888 - 2018";"Česká Republika";"Výroční turistická známka";"";"";""
"2153";"700 let od první písemné zmínky o Rokytnici v Orlických horách";"Česká Republika";"Výroční turistická známka";"";"";""
"2289";"Dekorování znalců ČR 2018";"Česká Republika";"Výroční turistická známka";"";"";""
"2252";"110. výročí narození Karla Ančerla";"Česká Republika";"Výroční turistická známka";"";"";""
"2262";"50 LET MOTOROVÝCH LOKOMOTIV ŘADY T 478.3 BREJLOVEC, 1968 - 2018";"Česká Republika";"Výroční turistická známka";"";"";""
"2280";"Výtvarné Hlinecko již od roku 1960, Městské muzeum a galerie Hlinsko";"Česká Republika";"Výroční turistická známka";"";"";""
"2282";"BAHNA 2018";"Česká Republika";"Výroční turistická známka";"";"";""
"2284";"805 let obce Staré Město";"Česká Republika";"Výroční turistická známka";"";"";""
"2288";"100 let T.O. ZTRACENÁ NADĚJE";"Česká Republika";"Výroční turistická známka";"";"";""
"2183";"700 let městysu Kácov";"Česká Republika";"Výroční turistická známka";"";"";"Kemp U kouzelníka, Kácov (http://www.kemp-kacov.cz/)"
"2258";"Kalivodské hůlkování 2018";"Česká Republika";"Výroční turistická známka";"";"";""
"2260";"700 let obce Vyskeř";"Česká Republika";"Výroční turistická známka";"";"";""
"2286";"Rychlé šípy slaví 80 let";"Česká Republika";"Výroční turistická známka";"";"";""
"2044";"700 let obce Chříč";"Česká Republika";"Výroční turistická známka";"";"";""
"2266";"5. NÁRODNÍ OLDSKAUTSKÉ JAMBOREE";"Česká Republika";"Výroční turistická známka";"";"";""
"2278";"60. výročí otáčivého hlediště Český Krumlov";"Česká Republika";"Výroční turistická známka";"";"";""
"2233";"Otevření muzea v obci Chuchelná 2018";"Česká Republika";"Výroční turistická známka";"";"";""
"2236";"45. Valcířská padesátka 2018";"Česká Republika";"Výroční turistická známka";"";"";""
"2257";"740. výročí smrti Přemysla Otakara II.";"Česká Republika";"Výroční turistická známka";"";"";""
"2148";"100. výročí Rumburské vzpoury - Nepokořený";"Česká Republika";"Výroční turistická známka";"";"";""
"2251";"53. ročník pochod Praha - Prčice 2018";"Česká Republika";"Výroční turistická známka";"";"";""
"2243";"700 let od první písemné zmínky o Lnářích";"Česká Republika";"Výroční turistická známka";"";"";""
"2130";"Velkopavlovické vinobraní 2018";"Česká Republika";"Výroční turistická známka";"";"";""
"2204";"170 let Ústavodárného říšského sněmu";"Česká Republika";"Výroční turistická známka";"";"";""
"2242";"120. výročí narození Jana Antonína Bati, 1898 - 2018";"Česká Republika";"Výroční turistická známka";"";"";""
"2247";"660 let od první písemné zmínky obce Svébohov";"Česká Republika";"Výroční turistická známka";"";"";""
"2241";"50. výročí založení leteckého muzea Praha - Kbely";"Česká Republika";"Výroční turistická známka";"";"";""
"2253";"12. Z Prahy do Svatojánských proudů 2018";"Česká Republika";"Výroční turistická známka";"";"";""
"2200";"12. sešlost sběratelů Turistických známek - Lednice 2018";"Česká Republika";"Výroční turistická známka";"";"";""
"2234";"670 let od položení základního kamene hradu Karlštejna";"Česká Republika";"Výroční turistická známka";"";"";""
"2216";"Střelecké spolky v Litovli 1518 - 2018";"Česká Republika";"Výroční turistická známka";"";"";""
"2224";"170 let od narození JUDr. Václava Kounice";"Česká Republika";"Výroční turistická známka";"";"";""
"2054";"50 let od zahájení výroby Škody 1203, Výtopna Zdice";"Česká Republika";"Výroční turistická známka";"";"";""
"2055";"35. ročník pochodu Gympl na cestách 2018";"Česká Republika";"Výroční turistická známka";"";"";""
"2231";"Putovní výstava - Železniční muzeum Zdice 2018";"Česká Republika";"Výroční turistická známka";"";"";""
"2198";"200. výročí narození F. L. Riegra";"Česká Republika";"Výroční turistická známka";"";"";""
"2223";"50 LET MOTOROVÉ OSOBNÍ LODI ODRA 1968 - 2018";"Česká Republika";"Výroční turistická známka";"";"";""
"2195";"Veletrh FOR TRAVEL, Praha 2018";"Česká Republika";"Výroční turistická známka";"";"";""
"2189";"Veletrh Dovolená a Region, Lázeňství, Výstaviště Černá louka, Ostrava";"Česká Republika";"Výroční turistická známka";"";"";""
"2126";"127. výročí od postavení Petřínské rozhledny, 1891 - 2018";"Česká Republika";"Výroční turistická známka";"";"";""
"2128";"45 let Ještědu 1973 – 2018";"Česká Republika";"Výroční turistická známka";"";"";""
"2149";"200 let lázeňství v Mariánských Lázních 1818-2018";"Česká Republika";"Výroční turistická známka";"";"";""
"2172";"Karviná slaví 750 let";"Česká Republika";"Výroční turistická známka";"";"";"Infocentrum, Masarykovo nám. 34/17, Karviná (http://www.karvina.org/)"
"2194";"10. výročí založení Papouščí Zoo v Bošovicích 2008 - 2018";"Česká Republika";"Výroční turistická známka";"";"";""
"2066";"175. výročí založení rozhledny Milohlídka";"Česká Republika";"Výroční turistická známka";"";"";""
"2129";"Regiontour Brno 2018";"Česká Republika";"Výroční turistická známka";"";"";""
"2038";"Palitz - 15. 5. 1273 - Horní Police";"Česká Republika";"Výroční turistická známka";"";"";""
"1880";"100. výročí vzniku Československé republiky, 1918 - 2018 - univerzální";"Česká Republika";"Výroční turistická známka";"";"";""
"2043";"2. výročí Svět pod hladinou 2018";"Česká Republika";"Výroční turistická známka";"";"";""
"2048";"Město Seč - 700 let od první písemné zmínky (1318 – 2018)";"Česká Republika";"Výroční turistická známka";"";"";""
"2067";"24 let Jižních Čech pohádkových 2018";"Česká Republika";"Výroční turistická známka";"";"";""
"2075";"650 let města Bystřice pod Hostýnem";"Česká Republika";"Výroční turistická známka";"";"";""
"2097";"11. ročník Ježíškovy cesty 2018 - Ježíšek";"Česká Republika";"Výroční turistická známka";"";"";""
"2127";"70. výročí povýšení Kopřivnice na město";"Česká Republika";"Výroční turistická známka";"";"";""
"2142";"100 let - Bečovská botanická zahrada 1918 - 2018";"Česká Republika";"Výroční turistická známka";"";"";""
"2158";"170. výročí narození Karla Klostermanna";"Česká Republika";"Výroční turistická známka";"";"";""
"2176";"50 let od vpádu vojsk Varšavské smlouvy - Pražské jaro (1968 - 2018)";"Česká Republika";"Výroční turistická známka";"";"";""
"2177";"25 let od vzniku České republiky (1993 - 2018)";"Česká Republika";"Výroční turistická známka";"";"";""
"2185";"100. výročí vzniku Československé republiky - Československé legie";"Česká Republika";"Výroční turistická známka";"";"";""
"2187";"Slezské zemské muzeum - Oslavy 100. výročí vzniku Československé republiky";"Česká Republika";"Výroční turistická známka";"";"";""
"2265";"85 let klubu absolventů Baťovy školy práce Zlín";"Česká Republika";"Výroční turistická známka";"";"";""
"2072";"5. podzimní setkání turistů středočeské oblasti KČT 2017";"Česká Republika";"Výroční turistická známka";"";"";""
"2053";"300 let od dokončení kaple sv. Klimenta v Hradci Králové";"Česká Republika";"Výroční turistická známka";"";"";"Infocentrum Hradec Králové, Eliščino nábřeží 626 (www.hkinfo.cz)"
"2071";"130 LET OD NAROZENÍ JOSEFA LADY, 1887 - 1957";"Česká Republika";"Výroční turistická známka";"";"";""
"2037";"10. ročník Běhu na Michalovickou Putnu";"Česká Republika";"Výroční turistická známka";"";"";""
"1975";"XXI. Karlštejnské vinobraní";"Česká Republika";"Výroční turistická známka";"";"";""
"1938";"6. ročník Měsíce věží a rozhleden ČR 28. 9. - 28.10. 2017";"Česká Republika";"Výroční turistická známka";"";"";""
"2045";"Národní Den železnice 2017 - Bohumín";"Česká Republika";"Výroční turistická známka";"";"";""
"2030";"Oslavy lesa na Floře 2017";"Česká Republika";"Výroční turistická známka";"";"";""
"1968";"Dny NATO v Ostravě & Dny Vzdušných sil AČR 2017";"Česká Republika";"Výroční turistická známka";"";"";""
"1976";"14. ročník pochodu Po stopách kocoura Mikeše - Mnichovice 2017";"Česká Republika";"Výroční turistická známka";"";"";""
"2019";"1. ročník Medobraní v Olešníku";"Česká Republika";"Výroční turistická známka";"";"";""
"2035";"15. Bruntálské indiánské léto 2017";"Česká Republika";"Výroční turistická známka";"";"";""
"2002";"70. výročí - Pálavské vinobraní 1947 - 2017";"Česká Republika";"Výroční turistická známka";"";"";""
"2001";"8. Mezinárodní výstup na Králický Sněžník";"Česká Republika";"Výroční turistická známka";"";"";""
"1990";"200. výročí nalezení Rukopisu Královédvorského";"Česká Republika";"Výroční turistická známka";"";"";""
"1983";"Mohelnický dostavník 2017";"Česká Republika";"Výroční turistická známka";"";"";""
"2022";"Hefaiston 2017 - Helfštýn";"Česká Republika";"Výroční turistická známka";"";"";""
"2025";"650 let města Strakonice";"Česká Republika";"Výroční turistická známka";"";"";"Městské informační centrum, Zámek 1, Strakonice (http://www.strakonice.eu/)"
"2011";"20. ročník Vojensko - historické akce Cihelna";"Česká Republika";"Výroční turistická známka";"";"";""
"2029";"50. Vizovické Trnkobraní";"Česká Republika";"Výroční turistická známka";"";"";""
"2033";"1907 - LET JESTŘÁBA - 2017";"Česká Republika";"Výroční turistická známka";"";"";""
"1985";"Tolštejnské panství 2017";"Česká Republika";"Výroční turistická známka";"";"";""
"2024";"SKAUTSKÉ MINIMUZEUM OSTRAVA 2017";"Česká Republika";"Výroční turistická známka";"";"";""
"2026";"MUZEUM JAROSLAVA FOGLARA 2017, Ledeč";"Česká Republika";"Výroční turistická známka";"";"";""
"2032";"20. Velká Cena Indiana - Mistrovství Evropy bič a Mistrovství Evropy No Spin";"Česká Republika";"Výroční turistická známka";"";"";""
"1913";"80 let úmrtí T. G. Masaryka";"Česká Republika";"Výroční turistická známka";"";"";""
"2012";"515 let od povýšení Poběžovic na město";"Česká Republika";"Výroční turistická známka";"";"";""
"2020";"120. výročí města Zbiroh";"Česká Republika";"Výroční turistická známka";"";"";""
"1991";"800. výročí úmrtí blahoslaveného Hroznaty";"Česká Republika";"Výroční turistická známka";"";"";""
"1939";"Borůvkobraní - 13. ročník tradičních slavností města Borovany";"Česká Republika";"Výroční turistická známka";"";"";""
"1978";"400 let od zbourání kostela v Hrobě 20.12.1617 - 2017";"Česká Republika";"Výroční turistická známka";"";"";""
"1997";"125 let od narození Jindřicha Schenka 1892 - 2017";"Česká Republika";"Výroční turistická známka";"";"";""
"2013";"Otáčivé hlediště Český Krumlov 2017";"Česká Republika";"Výroční turistická známka";"";"";""
"2014";"Vandrování Šumavou se Šumavovousem 2017";"Česká Republika";"Výroční turistická známka";"";"";""
"2018";"Dekorování znalců ČR 2017";"Česká Republika";"Výroční turistická známka";"";"";""
"2006";"780. výročí od první historické zmínky o obci Podolí";"Česká Republika";"Výroční turistická známka";"";"";""
"1959";"500. výročí založení kostela Nanebevzetí Panny Marie v Mostě";"Česká Republika";"Výroční turistická známka";"";"";"Turistické informační centrum, Radniční 1/2, Most (https://www.imostecko.cz/)"
"1999";"Turistické léto 2017 s Posázavským pacifikem";"Česká Republika";"Výroční turistická známka";"";"";""
"1977";"100 let Parní lokomotivy 354.7152 KHKD";"Česká Republika";"Výroční turistická známka";"";"";""
"2003";"170 let od narození Františka Křižíka - rodný dům";"Česká Republika";"Výroční turistická známka";"";"";""
"1998";"25 let Liman sport Plzeň 2017, Turistika - tábornictví - skauting";"Česká Republika";"Výroční turistická známka";"";"";""
"1996";"75 let od úmrtí Karla Kazimoura 1942 - 2017";"Česká Republika";"Výroční turistická známka";"";"";""
"2000";"BAHNA 2017";"Česká Republika";"Výroční turistická známka";"";"";""
"2004";"90 let od otevření secesní radnice v Holýšově";"Česká Republika";"Výroční turistická známka";"";"";""
"1889";"Hody 2017 - nejvýznamnější folklorní událost roku, Velké Pavlovice";"Česká Republika";"Výroční turistická známka";"";"";""
"1989";"850 let obce Vejvanovice";"Česká Republika";"Výroční turistická známka";"";"";""
"1900";"11. sešlost sběratelů Turistických známek - Nové Hamry 2017";"Česká Republika";"Výroční turistická známka";"";"";""
"1943";"120 let od založení léčebných lázní Bohdaneč";"Česká Republika";"Výroční turistická známka";"";"";""
"1954";"Odhalení sochy Josefa Švejka v Kralupech nad Vltavou 2017";"Česká Republika";"Výroční turistická známka";"";"";""
"1986";"52. ročník pochod Praha - Prčice 2017";"Česká Republika";"Výroční turistická známka";"";"";""
"1988";"Obnovení plavby České Budějovice – Týn nad Vltavou 20. 5. 2017";"Česká Republika";"Výroční turistická známka";"";"";""
"1994";"Otevření Vltavské vodní cesty 2017";"Česká Republika";"Výroční turistická známka";"";"";""
"1971";"300. výročí narození Marie Terezie, Pražský hrad";"Česká Republika";"Výroční turistická známka";"";"";""
"1984";"450 let - Obora Hukvaldy 1567 - 2017";"Česká Republika";"Výroční turistická známka";"";"";"Informační centrum, Hukvaldy 40 (https://www.ic-hukvaldy.cz/)"
"1917";"260. výročí bitvy u Kolína 1757 - 2017";"Česká Republika";"Výroční turistická známka";"";"";""
"1921";"110. výročí rozhledny Frýdlantská výšina u Frýdlantu 1907 - 2017";"Česká Republika";"Výroční turistická známka";"";"";""
"1928";"225. výročí narození Václava Klimenta Klicpery, 1792 - 2017";"Česká Republika";"Výroční turistická známka";"";"";""
"1964";"175. výročí od uvaření první várky piva Pilsner Urquell, 1842 - 2017";"Česká Republika";"Výroční turistická známka";"";"";""
"1969";"170 let Severní dráhy císaře Ferdinanda Lipník - Bohumín, 1847 - 2017";"Česká Republika";"Výroční turistická známka";"";"";""
"1953";"10. výročí od otevření Rozhledny V. Menšíka na Hlíně";"Česká Republika";"Výroční turistická známka";"";"";"Rozhledna Vladimíra Menšíka na Hlíně (https://www.obec-hlina.cz/39183/rozhledna/)"
"1966";"200. výročí od narození Františka Ringhoffera";"Česká Republika";"Výroční turistická známka";"";"";""
"1956";"110 let muzea v Bruntále, 1907 - 2017";"Česká Republika";"Výroční turistická známka";"";"";""
"1981";"11. Z Prahy do Svatojánských proudů 2017";"Česká Republika";"Výroční turistická známka";"";"";""
"1949";"10 let působení KMD na trati Kojetín - Tovačov";"Česká Republika";"Výroční turistická známka";"";"";""
"1957";"95. výročí narození Emila Zátopka";"Česká Republika";"Výroční turistická známka";"";"";""
"1961";"Stezka za obřími kraslicemi 15. 4 . 2017 Hluboká nad Vltavou";"Česká Republika";"Výroční turistická známka";"";"";""
"1962";"Veletrh FOR TRAVEL";"Česká Republika";"Výroční turistická známka";"";"";""
"1945";"80 let Letiště Praha";"Česká Republika";"Výroční turistická známka";"";"";""
"1922";"60. výročí úmrtí Gustava Frištenského";"Česká Republika";"Výroční turistická známka";"";"";"Spolek Gustava Frištenského, Litovel"
"1912";"45. výročí CHKO Labské pískovce";"Česká Republika";"Výroční turistická známka";"";"";""
"1929";"295. výročí kaple sv. Jana Nepomuckého,Valdštejn";"Česká Republika";"Výroční turistická známka";"";"";"Hrad Valdštejn (http://www.hrad-valdstejn.cz/)"
"1946";"700 let první zmínky o kostele sv. Mikuláše ve Velkém Meziříčí, 1317 - 2017";"Česká Republika";"Výroční turistická známka";"";"";"Turistické informační centrum Velké Meziříčí, Radnická 29/1 (http://www.velkemezirici.cz/)
Kostel Sv. Mikuláše (sezóna) (http://www.velkemezirici.cz/)"
"1948";"170 let od narození Františka Křižíka";"Česká Republika";"Výroční turistická známka";"";"";"Touristinformation, náměstí T. G. M. 5, Bechyně (http://www.visitbechyne.cz/)"
"1955";"5. výročí Včelího světa v Hulicích";"Česká Republika";"Výroční turistická známka";"";"";"Včelí svět, Hulice 55 (http://www.vcelisvet.cz/)"
"1958";"Nýrsko - 690 let od první písemné zmínky";"Česká Republika";"Výroční turistická známka";"";"";"Informační a kulturní středisko Nýrsko (http://www.sumava.net/icnyrsko/)"
"1960";"300 let od založení Tanaberku 1717 - 2017";"Česká Republika";"Výroční turistická známka";"";"";"Úřad městyse Všeruby (http://www.vseruby.info/spolky-sdruzeni/)
Tanaberk - při akcích pořádaných sdružením (http://www.vseruby.info/spolky-sdruzeni/)"
"1967";"700 let první písemné zmínky o majiteli hradu Bouzov";"Česká Republika";"Výroční turistická známka";"";"";"Hrad Bouzov - prodejna suvenýrů (http://www.hrad-bouzov.cz/)"
"1901";"120. výročí rozhledny Pajndl, Tisovský vrch u Nejdku 1897 - 2017";"Česká Republika";"Výroční turistická známka";"";"";""
"1970";"Zahájení provozu nostalgické linky č. 23, 2017";"Česká Republika";"Výroční turistická známka";"";"";"Turistashop - prodejna map, Bělehradská 63, Praha 2 (http://www.turistashop.cz)"
"1951";"České skautské muzeum";"Česká Republika";"Výroční turistická známka";"";"";""
"1947";"Švýcarský pochod 2017";"Česká Republika";"Výroční turistická známka";"";"";""
"1892";"215 let od otevření rozhledny Minaret v Lednici";"Česká Republika";"Výroční turistická známka";"";"";""
"1895";"85.výročí Tyršovy rozhledny u Žamberka 1932 - 2017";"Česká Republika";"Výroční turistická známka";"Ústí nad Orlicí";"Pardubický kraj";""
"1931";"15 let Podorlického skanzenu 2002 - 2017";"Česká Republika";"Výroční turistická známka";"";"";""
"1920";"Hornobělská 30";"Česká Republika";"Výroční turistická známka";"";"";""
"1902";"300 let výročí narození - Gideon Ernst von Laudon";"Česká Republika";"Výroční turistická známka";"";"";""
"1538";"XV. Český zimní sraz turistů v Domažlicích";"Česká Republika";"Výroční turistická známka";"";"";""
"1926";"90. výročí úmrtí Ing. Jana Kašpara";"Česká Republika";"Výroční turistická známka";"";"";""
"1894";"170. výročí narození Dr. Emila Holuba 1847 - 2017";"Česká Republika";"Výroční turistická známka";"";"";""
"1897";"75 let od vyhlazení Lidic, 1942 - 2017";"Česká Republika";"Výroční turistická známka";"";"";""
"1898";"75 let od vyhlazení Ležáků, 1942 - 2017";"Česká Republika";"Výroční turistická známka";"";"";""
"1909";"140. výročí Vyhlídky Karla IV. v Karlových Varech 1877 - 2017";"Česká Republika";"Výroční turistická známka";"";"";""
"1911";"115. výročí rozhledny Růžový vrch, Hora Svaté Kateřiny 1902 - 2017";"Česká Republika";"Výroční turistická známka";"";"";""
"1915";"Regiontour Brno 2017";"Česká Republika";"Výroční turistická známka";"";"";""
"1884";"140. výročí narození Karla Absolona";"Česká Republika";"Výroční turistická známka";"";"";"Informační středisko Skalní Mlýn (http://www.skalnimlyn.cz/)
Macocha - suvenýry (http://www.skalnimlyn.cz/)
Suvenýry u Skalního mlýna 96
Hotel - Skalní mlýn (http://www.caves.cz/)"
"1887";"110 let chaty Hubertka - Jizerské Hory 1907 - 2017";"Česká Republika";"Výroční turistická známka";"";"";""
"1888";"125. výročí rozhledny Štěpánka u Kořenova 1892 - 2017";"Česká Republika";"Výroční turistická známka";"";"";""
"1879";"750 let města Rožnov pod Radhoštěm";"Česká Republika";"Výroční turistická známka";"";"";""
"1885";"50 let od povýšení Velkých Pavlovic na město 1967 - 2017";"Česká Republika";"Výroční turistická známka";"";"";""
"1886";"50. výročí povýšení obce Koryčany na město";"Česká Republika";"Výroční turistická známka";"";"";""
"1891";"126. výročí od postavení Petřínské rozhledny, 1891 - 2017";"Česká Republika";"Výroční turistická známka";"";"";""
"1904";"10. ročník Ježíškovy cesty 2017 - Ježíškova dílna";"Česká Republika";"Výroční turistická známka";"";"";""
"1916";"100 let od povýšení Hejnic na město 1917 - 2017";"Česká Republika";"Výroční turistická známka";"";"";""
"1925";"10. výročí od otevření Poštovny na Sněžce";"Česká Republika";"Výroční turistická známka";"";"";""
"1934";"10 let rozhledny Ostrá horka";"Česká Republika";"Výroční turistická známka";"";"";""
"1935";"120 let výroby automobilů v Kopřivnici";"Česká Republika";"Výroční turistická známka";"";"";""
"1936";"Vodácká známka jižních Čech a Šumavy 2017";"Česká Republika";"Výroční turistická známka";"";"";""
"1937";"23 let Jižních Čech pohádkových - loutka z Týna nad Vltavou";"Česká Republika";"Výroční turistická známka";"";"";""
"1942";"300. výročí narození a 260. výročí úmrtí J. V. Stamice";"Česká Republika";"Výroční turistická známka";"";"";""
"1973";"Pohádková Šumava 2017";"Česká Republika";"Výroční turistická známka";"";"";""
"1982";"750 let města Jeseníku";"Česká Republika";"Výroční turistická známka";"";"";""
"1992";"850. výročí první písemné zmínky Roudnice nad Labem";"Česká Republika";"Výroční turistická známka";"";"";""
"2027";"120. výročí tratě Jindřichův Hradec – Nová Bystřice";"Česká Republika";"Výroční turistická známka";"";"";""
"1905";"110. výročí tratě Jindřichův Hradec – Obrataň";"Česká Republika";"Výroční turistická známka";"";"";""
"1896";"Valašský mikulášský Jarmek 2016";"Česká Republika";"Výroční turistická známka";"";"";""
"1903";"4. Podzimní setkání turistů Středočeské oblasti KČT 2016, Velké Popovice";"Česká Republika";"Výroční turistická známka";"";"";""
"1899";"90. výročí Petrin, Bruntál";"Česká Republika";"Výroční turistická známka";"";"";""
"1864";"2. svatomartinská jízda, 580 let obce Labské Chrčice";"Česká Republika";"Výroční turistická známka";"";"";""
"1852";"Oslavy lesa na Floře 2016";"Česká Republika";"Výroční turistická známka";"";"";""
"1624";"5. ročník Měsíce věží a rozhleden ČR";"Česká Republika";"Výroční turistická známka";"";"";""
"1813";"XX. Karlštejnské vinobraní";"Česká Republika";"Výroční turistická známka";"";"";""
"1873";"V. Westernová Open Show 2016, Kemp Indiana, Rýmařov - Janovice";"Česká Republika";"Výroční turistická známka";"";"";""
"1816";"13. ročník pochodu Po stopách kocoura Mikeše - Mnichovice 2016";"Česká Republika";"Výroční turistická známka";"";"";""
"1854";"Dny NATO v Ostravě & Dny Vzdušných sil AČR 2016";"Česká Republika";"Výroční turistická známka";"";"";""
"1868";"Bruntálské indiánské léto 2016";"Česká Republika";"Výroční turistická známka";"";"";""
"1817";"Festival Táborská setkání, 25. ročník";"Česká Republika";"Výroční turistická známka";"";"";""
"1869";"85. výročí položení základního kamene místeckého Sokola";"Česká Republika";"Výroční turistická známka";"";"";""
"1855";"777 let od 1. písemné zmínky o obci Šťáhlavy";"Česká Republika";"Výroční turistická známka";"";"";""
"1862";"1. setkání rodáků obce Vidlatá Seč";"Česká Republika";"Výroční turistická známka";"";"";""
"1863";"Obec Paseka 2016";"Česká Republika";"Výroční turistická známka";"";"";""
"1875";"140 let tratě Zdice - Protivín";"Česká Republika";"Výroční turistická známka";"";"";""
"1787";"Protržená přehrada na Bílé Desné, 1916 - 2016";"Česká Republika";"Výroční turistická známka";"";"";""
"1841";"Obec Radkov 1306 - 2016";"Česká Republika";"Výroční turistická známka";"";"";""
"1843";"Hefaiston 2016 - Helfštýn";"Česká Republika";"Výroční turistická známka";"";"";""
"1795";"Mohelnický dostavník 2016";"Česká Republika";"Výroční turistická známka";"";"";""
"1765";"Pohádková 65-ka s Pohádkovým kancléřem, 23.8. 2016 Jižní Čechy";"Česká Republika";"Výroční turistická známka";"";"";""
"1830";"750 let obce Stará Červená Voda";"Česká Republika";"Výroční turistická známka";"";"";""
"1783";"Tolštejnské panství 2016";"Česká Republika";"Výroční turistická známka";"";"";""
"1847";"Hody svatého Vavřince ve Štěpánově 2016";"Česká Republika";"Výroční turistická známka";"";"";""
"1860";"Velká Cena Indiana - mistrovství Evropy ve westernových disciplínách 2016";"Česká Republika";"Výroční turistická známka";"";"";""
"1829";"Jižní Čechy olympijské 2016";"Česká Republika";"Výroční turistická známka";"";"";""
"1776";"5. Výročí otevření Zoo Bošovice";"Česká Republika";"Výroční turistická známka";"";"";""
"1684";"650. výročí založení obce Lhůta";"Česká Republika";"Výroční turistická známka";"";"";""
"1838";"Velké rytířské slavnosti, Pražský hrad 2016";"Česká Republika";"Výroční turistická známka";"";"";""
"1845";"Turistické léto 2016 s Posázavským pacifikem";"Česká Republika";"Výroční turistická známka";"";"";""
"1846";"Dekorování znalců ČR 2016";"Česká Republika";"Výroční turistická známka";"";"";""
"1831";"Fort Fest CZ Králíky";"Česká Republika";"Výroční turistická známka";"";"";""
"1848";"Otáčivé hlediště Český Krumlov 2016";"Česká Republika";"Výroční turistická známka";"";"";""
"1839";"BAHNA 2016";"Česká Republika";"Výroční turistická známka";"";"";""
"1811";"685 let od udělení městských práv a 145 let železnice v Chotěboři";"Česká Republika";"Výroční turistická známka";"";"";""
"1798";"50. ročník Krakonošovy stovky";"Česká Republika";"Výroční turistická známka";"";"";""
"1759";"Záchranný program pro Hvozdík písečný český 2016, 65 let NPP Kleneč";"Česká Republika";"Výroční turistická známka";"";"";""
"1728";"145 let spolku Vltavan v Praze";"Česká Republika";"Výroční turistická známka";"";"";""
"1775";"145 let spolku Vltavan v Praze - voraři";"Česká Republika";"Výroční turistická známka";"";"";""
"1825";"LeaderFEST 2016 - Karlova Studánka";"Česká Republika";"Výroční turistická známka";"";"";""
"1789";"Výroční vyhlášení lodní dopravy na Slezské Hartě - Přívoz 2016";"Česká Republika";"Výroční turistická známka";"";"";""
"1727";"60 let od otevření ZOO Olomouc";"Česká Republika";"Výroční turistická známka";"";"";""
"1799";"IV. NÁRODNÍ OLDSKAUTSKÉ JAMBOREE Miletín 2016";"Česká Republika";"Výroční turistická známka";"";"";""
"1752";"70. výročí konání Májů v Lensedlích (1946-2016)";"Česká Republika";"Výroční turistická známka";"";"";""
"1809";"18. Městské slavnosti ve Slaném";"Česká Republika";"Výroční turistická známka";"";"";""
"1818";"51. ročník pochod Praha - Prčice 2016";"Česká Republika";"Výroční turistická známka";"";"";""
"1793";"Výstava Turistických známek v Muzeu Betlémů Karlštejn";"Česká Republika";"Výroční turistická známka";"";"";""
"1800";"10. sešlost sběratelů Turistických známek - Liberec 2016";"Česká Republika";"Výroční turistická známka";"";"";""
"1788";"120. výročí KČT Rokycany, 2. výročí rozhledny Na Kotli";"Česká Republika";"Výroční turistická známka";"";"";""
"1778";"Po zarostlém chodníčku 2016";"Česká Republika";"Výroční turistická známka";"";"";""
"1785";"Pomáháme dětem - Bílý Kámen, 23. ročník";"Česká Republika";"Výroční turistická známka";"";"";""
"1791";"120. výročí poštovny na Biskupské kupě";"Česká Republika";"Výroční turistická známka";"";"";""
"1790";"10. plavba Z Prahy do Svatojánských proudů a 13. Vzpomínka na Svatojánské proudy";"Česká Republika";"Výroční turistická známka";"";"";""
"1802";"Výstava Turistických známek - hrad Loket";"Česká Republika";"Výroční turistická známka";"";"";""
"1815";"150 let státní dráhy z Brna přes Moravský Krumlov do Vídně a Znojma";"Česká Republika";"Výroční turistická známka";"";"";""
"1780";"700 let ušlechtilého manství hradu Kámen";"Česká Republika";"Výroční turistická známka";"";"";""
"1726";"VI. Veletrh cestovního ruchu Slovácka";"Česká Republika";"Výroční turistická známka";"";"";""
"1699";"890 let od 1. písemné zprávy o Kyjově, 1126 - 2016";"Česká Republika";"Výroční turistická známka";"";"";""
"1705";"Veletrh Holiday World 2016";"Česká Republika";"Výroční turistická známka";"";"";""
"1597";"900 let mlynářského erbu Jarošův mlýn Veverská Bítýška";"Česká Republika";"Výroční turistická známka";"";"";""
"1672";"Tourism Expo 2016, Výstaviště Flora Olomouc";"Česká Republika";"Výroční turistická známka";"";"";""
"1640";"Regiontour Brno 2016";"Česká Republika";"Výroční turistická známka";"";"";""
"1512";"700 let Karla IV.";"Česká Republika";"Výroční turistická známka";"";"";""
"1582";"150 let od Prusko - rakouské války";"Česká Republika";"Výroční turistická známka";"";"";""
"1589";"110. výročí Schillerovy rozhledny";"Česká Republika";"Výroční turistická známka";"";"";""
"1591";"20. výročí zápisu Lednicko - valtického areálu na seznam UNESCO";"Česká Republika";"Výroční turistická známka";"";"";""
"1598";"25 let Národního parku Podyjí";"Česká Republika";"Výroční turistická známka";"";"";""
"1599";"130. výročí založení Muzea Českého ráje v Turnově";"Česká Republika";"Výroční turistická známka";"";"";""
"1600";"30 let otevření památníku Josefa Lady";"Česká Republika";"Výroční turistická známka";"";"";""
"1601";"50. výročí vyhlášení Národní přírodní památka Velký Roudný";"Česká Republika";"Výroční turistická známka";"";"";""
"1602";"145 let výtopny Lužná - Lišany";"Česká Republika";"Výroční turistická známka";"";"";""
"1604";"125. výročí rozhledny Jedlová";"Česká Republika";"Výroční turistická známka";"";"";""
"1606";"85. výročí odhalení sochy Radegasta - 5.7. 1931";"Česká Republika";"Výroční turistická známka";"";"";""
"1608";"75. výročí narození Jiřího Rašky, 1941 - 2016";"Česká Republika";"Výroční turistická známka";"";"";""
"1612";"190. výročí vydání Domací kuchařky M.D.Rettigové";"Česká Republika";"Výroční turistická známka";"";"";""
"1613";"300 let Dlaskova Statku";"Česká Republika";"Výroční turistická známka";"";"";""
"1614";"180. výročí umrtí K. H. Máchy , 650 let založení Máchova jezera";"Česká Republika";"Výroční turistická známka";"";"";""
"1615";"50. výročí vyhlášení Národní přírodní rezervace Rešovské vodopády";"Česká Republika";"Výroční turistická známka";"";"";""
"1619";"155. výročí narození zakladatele Ondřejovské hvězdárny J. J. Frič";"Česká Republika";"Výroční turistická známka";"";"";""
"1622";"10. výročí otevření Zvonice na Soláni";"Česká Republika";"Výroční turistická známka";"";"";""
"1623";"21 let Jižních Čech pohádkových 2016";"Česká Republika";"Výroční turistická známka";"";"";""
"1625";"26 let Českého svazu rekreačního sportu";"Česká Republika";"Výroční turistická známka";"";"";""
"1626";"Vodácká pohádková známka 2016";"Česká Republika";"Výroční turistická známka";"";"";""
"1628";"880 let od první písemné zmínky Blanska";"Česká Republika";"Výroční turistická známka";"";"";""
"1630";"550 let od založení knížecího pivovaru ve Vysokém Chlumci";"Česká Republika";"Výroční turistická známka";"";"";""
"1632";"1. výročí otevření rozhledny Máminka";"Česká Republika";"Výroční turistická známka";"";"";""
"1635";"25. výročí úmrtí Franty Kocourka";"Česká Republika";"Výroční turistická známka";"";"";""
"1636";"545. výročí úmrtí krále Jiřího z Kunštátu a Poděbrad";"Česká Republika";"Výroční turistická známka";"";"";""
"1637";"40. výročí vyhlášení CHKO Pálava";"Česká Republika";"Výroční turistická známka";"";"";""
"1638";"885. výročí vysvěcení katedrály sv. Václava v Olomouci";"Česká Republika";"Výroční turistická známka";"";"";""
"1658";"25. výročí Muzea průmyslových železnic ve Zbýšově";"Česká Republika";"Výroční turistická známka";"";"";""
"1659";"150. výročí bitvy u Hradce Králové 1866 - Königgrätz 2016";"Česká Republika";"Výroční turistická známka";"";"";""
"1660";"450 let od vzniku obce Malá Úpa (1566 - 2016)";"Česká Republika";"Výroční turistická známka";"";"";""
"1661";"90 let rozhledny Chlum v Plzni";"Česká Republika";"Výroční turistická známka";"";"";""
"1665";"9. ročník Ježíškovy cesty 2016 - Ťápula";"Česká Republika";"Výroční turistická známka";"";"";""
"1670";"10. výročí Turistického informačního centra v Nymburce";"Česká Republika";"Výroční turistická známka";"";"";""
"1679";"160. výročí úmrtí K. H. Borovského";"Česká Republika";"Výroční turistická známka";"";"";""
"1685";"125. výročí od postavení Petřínské rozhledny, 1891 - 2016";"Česká Republika";"Výroční turistická známka";"";"";""
"1687";"720 let města Šternberk";"Česká Republika";"Výroční turistická známka";"";"";""
"1689";"470 let narození Tyge Ottesen Brahe 1546 - 2016";"Česká Republika";"Výroční turistická známka";"";"";""
"1692";"150 let Zemědělské školy Tábor, 1866 - 2016";"Česká Republika";"Výroční turistická známka";"";"";""
"1693";"15. výročí rozhledny Rosičky";"Česká Republika";"Výroční turistická známka";"";"";""
"1698";"85 let zoologické zahrady v Troji, 1931 - 2016";"Česká Republika";"Výroční turistická známka";"";"";""
"1703";"55 let od otevření rozhledny Babí lom";"Česká Republika";"Výroční turistická známka";"";"";""
"1707";"10. výročí rozhledny Kraví hora, 2006 - 2016";"Česká Republika";"Výroční turistická známka";"";"";""
"1708";"90 let hotelu Tanečnica";"Česká Republika";"Výroční turistická známka";"";"";""
"1709";"95 let Chaty Prašivá";"Česká Republika";"Výroční turistická známka";"";"";""
"1717";"170. výročí narození Jana Karafiáta, Jimramov";"Česká Republika";"Výroční turistická známka";"";"";""
"1719";"85. výročí otevření Jeskyně Blanických rytířů";"Česká Republika";"Výroční turistická známka";"";"";""
"1724";"85 let města Třince";"Česká Republika";"Výroční turistická známka";"";"";""
"1734";"760 let od první písemné zmínky o Bohumíně 1256 - 2016";"Česká Republika";"Výroční turistická známka";"";"";""
"1737";"660 let od založení Hradu Kašperk 1356 - 2016";"Česká Republika";"Výroční turistická známka";"";"";""
"1739";"25. výročí odchodu sovětských vojsk z ČSFR";"Česká Republika";"Výroční turistická známka";"";"";""
"1750";"60 let s Milanem Poláčkem, královským komořím 1956 - 2016";"Česká Republika";"Výroční turistická známka";"";"";""
"1754";"20. výročí zapsání Lednicko - valtického areálu do UNESCO - Janův hrad";"Česká Republika";"Výroční turistická známka";"";"";""
"1755";"20. výročí zapsání Lednicko - valtického areálu do UNESCO - Minaret Lednice";"Česká Republika";"Výroční turistická známka";"";"";""
"1756";"20. výročí zapsání Lednicko - valtického areálu do UNESCO - Zámek Valtice";"Česká Republika";"Výroční turistická známka";"";"";""
"1757";"20. výročí zapsání Lednicko - valtického areálu do UNESCO - Chrám Apollo";"Česká Republika";"Výroční turistická známka";"";"";""
"1758";"20. výročí zapsání Lednicko - valtického areálu do UNESCO - Zámek Lednice";"Česká Republika";"Výroční turistická známka";"";"";""
"1764";"760 LET OD PRVNÍ PÍSEMNÉ ZMÍNKY O MĚSTĚ SVITAVY";"Česká Republika";"Výroční turistická známka";"";"";""
"1766";"100 let od nástupu na trůn - císař Karel I.";"Česká Republika";"Výroční turistická známka";"";"";""
"1769";"500 let založení města Jáchymov";"Česká Republika";"Výroční turistická známka";"";"";""
"1777";"750 let od založení města Frýdek - Místek";"Česká Republika";"Výroční turistická známka";"";"";""
"1779";"Bitva u Mnichova Hradiště 28.6.1866";"Česká Republika";"Výroční turistická známka";"";"";""
"1781";"700 let města Liběchov";"Česká Republika";"Výroční turistická známka";"";"";""
"1782";"Klášter Kladruby - Zlatá cesta VIA CAROLINA 2016";"Česká Republika";"Výroční turistická známka";"";"";""
"1784";"Vandrování Šumavou 2016";"Česká Republika";"Výroční turistická známka";"";"";""
"1801";"Vejprnice - Zlatá cesta VIA CAROLINA 2016";"Česká Republika";"Výroční turistická známka";"";"";""
"1803";"Lednicko – valtický areál 2016 - Archa parku – encyklopedie stylů";"Česká Republika";"Výroční turistická známka";"";"";""
"1807";"Beroun - Zlatá cesta VIA CAROLINA 2016";"Česká Republika";"Výroční turistická známka";"";"";""
"1824";"700 let Kostelce nad Orlicí";"Česká Republika";"Výroční turistická známka";"";"";""
"1826";"Spálené Poříčí - 777 let od první písemné zmínky";"Česká Republika";"Výroční turistická známka";"";"";""
"1827";"Rokycany - Zlatá cesta VIA CAROLINA 2016";"Česká Republika";"Výroční turistická známka";"";"";""
"1832";"80 let zahájení stavby opevnění na Králicku";"Česká Republika";"Výroční turistická známka";"";"";""
"1840";"790 let města Znojma";"Česká Republika";"Výroční turistická známka";"";"";""
"1844";"Valašské království 2016";"Česká Republika";"Výroční turistická známka";"";"";"Valašské království"
"1851";"550 let od 1. písemné zmínky obce Horní Maršov";"Česká Republika";"Výroční turistická známka";"";"";""
"1853";"Otevření kostela Nanebevzetí Panny Marie";"Česká Republika";"Výroční turistická známka";"";"";""
"1621";"Znovuobnovení železniční tratě Aš – Selb 13. 12. 2015";"Česká Republika";"Výroční turistická známka";"";"";""
"1551";"210. výročí Bitvy u Slavkova";"Česká Republika";"Výroční turistická známka";"";"";""
"1617";"3. Podzimní setkání turistů Středočeské oblasti KČT 2015";"Česká Republika";"Výroční turistická známka";"";"";""
"1618";"90 let Hornického domu v Sokolově 1925 – 2015";"Česká Republika";"Výroční turistická známka";"";"";""
"1616";"Kaple sv. Marie Magdalény v Bohučovicích, 1915 - 2015";"Česká Republika";"Výroční turistická známka";"";"";""
"1581";"Výstava aut z marcipánu a čokolády - Muzeum čokolády a marcipánu Tábor 2015";"Česká Republika";"Výroční turistická známka";"";"";""
"1605";"210. výročí Slezského divadla v Opavě";"Česká Republika";"Výroční turistická známka";"";"";""
"1603";"IV. Westernová Open Show 2015, Kemp Indiana, Rýmařov - Janovice";"Česká Republika";"Výroční turistická známka";"";"";""
"1571";"Oslavy lesa na Floře 2015";"Česká Republika";"Výroční turistická známka";"";"";""
"1593";"1. přistání letounu typu Boeing 737 v Ostravě 2. 10. 1990";"Česká Republika";"Výroční turistická známka";"";"";""
"1478";"4. ročník Měsíce věží a rozhleden České republiky";"Česká Republika";"Výroční turistická známka";"";"";""
"1523";"Karlštejnské vinobraní 2015";"Česká Republika";"Výroční turistická známka";"";"";""
"1590";"70 let Divadelního spolku J. K. Tyl Josefův Důl";"Česká Republika";"Výroční turistická známka";"";"";""
"1496";"Dny NATO v Ostravě & Dny Vzdušných sil AČR 2015";"Česká Republika";"Výroční turistická známka";"";"";""
"1574";"12. ročník pochodu Po stopách kocoura Mikeše - Mnichovice 2015";"Česká Republika";"Výroční turistická známka";"";"";""
"1583";"Průhonický park - 130 let";"Česká Republika";"Výroční turistická známka";"";"";""
"1588";"Slavnostní otevření rozhledny Kelčský Javorník 2015";"Česká Republika";"Výroční turistická známka";"";"";""
"1544";"Hartmanice - 700 let první písemné zmínky";"Česká Republika";"Výroční turistická známka";"";"";""
"1586";"Bruntálské indiánské léto 2015";"Česká Republika";"Výroční turistická známka";"";"";""
"1592";"Otevření rozhledny - vodárna Kolín";"Česká Republika";"Výroční turistická známka";"";"";""
"1585";"Orlovská šlápota (1991 - 2015)";"Česká Republika";"Výroční turistická známka";"";"";""
"1559";"Hefaiston 2015 - Helfštýn";"Česká Republika";"Výroční turistická známka";"";"";""
"1550";"Mohelnický dostavník 2015";"Česká Republika";"Výroční turistická známka";"";"";""
"1565";"120 let od otevření Chaty Macochy 1895 - 2015";"Česká Republika";"Výroční turistická známka";"";"";""
"1539";"10 let divadla MIMOCHODEM v Ledči n. S. 2005 - 2015";"Česká Republika";"Výroční turistická známka";"";"";""
"1502";"Tolštejnské panství 2015";"Česká Republika";"Výroční turistická známka";"";"";""
"1573";"Borůvkové hody 2015, Malá Morávka";"Česká Republika";"Výroční turistická známka";"";"";""
"1469";"Slovácký rok v Kyjově 1921 - 2015";"Česká Republika";"Výroční turistická známka";"";"";""
"1577";"Velká Cena Indiana - mistrovství Evropy ve westernových disciplínách 2015";"Česká Republika";"Výroční turistická známka";"";"";""
"1569";"Výročí 725 let obce Černá Voda";"Česká Republika";"Výroční turistická známka";"";"";""
"1540";"30. voroplavba po Berounce 2015";"Česká Republika";"Výroční turistická známka";"";"";""
"1557";"650. výročí první písemné zmínky o obci Ostrov nad Oslavou";"Česká Republika";"Výroční turistická známka";"";"";""
"1564";"Slavnosti Mistra Jana Husa na Krakovci 2015";"Česká Republika";"Výroční turistická známka";"";"";""
"1560";"Otáčivé hlediště Český Krumlov 2015";"Česká Republika";"Výroční turistická známka";"";"";""
"1562";"450 let od založení zámku Mitrowicz, 1565 - 2015";"Česká Republika";"Výroční turistická známka";"";"";""
"1558";"Posázavské linky 2015 - 2016";"Česká Republika";"Výroční turistická známka";"";"";""
"1561";"Dekorování znalců ČR 2015";"Česká Republika";"Výroční turistická známka";"";"";""
"1513";"XV. ročník Svátků dřeva, Žamberk, 2001 - 2015";"Česká Republika";"Výroční turistická známka";"";"";""
"1556";"BAHNA 2015";"Česká Republika";"Výroční turistická známka";"";"";""
"1525";"750 let Chotěboře – výročí první písemné zmínky";"Česká Republika";"Výroční turistická známka";"";"";""
"1529";"Luhačovice 1915 - 2015 - 100 let od prohlášení za místo léčebné";"Česká Republika";"Výroční turistická známka";"";"";""
"1553";"80 let provozu pravidelného leteckého spojení mezi Ostravou a Prahou";"Česká Republika";"Výroční turistická známka";"";"";""
"1494";"120 let trati Kojetín - Tovačov";"Česká Republika";"Výroční turistická známka";"";"";""
"1511";"20. výročí návštěvy papeže Jana Pavla II. na Svatém Kopečku u Olomouce";"Česká Republika";"Výroční turistická známka";"";"";""
"1520";"120 let od otevření chaty Javorový";"Česká Republika";"Výroční turistická známka";"";"";""
"1535";"50. ročník pochod Praha - Prčice 2015";"Česká Republika";"Výroční turistická známka";"";"";""
"1542";"Trutnov - Už ho nesou 2015";"Česká Republika";"Výroční turistická známka";"";"";""
"1465";"9. sešlost sběratelů Turistických známek - Adršpach 2015";"Česká Republika";"Výroční turistická známka";"";"";""
"1514";"5. výročí otevření Muzea veteránů Olešnice";"Česká Republika";"Výroční turistická známka";"";"";""
"1530";"Pomáháme dětem - Bílý Kámen, 22. ročník";"Česká Republika";"Výroční turistická známka";"";"";""
"1533";"Výstava Turistických známek - hrad Český Šternberk";"Česká Republika";"Výroční turistická známka";"";"";""
"1534";"Slavnostní otevření nového návštěvnického centra s vyhlídkovou věží, Mikulčice 2015";"Česká Republika";"Výroční turistická známka";"";"";""
"1501";"Výročí postavení kubistického kostela Českobratrské církve evangelické, Pečky 2015";"Česká Republika";"Výroční turistická známka";"";"";""
"1508";"Šermířské vystoupení na hoře Říp 2015";"Česká Republika";"Výroční turistická známka";"";"";""
"1531";"Dny české historie";"Česká Republika";"Výroční turistická známka";"";"";""
"1504";"25. výročí vzniku Českého sdružení přátel betlémů";"Česká Republika";"Výroční turistická známka";"";"";""
"1506";"1210 let řeky Ohře";"Česká Republika";"Výroční turistická známka";"";"";""
"1507";"Slavnostní otevření Retroautomuzea - Strnadice 2015";"Česká Republika";"Výroční turistická známka";"";"";""
"1515";"Jarní setkání turistů na Výhledech";"Česká Republika";"Výroční turistická známka";"";"";""
"1517";"Středověký festival rytíře Kobylky 2015";"Česká Republika";"Výroční turistická známka";"";"";""
"1518";"Slavnostní otevření Drtinovy rozhledny na Besedné 2015";"Česká Republika";"Výroční turistická známka";"";"";""
"1461";"130. výročí zpřístupnění Jeskyně Na Špičáku";"Česká Republika";"Výroční turistická známka";"";"";""
"1483";"30. výročí od nálezu relikviáře sv. Maura";"Česká Republika";"Výroční turistická známka";"";"";""
"1486";"550 let zámku Nový Hrad - Jimlín, 1465 - 2015";"Česká Republika";"Výroční turistická známka";"";"";""
"1578";"Pohádkování 2015";"Česká Republika";"Výroční turistická známka";"";"";""
"1500";"20. ročník Loučení se zimou na Koukolově hoře";"Česká Republika";"Výroční turistická známka";"";"";""
"1491";"30 let zahájení provozu metra trasy B - Zličín - Černý Most 2. 11. 1985";"Česká Republika";"Výroční turistická známka";"";"";""
"1488";"Expozice Rýmařov - Dějiny textilnictví na Rýmařovsku 2015";"Česká Republika";"Výroční turistická známka";"";"";""
"1482";"Plzeň - Evropské hlavní město kultury 2015";"Česká Republika";"Výroční turistická známka";"";"";""
"1480";"Regiontour Brno 2015";"Česká Republika";"Výroční turistická známka";"";"";""
"1470";"1150 let od příchodu svatých Cyrila a Metoděje, Hamiltony - Strachotínka";"Česká Republika";"Výroční turistická známka";"";"";""
"1473";"Most - Evropské město sportu 2015";"Česká Republika";"Výroční turistická známka";"";"";""
"1474";"25 let Českého svazu rekreačního sportu 1990 - 2015";"Česká Republika";"Výroční turistická známka";"";"";""
"1476";"110 let Kurzovy věže na Čerchově";"Česká Republika";"Výroční turistická známka";"";"";""
"1477";"750 let města Beroun";"Česká Republika";"Výroční turistická známka";"";"";""
"1479";"50 let SK Pedagog České Budějovice";"Česká Republika";"Výroční turistická známka";"";"";""
"1485";"8. ročník Ježíškovy cesty 2015 - drak";"Česká Republika";"Výroční turistická známka";"";"";""
"1489";"20 let od zápisu na Seznam světového kulturního dědictví UNESCO, Kutná Hora 1995 - 2015";"Česká Republika";"Výroční turistická známka";"";"";""
"1490";"170 let dráhy Olomouc - Pardubice - Praha, 25 let Pardubického spolku historie železniční dopravy";"Česká Republika";"Výroční turistická známka";"";"";""
"1495";"750 let od založení města České Budějovice";"Česká Republika";"Výroční turistická známka";"";"";""
"1497";"Středočeská desítka 2015";"Česká Republika";"Výroční turistická známka";"";"";""
"1498";"370. výročí obléhání města Brna Švédy";"Česká Republika";"Výroční turistická známka";"";"";""
"1510";"750 let města Poličky";"Česká Republika";"Výroční turistická známka";"";"";""
"1516";"Valašské království 2015";"Česká Republika";"Výroční turistická známka";"";"";""
"1521";"150 let Pražské paroplavební společnosti";"Česká Republika";"Výroční turistická známka";"";"";""
"1526";"Lednicko – valtický areál 2015 - Lázeňská kolonáda v Lednici";"Česká Republika";"Výroční turistická známka";"";"";""
"1527";"Vodácká pohádková známka 2015";"Česká Republika";"Výroční turistická známka";"";"";""
"1537";"20. výročí založení Muzea betlémů Karlštejn";"Česká Republika";"Výroční turistická známka";"";"";""
"1541";"Ředitelství opevňovacích prací - 80 let od zřízení";"Česká Republika";"Výroční turistická známka";"";"";""
"1543";"25 let Muzea čs. opevnění - dělostřelecké tvrze Bouda";"Česká Republika";"Výroční turistická známka";"";"";""
"1554";"100 let od první rekonstrukce rozhledny na Svatém Hostýně";"Česká Republika";"Výroční turistická známka";"";"";""
"1563";"25 let od založení 1. střediska Zálesák, České Budějovice";"Česká Republika";"Výroční turistická známka";"";"";""
"1567";"70. výročí konce druhé světové války";"Česká Republika";"Výroční turistická známka";"";"";""
"1475";"Silvestrovský výstup na Javořici 2014";"Česká Republika";"Výroční turistická známka";"";"";""
"1467";"20 let Jižních Čech pohádkových s Jaroslavem Kerlesem";"Česká Republika";"Výroční turistická známka";"";"";""
"770";"Studentský pochod ISŠTE Sokolov 40. ročník";"Česká Republika";"Výroční turistická známka";"";"";""
"1451";"100. výročí posvěcení kostela sv. Antonína v Holešovicích - Praha 7";"Česká Republika";"Výroční turistická známka";"";"";""
"1464";"Westernová Open Show 2014 - Boskovice";"Česká Republika";"Výroční turistická známka";"";"";""
"1440";"Oslavy lesa na Floře 2014";"Česká Republika";"Výroční turistická známka";"";"";""
"1443";"25 let obnovy skautingu, 2014";"Česká Republika";"Výroční turistická známka";"";"";""
"1453";"LIBOSAD MALÉHO NOE 2014 - PŘEROV";"Česká Republika";"Výroční turistická známka";"";"";""
"1439";"125.výročí založení muzea v Lounech";"Česká Republika";"Výroční turistická známka";"";"";""
"1319";"3. ročník Měsíce věží a rozhleden ČR 2014";"Česká Republika";"Výroční turistická známka";"";"";""
"1398";"Karlštejnské vinobraní 2014";"Česká Republika";"Výroční turistická známka";"";"";""
"1442";"Přístav volá 2014";"Česká Republika";"Výroční turistická známka";"";"";""
"1458";"Slavnostní otevření rozhledny Tachov Vysoká";"Česká Republika";"Výroční turistická známka";"";"";""
"1445";"Dny NATO v Ostravě & Dny Vzdušných sil AČR 2014";"Česká Republika";"Výroční turistická známka";"";"";""
"1455";"11. Po stopách kocoura Mikeše - Mnichovice 2014";"Česká Republika";"Výroční turistická známka";"";"";""
"1403";"300. výročí kaple Povýšení sv. Kříže, Svatý Jan pod Skalou";"Česká Republika";"Výroční turistická známka";"";"";""
"1419";"110 let Muzea města Brna";"Česká Republika";"Výroční turistická známka";"";"";""
"1456";"Bruntálské Indiánské léto 2014";"Česká Republika";"Výroční turistická známka";"";"";""
"1437";"450. výročí narození Kryštofa Haranta - dobývání hradu Pecka";"Česká Republika";"Výroční turistická známka";"";"";""
"1441";"Slavnostní otevření rozhledny Cibulka - Oloví, Krušné hory";"Česká Republika";"Výroční turistická známka";"";"";""
"1432";"Hefaiston 2014 - Helfštýn";"Česká Republika";"Výroční turistická známka";"";"";""
"1415";"Mohelnický dostavník 2014";"Česká Republika";"Výroční turistická známka";"";"";""
"1436";"830 let města Milevska";"Česká Republika";"Výroční turistická známka";"";"";""
"1446";"Borůvkové hody 2014, Malá Morávka";"Česká Republika";"Výroční turistická známka";"";"";""
"1452";"Setkání na Alfrédce 16. srpna 2014";"Česká Republika";"Výroční turistická známka";"";"";""
"1449";"Slavnostní otevření expozice - Pavilon skla Klatovy";"Česká Republika";"Výroční turistická známka";"";"";""
"1416";"Otevření pavilonu kober - Zoologická zahrada Dvorec 2014";"Česká Republika";"Výroční turistická známka";"";"";""
"1450";"Pouť Svatého Vavřince 2014";"Česká Republika";"Výroční turistická známka";"";"";""
"1362";"750 let od podepsání zakládací listiny hradu Bezdězu";"Česká Republika";"Výroční turistická známka";"";"";""
"1433";"Velká Cena Indiana - mistrovství Evropy ve westernových disciplínách 2014";"Česká Republika";"Výroční turistická známka";"";"";""
"1438";"12. STŘEDOEVROPSKÉ JAMBOREE 2014";"Česká Republika";"Výroční turistická známka";"";"";""
"1444";"FÉNIX otevřel zámek Zelená Hora 2014";"Česká Republika";"Výroční turistická známka";"";"";""
"1335";"600 let od první písemné zmínky o obci Mladý Smolivec";"Česká Republika";"Výroční turistická známka";"";"";""
"1330";"10 let zábavy na Zubštejně";"Česká Republika";"Výroční turistická známka";"";"";""
"1337";"140 let od založení sboru dobrovolných hasičů města Sušice";"Česká Republika";"Výroční turistická známka";"";"";""
"1430";"Setkání Jeníčků a Mařenek u Perníkové chaloupky 6.7.2014";"Česká Republika";"Výroční turistická známka";"";"";""
"1427";"160. výročí narození Leoše Janáčka a vyznačení naučné stezky - L. Janáček očima dětí";"Česká Republika";"Výroční turistická známka";"";"";""
"1428";"130 let Pohorské jednoty Radhošť";"Česká Republika";"Výroční turistická známka";"";"";""
"1454";"Vandrování Šumavou 2014";"Česká Republika";"Výroční turistická známka";"";"";""
"1391";"Velká válka – výstava v Technickém muzeu v Brně";"Česká Republika";"Výroční turistická známka";"";"";""
"1409";"80. výročí kapličky sv. Petra a Pavla, Nová Ves";"Česká Republika";"Výroční turistická známka";"";"";""
"1422";"VELKÁ VÁLKA 1914-2014, Hrad a pevnost Špilberk";"Česká Republika";"Výroční turistická známka";"";"";""
"1431";"Otevření INFOCENTRA A MUZEA TURISTICKÝCH ZNÁMEK, Janovice u Rýmařova";"Česká Republika";"Výroční turistická známka";"";"";""
"1423";"Tajemný svět fezů – 30 let KSFN";"Česká Republika";"Výroční turistická známka";"";"";""
"1325";"440 let od pobytu krále Jindřicha III. z Valois Velká Bystřice";"Česká Republika";"Výroční turistická známka";"";"";""
"1392";"100 letá výstava v Chocni";"Česká Republika";"Výroční turistická známka";"";"";""
"1386";"Slavnostní vysvěcení Kaple sv. Antonína Paduánského, Vyskytná nad Jihlavou";"Česká Republika";"Výroční turistická známka";"";"";""
"1400";"Líšeňský kostelíček Panny Marie Pomocnice, 100. výročí obnovení poutní kaple 1914 - 2014";"Česká Republika";"Výroční turistická známka";"";"";""
"1405";"100 let trati Litovel – Senice na Hané, Litovel předměstí – Mladeč";"Česká Republika";"Výroční turistická známka";"";"";""
"1414";"Otevření rozhledny Havran 14. 6. 2014";"Česká Republika";"Výroční turistická známka";"";"";""
"1418";"17 let Tábořiště a hospody u Vikinga 1997 - 2014";"Česká Republika";"Výroční turistická známka";"";"";""
"1321";"Tolštejnské panství 2014";"Česká Republika";"Výroční turistická známka";"";"";""
"1406";"110 let trati Petrov nad Desnou – Kouty nad Desnou";"Česká Republika";"Výroční turistická známka";"";"";""
"1412";"BAHNA 2014";"Česká Republika";"Výroční turistická známka";"";"";""
"1320";"3. národní oldskautské Jamboree";"Česká Republika";"Výroční turistická známka";"";"";""
"1411";"290 let od založení Molenburku - místní části obce Vysočany";"Česká Republika";"Výroční turistická známka";"";"";""
"1425";"Výstava Turistických známek, Rapotín 2014";"Česká Republika";"Výroční turistická známka";"";"";""
"1399";"Rozhledna Nová Ves 2014 - Jeseníky";"Česká Republika";"Výroční turistická známka";"";"";""
"1426";"Otáčivé hlediště Český Krumlov 2014";"Česká Republika";"Výroční turistická známka";"";"";""
"1313";"8. sešlost sběratelů Turistických známek - Klatovy 2014";"Česká Republika";"Výroční turistická známka";"";"";""
"1388";"49. ročník pochod Praha - Prčice 2014";"Česká Republika";"Výroční turistická známka";"";"";""
"1390";"Slánské městské slavnosti 2014";"Česká Republika";"Výroční turistická známka";"";"";""
"1312";"Staroveské šlápoty 35. ročník DP 10. 5. 2014";"Česká Republika";"Výroční turistická známka";"";"";""
"1357";"8. sešlost klubu přátel P 12 - Hradec Králové 2014";"Česká Republika";"Výroční turistická známka";"";"";""
"1378";"15 let benefiční sbírky AKCE CIHLA";"Česká Republika";"Výroční turistická známka";"";"";""
"1333";"Pomáháme dětem - Bílý Kámen, 21. ročník";"Česká Republika";"Výroční turistická známka";"";"";""
"1385";"Hrabalova Libeň 2014";"Česká Republika";"Výroční turistická známka";"";"";""
"1435";"Lednicko - valtický areál 2014 - Lednické parní léto";"Česká Republika";"Výroční turistická známka";"";"";""
"1225";"40. ročník pochodu „Krajem českých sklářů“";"Česká Republika";"Výroční turistická známka";"";"";""
"1331";"Šermířské vystoupení na hoře Říp 2014";"Česká Republika";"Výroční turistická známka";"";"";""
"1377";"10. výročí - Od soumraku do úsvitu, Zlín";"Česká Republika";"Výroční turistická známka";"";"";""
"1379";"25 let Square dance clubu Šumaváček";"Česká Republika";"Výroční turistická známka";"";"";""
"1373";"Otevření muzea hraček Lednice 18. 4. 2014";"Česká Republika";"Výroční turistická známka";"";"";"Muzeum hraček, Lednice"
"1382";"Veletrh Regiony ČR a dovolená 2014, Lysá nad Labem";"Česká Republika";"Výroční turistická známka";"";"";""
"1334";"Vánoční dvůr Dobrovíz 2014";"Česká Republika";"Výroční turistická známka";"";"";""
"1317";"Spojeni v životě i smrti, Konopiště 2014";"Česká Republika";"Výroční turistická známka";"";"";""
"1413";"Pohádkování 2014";"Česká Republika";"Výroční turistická známka";"";"";""
"1447";"20 let Zemědělský skanzen Rapotín 1994 - 2014";"Česká Republika";"Výroční turistická známka";"";"";""
"1308";"550. výročí mírové mise krále Jiřího z Poděbrad";"Česká Republika";"Výroční turistická známka";"";"";""
"1322";"Veletrh Holiday World 2014";"Česká Republika";"Výroční turistická známka";"";"";""
"1290";"100 let od narození Thora Heyerdala";"Česká Republika";"Výroční turistická známka";"";"";""
"1318";"Letiště Leoše Janáčka Ostrava – 55 let zahájení civilního provozu";"Česká Republika";"Výroční turistická známka";"";"";""
"1316";"Šumavská 30, Nová Pec 2014";"Česká Republika";"Výroční turistická známka";"";"";""
"1315";"Regiontour Brno 2014";"Česká Republika";"Výroční turistická známka";"";"";""
"1234";"400 let od úmrtí Lukrécie Nekšové z Landeka, 380 let od úmrtí Albrechta z Valdštejna";"Česká Republika";"Výroční turistická známka";"";"";""
"1296";"Vodácké závody v Pohádkovém království 2014";"Česká Republika";"Výroční turistická známka";"";"";""
"1300";"20 let Asociace turistických informačních center České republiky";"Česká Republika";"Výroční turistická známka";"";"";"TIC, Komenského 169, Valašské Meziříčí (http://www.info-vm.cz/)"
"1306";"1010 let první písemné zmínky o Žatci";"Česká Republika";"Výroční turistická známka";"";"";""
"1311";"Otevření nové lanové dráhy Pec – Sněžka 2014";"Česká Republika";"Výroční turistická známka";"";"";""
"1314";"7. ročník Ježíškovy cesty 2014 - Větrule";"Česká Republika";"Výroční turistická známka";"";"";""
"1323";"150 let Rozhledny Děčínský Sněžník";"Česká Republika";"Výroční turistická známka";"";"";""
"1324";"100. výročí narození Bohumila Hrabala";"Česká Republika";"Výroční turistická známka";"";"";""
"1329";"Skauti obnovují Starou Vodu 1995 - 2014";"Česká Republika";"Výroční turistická známka";"";"";""
"1332";"10 let Ptačí oblasti Labské pískovce";"Česká Republika";"Výroční turistická známka";"";"";""
"1338";"Valašské království 2014";"Česká Republika";"Výroční turistická známka";"";"";""
"1358";"Středisko ekologické výchovy Sever - Horní Maršov - 20 let";"Česká Republika";"Výroční turistická známka";"";"";""
"1376";"100 let s J. Švejkem 1914 - 2014";"Česká Republika";"Výroční turistická známka";"";"";""
"1389";"200 let Slezského zemského muzea v Opavě";"Česká Republika";"Výroční turistická známka";"";"";""
"1404";"Pohádkové království 2014";"Česká Republika";"Výroční turistická známka";"";"";""
"1408";"Pohádková kovárna Selibov 2014";"Česká Republika";"Výroční turistická známka";"";"";""
"1420";"65 let organizované kopané v Lednici";"Česká Republika";"Výroční turistická známka";"";"";""
"1421";"300 let obce Velké Karlovice 1714 - 2014";"Česká Republika";"Výroční turistická známka";"";"";""
"1463";"20 LET ŽELEZNICÍ BŘÍ KLEINŮ K HAVLÍČKŮM DO RAPOTÍNA";"Česká Republika";"Výroční turistická známka";"";"";""
"1305";"Zlatničtí sobě Betlém - 7. ročník výstavy Zlatnického Betléma";"Česká Republika";"Výroční turistická známka";"";"";""
"1307";"750 let od postavení prvního betlému na světě";"Česká Republika";"Výroční turistická známka";"";"";""
"1284";"Dobrodružství ve Stínadlech";"Česká Republika";"Výroční turistická známka";"";"";""
"1298";"Slavnostní otevření Prvního 3D planetária v ČR";"Česká Republika";"Výroční turistická známka";"";"";""
"1268";"50 let Turistického akademického klubu Praha (1963-2013)";"Česká Republika";"Výroční turistická známka";"";"";""
"1294";"Slavnostní otevření rozhledny Milíř, Vysoká nad Labem";"Česká Republika";"Výroční turistická známka";"";"";""
"1283";"Století táboření v týpí";"Česká Republika";"Výroční turistická známka";"";"";""
"1287";"40. výročí natáčení filmu Tři oříšky pro Popelku";"Česká Republika";"Výroční turistická známka";"";"";""
"1289";"Století táboření v podsadovém stanu";"Česká Republika";"Výroční turistická známka";"";"";""
"1278";"Oslavy lesa na Floře 2013";"Česká Republika";"Výroční turistická známka";"";"";""
"1160";"2. ročník Měsíce věží a rozhleden České republiky";"Česká Republika";"Výroční turistická známka";"";"";""
"1276";"Karlštejnské vinobraní 2013";"Česká Republika";"Výroční turistická známka";"";"";""
"1280";"40. výročí natočení filmu Noc na Karlštejně";"Česká Republika";"Výroční turistická známka";"";"";""
"1269";"Dny NATO v Ostravě & Dny Vzdušných sil Armády České republiky 2013";"Česká Republika";"Výroční turistická známka";"";"";""
"1286";"Kouzelný svět marcipánové módy 20. 9. 2013 - 30. 4. 2014";"Česká Republika";"Výroční turistická známka";"";"";""
"1167";"100 let povýšení Desné na městys";"Česká Republika";"Výroční turistická známka";"";"";""
"1252";"11. setkání Klubu sběratelů turistických suvenýrů, Zruč nad Sázavou";"Česká Republika";"Výroční turistická známka";"";"";""
"1277";"Mistrovství Evropy v hodu nožem a tomahawkem 2013";"Česká Republika";"Výroční turistická známka";"";"";""
"1218";"Okolo Železné Rudy s časopisem Turista 2013";"Česká Republika";"Výroční turistická známka";"";"";""
"1151";"200. výročí bitvy u Chlumce";"Česká Republika";"Výroční turistická známka";"";"";""
"1272";"Slavnostní otevření nového prameníku v parku A. Jiráska v Hronově 2013";"Česká Republika";"Výroční turistická známka";"";"";""
"1257";"Mohelnický dostavník 2013";"Česká Republika";"Výroční turistická známka";"";"";""
"1260";"Hefaiston 2013 - Helfštýn";"Česká Republika";"Výroční turistická známka";"";"";""
"1274";"Borůvkové hody 2013, Malá Morávka";"Česká Republika";"Výroční turistická známka";"";"";""
"1227";"20 Jahre Olbernhauer Radtour";"Česká Republika";"Výroční turistická známka";"";"";""
"1267";"30. ročník turistického pochodu Račí stezkou 2013";"Česká Republika";"Výroční turistická známka";"";"";""
"1275";"16. ročník Velké Ceny Indiana Jonese ve westernových disciplínách 2013";"Česká Republika";"Výroční turistická známka";"";"";""
"1264";"Slavnostní otevření naučné stezky Plzeň a kupci 2013";"Česká Republika";"Výroční turistická známka";"";"";""
"1232";"100. výročí úmrtí Dr. Václava Kounice";"Česká Republika";"Výroční turistická známka";"";"";""
"1219";"25. ročník Sudoměřického triatlonu (SUTT)";"Česká Republika";"Výroční turistická známka";"";"";""
"1174";"75. výročí mobilizace 1938 - Výstava vojenské techniky Houdkovice 6. 7. 2013";"Česká Republika";"Výroční turistická známka";"";"";""
"1178";"140 let od založení sboru dobrovolných hasičů v Rokytnici v Orlických horách";"Česká Republika";"Výroční turistická známka";"";"";""
"1265";"Setkání Jeníčků a Mařenek u Perníkové chaloupky 6.7.2013";"Česká Republika";"Výroční turistická známka";"";"";""
"1255";"100 let kopané - Sokol Zákolany";"Česká Republika";"Výroční turistická známka";"";"";""
"1173";"Rogaining 2013";"Česká Republika";"Výroční turistická známka";"";"";""
"1266";"95 let T.O. ZTRACENÁ NADĚJE";"Česká Republika";"Výroční turistická známka";"";"";""
"1210";"První turistická chata na Čeřínku – 100 let";"Česká Republika";"Výroční turistická známka";"";"";""
"1220";"BAHNA 2013";"Česká Republika";"Výroční turistická známka";"";"";""
"1221";"130 let od vzniku SDH Krupá, 660 let od vzniku obce Krupá u Rakovníka";"Česká Republika";"Výroční turistická známka";"";"";""
"1222";"22. setkání Kostelců, Kostelec nad Labem 2013";"Česká Republika";"Výroční turistická známka";"";"";""
"1233";"Slavnostní otevření stezky Krásné vyhlídky 2013";"Česká Republika";"Výroční turistická známka";"";"";""
"1166";"800. výročí založení města Bruntálu";"Česká Republika";"Výroční turistická známka";"";"";""
"1249";"110. výročí Křižíkovy dráhy v Bechyni";"Česká Republika";"Výroční turistická známka";"";"";""
"1251";"Brtnické kovadliny - 8. ročník mezinárodního setkání uměleckých kovářů";"Česká Republika";"Výroční turistická známka";"";"";""
"1184";"140. výročí narození kroměřížského rodáka Maxe Švabinského";"Česká Republika";"Výroční turistická známka";"";"";"Muzeum Kroměřížska, Kroměříž"
"1206";"Dílna magistra Edwarda Kelleyho – slavnostní otevření 2013";"Česká Republika";"Výroční turistická známka";"";"";""
"1197";"65. výročí založení Muzea Těšínska";"Česká Republika";"Výroční turistická známka";"";"";""
"1163";"Tolštejnské panství 2013";"Česká Republika";"Výroční turistická známka";"";"";""
"1180";"Na Kokořínsko s párou 2013";"Česká Republika";"Výroční turistická známka";"";"";""
"1176";"Podluží v písni a tanci Tvrdonice 2013";"Česká Republika";"Výroční turistická známka";"";"";""
"1198";"700 let od první písemné zmínky o obci Troubelice";"Česká Republika";"Výroční turistická známka";"";"";""
"1245";"Město Bor 750 let, 1263 - 2013";"Česká Republika";"Výroční turistická známka";"";"";""
"1250";"SBĚRATELÉ A JUBILANTI 2013";"Česká Republika";"Výroční turistická známka";"";"";""
"1256";"55 let otáčivého hlediště Český Krumlov";"Česká Republika";"Výroční turistická známka";"";"";""
"1159";"Oslavy 1150. výročí Cyrilometodějské mise na Velkou Moravu";"Česká Republika";"Výroční turistická známka";"";"";""
"1196";"855 let od posvěcení kostela sv. Petra a Pavla, Praha 8";"Česká Republika";"Výroční turistická známka";"";"";""
"1204";"90. výročí Českého rozhlasu";"Česká Republika";"Výroční turistická známka";"";"";""
"1217";"48. ročník pochod Praha - Prčice 2013";"Česká Republika";"Výroční turistická známka";"";"";""
"1208";"Městské slavnosti ve Slaném 2013";"Česká Republika";"Výroční turistická známka";"";"";""
"1231";"75. výročí postavení Klostermannovy rozhledny 1938 - 2013, 10. výročí znovuotevření rozhledny 2003 - 2013";"Česká Republika";"Výroční turistická známka";"";"";""
"1168";"300 let Kopečkové pouti, Letohrad 2013";"Česká Republika";"Výroční turistická známka";"";"";""
"1199";"7. sešlost přátel P 12 sběratelů TZ - Chotěboř 2013";"Česká Republika";"Výroční turistická známka";"";"";""
"1190";"150. výročí Evžena Habsburského - Bouzov 2013";"Česká Republika";"Výroční turistická známka";"";"";""
"1215";"150 let od objevu Chýnovské jeskyně";"Česká Republika";"Výroční turistická známka";"";"";""
"1183";"Šermířské vystoupení na hoře Říp 2013";"Česká Republika";"Výroční turistická známka";"";"";""
"1201";"Pomáháme dětem - Bílý Kámen, 20. ročník";"Česká Republika";"Výroční turistická známka";"";"";""
"1212";"75 let parníku Vyšehrad";"Česká Republika";"Výroční turistická známka";"";"";""
"1177";"Ostropa 2013 - výstava poštovních známek v Jihlavě";"Česká Republika";"Výroční turistická známka";"";"";""
"1185";"První hanácký prezident 2013";"Česká Republika";"Výroční turistická známka";"";"";""
"1186";"Marie Terezie na Svatém Kopečku u Olomouce 1748 - 2013";"Česká Republika";"Výroční turistická známka";"";"";""
"1207";"Výstava Turistických známek na Sovinci 2013";"Česká Republika";"Výroční turistická známka";"";"";""
"1188";"Cyril a Metoděj, Moravské zemské muzeum 2013";"Česká Republika";"Výroční turistická známka";"";"";""
"1152";"100. výročí tragedie Hanče a Vrbaty";"Česká Republika";"Výroční turistická známka";"";"";""
"1158";"22. zahájení jarní turistické sezony - Vysočina";"Česká Republika";"Výroční turistická známka";"";"";""
"1164";"300 let poutního místa Kalvárie Jaroměřice";"Česká Republika";"Výroční turistická známka";"";"";"Obecní knihovna Jaroměřice čp. 200 (https://www.jaromerice.cz/knihovna.html)"
"1157";"Regiontour Brno 2013";"Česká Republika";"Výroční turistická známka";"";"";""
"1149";"800 let města Uničova";"Česká Republika";"Výroční turistická známka";"";"";""
"1145";"Welzlování Zábřeh 10. výročí";"Česká Republika";"Výroční turistická známka";"";"";""
"1150";"160 let pro Pražany - Hasičský záchranný sbor hl. m. Prahy";"Česká Republika";"Výroční turistická známka";"";"";""
"1161";"Vodácké závody v Pohádkovém království 2013";"Česká Republika";"Výroční turistická známka";"";"";""
"1162";"Pohádkové království 2013";"Česká Republika";"Výroční turistická známka";"";"";""
"1169";"60. výročí ZOO Brno";"Česká Republika";"Výroční turistická známka";"";"";""
"1170";"100 let města Lučany nad Nisou";"Česká Republika";"Výroční turistická známka";"";"";""
"1172";"700 let města Nový Jičín";"Česká Republika";"Výroční turistická známka";"";"";""
"1179";"Písek slaví 770 let!";"Česká Republika";"Výroční turistická známka";"";"";""
"1187";"400. výročí vydání Bible kralické, Moravské zemské muzeum 2013";"Česká Republika";"Výroční turistická známka";"";"";""
"1189";"Valašské království 2013";"Česká Republika";"Výroční turistická známka";"";"";""
"1200";"65 let ve službách u ČSD";"Česká Republika";"Výroční turistická známka";"";"";""
"1203";"České korunovační klenoty 2013";"Česká Republika";"Výroční turistická známka";"";"";""
"1205";"750. výročí založení kláštera Zlatá Koruna";"Česká Republika";"Výroční turistická známka";"";"";""
"1209";"Pohádková kovárna Selibov 2013";"Česká Republika";"Výroční turistická známka";"";"";""
"1213";"6. ročník Ježíškovy cesty 2013 - Sníček";"Česká Republika";"Výroční turistická známka";"";"";""
"1270";"Lednicko - valtický areál 2013 - zámecká jízdárna - palác koní";"Česká Republika";"Výroční turistická známka";"";"";""
"1285";"175 let Třineckých železáren";"Česká Republika";"Výroční turistická známka";"";"";""
"1288";"20 let mezinárodního skautského střediska Tortuga v Nymburce";"Česká Republika";"Výroční turistická známka";"";"";""
"1098";"90 let tělovýchovné jednoty Zbůch";"Česká Republika";"Výroční turistická známka";"";"";""
"1024";"Zvonkové průvody v Pohádkovém království 2012";"Česká Republika";"Výroční turistická známka";"";"";""
"1148";"Skautské tábory Pražské Dvojky u Mastníku";"Česká Republika";"Výroční turistická známka";"";"";""
"1147";"450 let od postavení prvního betlému v českých zemích";"Česká Republika";"Výroční turistická známka";"";"";""
"1146";"Mistrovství Evropy ve westernových disciplínách Boskovice";"Česká Republika";"Výroční turistická známka";"";"";""
"1139";"115 let tratě Jindřichův Hradec - Nová Bystřice";"Česká Republika";"Výroční turistická známka";"";"";""
"1143";"2. ročník oslavy lesa na Floře 2012";"Česká Republika";"Výroční turistická známka";"";"";""
"1144";"Mezinárodní konference 100 let chovu kamzíka horského v Jeseníkách";"Česká Republika";"Výroční turistická známka";"";"";""
"1122";"Obnovení kapličky se zvoničkou Kralupy nad Vltavou - Lobeček";"Česká Republika";"Výroční turistická známka";"";"";""
"1133";"590. výročí dobývání hradu Karlštejna husity";"Česká Republika";"Výroční turistická známka";"";"";""
"1141";"Karlštejnské vinobraní 2012";"Česká Republika";"Výroční turistická známka";"";"";""
"1142";"3. Národní den železnice 29. září 2012 Brno";"Česká Republika";"Výroční turistická známka";"";"";""
"1125";"International 6th Adventure Therapy Conference 2012";"Česká Republika";"Výroční turistická známka";"";"";""
"1134";"10. setkání Klubu sběratelů turistických suvenýrů, Sovinec";"Česká Republika";"Výroční turistická známka";"";"";""
"1107";"ZÁVOD VLČAT A SVĚTLUŠEK 2012";"Česká Republika";"Výroční turistická známka";"";"";""
"1135";"Historické slavnosti města Desná u Riedlovy kaple 2012";"Česká Republika";"Výroční turistická známka";"";"";""
"1126";"Výroční pouť u Panny Marie ve Skále - Spálov 2012";"Česká Republika";"Výroční turistická známka";"";"";""
"1051";"200 let hořických trubiček, 650 let města Hořice";"Česká Republika";"Výroční turistická známka";"";"";""
"1088";"500 let Vodního mlýna ve Slupi";"Česká Republika";"Výroční turistická známka";"";"";""
"1114";"750. výročí založení města Vysoké Mýto";"Česká Republika";"Výroční turistická známka";"";"";""
"1127";"15. mezinárodní veletrh Sběratel 2012";"Česká Republika";"Výroční turistická známka";"";"";""
"1124";"Janovská bedna od whisky - 10 ročník festivalu trampské a country hudby";"Česká Republika";"Výroční turistická známka";"";"";""
"1086";"Mohelnický dostavník 2012";"Česká Republika";"Výroční turistická známka";"";"";""
"1110";"Hefaiston 2012 - Helfštýn";"Česká Republika";"Výroční turistická známka";"";"";""
"1089";"Císařský den v Kadani 2012";"Česká Republika";"Výroční turistická známka";"";"";""
"997";"20. Mezinárodní dudácký festival Strakonice";"Česká Republika";"Výroční turistická známka";"";"";""
"1115";"120 let otevření rozhledny Štěpánka";"Česká Republika";"Výroční turistická známka";"";"";""
"1117";"Otevření pivovaru Paroháč 10.8.2012";"Česká Republika";"Výroční turistická známka";"";"";""
"1119";"Pouť Svatého Vavřince 2012";"Česká Republika";"Výroční turistická známka";"";"";""
"1092";"80 let založení chaty Gírové";"Česká Republika";"Výroční turistická známka";"";"";""
"1105";"Setkání Jeníčků a Mařenek u Perníkové chaloupky 6.7.2012";"Česká Republika";"Výroční turistická známka";"";"";""
"1023";"Poznávání památek za letních úplňků 2012";"Česká Republika";"Výroční turistická známka";"";"";""
"1049";"Česká obec sokolská 2012";"Česká Republika";"Výroční turistická známka";"";"";""
"1104";"Hanácká republika 2012";"Česká Republika";"Výroční turistická známka";"";"";""
"1082";"1010. výročí vzniku obce Kochánky";"Česká Republika";"Výroční turistická známka";"";"";""
"1057";"100 let kamenné rozhledny Bramberk";"Česká Republika";"Výroční turistická známka";"";"";""
"1103";"Mezinárodní setkání parních lokomotiv řady 52";"Česká Republika";"Výroční turistická známka";"";"";""
"1093";"630 let města Frenštátu pod Radhoštěm";"Česká Republika";"Výroční turistická známka";"";"";""
"1099";"670. výročí první písemné zmínky o Častolovicích";"Česká Republika";"Výroční turistická známka";"";"";""
"1102";"7 DIVŮ STAROPRAŽSKÝCH ULIČEK";"Česká Republika";"Výroční turistická známka";"";"";""
"1072";"Kladenské dvorky 30. ročník";"Česká Republika";"Výroční turistická známka";"";"";""
"1091";"Muzejní noc 2012 - Třebotov";"Česká Republika";"Výroční turistická známka";"";"";""
"1087";"130. výročí místní dráhy Nusle – Modřany";"Česká Republika";"Výroční turistická známka";"";"";""
"1101";"Unikátní expozice Turistických známek na Ještědu - Česko ve 3D";"Česká Republika";"Výroční turistická známka";"";"";""
"1106";"Stálá expozice Turistických známek na Pradědu";"Česká Republika";"Výroční turistická známka";"";"";""
"1073";"200 let výročí od setkání Beethovena a Goetheho s císařským dvorem v Teplicích";"Česká Republika";"Výroční turistická známka";"";"";""
"1032";"Tolštejnské panství 2012";"Česká Republika";"Výroční turistická známka";"";"";""
"1040";"Jízda králů Vlčnov 2012";"Česká Republika";"Výroční turistická známka";"";"";""
"1076";"Abilympiáda 2012";"Česká Republika";"Výroční turistická známka";"";"";""
"1083";"Europa Jagellonica 2012";"Česká Republika";"Výroční turistická známka";"";"";""
"1034";"40. ročník Loupežnickou pěšinou";"Česká Republika";"Výroční turistická známka";"";"";""
"1067";"47. ročník Pochod Praha - Prčice 2012";"Česká Republika";"Výroční turistická známka";"";"";""
"1080";"Síň voroplavby Purkarec 35. výročí vzniku, Spolek Vltavan Purkarec 110. výročí založení";"Česká Republika";"Výroční turistická známka";"";"";""
"1028";"Valdštejnské slavnosti 2012";"Česká Republika";"Výroční turistická známka";"";"";""
"1060";"14. Městské slavnosti - SLANÝ 2012";"Česká Republika";"Výroční turistická známka";"";"";""
"1062";"Parohatá města 2012";"Česká Republika";"Výroční turistická známka";"";"";""
"1075";"800 let města Všeruby";"Česká Republika";"Výroční turistická známka";"";"";""
"999";"6. sešlost přátel P 12 sběratelů TZ - Rožmberk 2012";"Česká Republika";"Výroční turistická známka";"";"";""
"1002";"10 let pistolnické show Rychlého Kelta";"Česká Republika";"Výroční turistická známka";"";"";""
"1003";"20. ročník otvírání hlavní turistické sezóny v Jižních Čechách";"Česká Republika";"Výroční turistická známka";"";"";""
"1064";"David rytíř Gutmann 1834 - 1912";"Česká Republika";"Výroční turistická známka";"";"";""
"978";"5. výročí Krokodýlí ZOO v Protivíně";"Česká Republika";"Výroční turistická známka";"";"";""
"1031";"200 let továrny na kameninu v Týnci nad Sázavou";"Česká Republika";"Výroční turistická známka";"";"";""
"1065";"Ukončení provozu staré lanovky na Sněžku 2012";"Česká Republika";"Výroční turistická známka";"";"";""
"1066";"140. výročí poštovních služeb na Sněžce";"Česká Republika";"Výroční turistická známka";"";"";""
"1068";"Pohádková kovárna Selibov 2012";"Česká Republika";"Výroční turistická známka";"";"";""
"1070";"Panna Maria svatokopecká 2012";"Česká Republika";"Výroční turistická známka";"";"";""
"1052";"Otevření první litomyšlské lázeňské sezóny 2012";"Česká Republika";"Výroční turistická známka";"";"";""
"1056";"530 let města Velvary 1482 - 2012";"Česká Republika";"Výroční turistická známka";"";"";""
"1059";"Pomáháme dětem - Bílý Kámen, 19. ročník";"Česká Republika";"Výroční turistická známka";"";"";""
"1045";"Šermířské vystoupení na hoře Říp 2012";"Česká Republika";"Výroční turistická známka";"";"";""
"1046";"10 let Podorlického skanzenu v Krňovicích 2002 - 2012";"Česká Republika";"Výroční turistická známka";"";"";""
"1044";"Máchovi v patách 2012";"Česká Republika";"Výroční turistická známka";"";"";""
"1043";"75 let Letiště Praha";"Česká Republika";"Výroční turistická známka";"";"";""
"1037";"170. výročí uvaření první várky piva Pilsner Urquell";"Česká Republika";"Výroční turistická známka";"";"";""
"1050";"Výstava Turistických známek na Sovinci 2012";"Česká Republika";"Výroční turistická známka";"";"";""
"1054";"Brána na Šumavu 2012";"Česká Republika";"Výroční turistická známka";"";"";""
"1033";"Ze sklepa do sklepa 2012 - Velké Bílovice";"Česká Republika";"Výroční turistická známka";"";"";""
"1036";"120 let odboru KČT Jičín 1892 - 2012";"Česká Republika";"Výroční turistická známka";"";"";""
"1001";"Dálkový pochod Drahanskou vrchovinou 2012";"Česká Republika";"Výroční turistická známka";"";"";""
"1004";"10. Pohádkový den se Zdeňkem Troškou";"Česká Republika";"Výroční turistická známka";"";"";""
"1035";"XIII. ročník Infotour a Cykloturistika Hradec Králové";"Česká Republika";"Výroční turistická známka";"";"";""
"1011";"Regiontour Brno 2012";"Česká Republika";"Výroční turistická známka";"";"";""
"992";"100 let od zahájení stavby Luhačovické přehrady";"Česká Republika";"Výroční turistická známka";"";"";""
"995";"Za puchýřem třemi stoletími 2012";"Česká Republika";"Výroční turistická známka";"";"";""
"996";"100 let malé vodní elektrárny Hučák";"Česká Republika";"Výroční turistická známka";"";"";""
"1005";"Pochody Šumavou - Gabretou 2012";"Česká Republika";"Výroční turistická známka";"";"";""
"1006";"Kulinářské zážitky v Pohádkovém království 2012";"Česká Republika";"Výroční turistická známka";"";"";""
"1007";"Vodácké závody v Pohádkovém království 2012";"Česká Republika";"Výroční turistická známka";"";"";""
"1008";"120 let rozhledny Lovoš 1892 - 2012";"Česká Republika";"Výroční turistická známka";"";"";""
"1009";"40 let CHKO Labské pískovce";"Česká Republika";"Výroční turistická známka";"";"";""
"1012";"100 let od korunovace sochy Panny Marie Svatohostýnské";"Česká Republika";"Výroční turistická známka";"";"";"Poutní stánky č. 20, č.33, Svatý Hostýn"
"1017";"100 let od úmrtí J. V. Sládka";"Česká Republika";"Výroční turistická známka";"";"";""
"1021";"5. ročník Ježíškovy cesty 2012";"Česká Republika";"Výroční turistická známka";"";"";""
"1022";"Valašské království 2012";"Česká Republika";"Výroční turistická známka";"";"";""
"1025";"100 let vodní elektrárny Čeňkova pila";"Česká Republika";"Výroční turistická známka";"";"";""
"1029";"150 let založení T. J. Sokol Pražský";"Česká Republika";"Výroční turistická známka";"";"";""
"1071";"20 let Liman sport Plzeň 2012, Turistika - tábornictví - skauting";"Česká Republika";"Výroční turistická známka";"";"";""
"1074";"Lednicko – valtický areál 2012 - 200 let od založení zámeckého parku v Lednici";"Česká Republika";"Výroční turistická známka";"";"";""
"1079";"České dědictví Unesco 2012";"Česká Republika";"Výroční turistická známka";"";"";""
"1113";"150. výročí úmrtí Boženy Němcové 2012";"Česká Republika";"Výroční turistická známka";"";"";""
"1116";"Procházka Českou knihou rekordů 2012 - Pelhřimov";"Česká Republika";"Výroční turistická známka";"";"";""
"1118";"Zpřístupnění gotické věže v Přibyslavi v roce 2012";"Česká Republika";"Výroční turistická známka";"";"";""
"1123";"Procházka Českou knihou rekordů 2012 - Pelhřimov - Zmenšenina 2,5 cm";"Česká Republika";"Výroční turistická známka";"";"";""
"998";"50 let Pavilonu Anthropos 1961 - 2011";"Česká Republika";"Výroční turistická známka";"";"";""
"886";"Zvonkové průvody v Pohádkovém království 2011";"Česká Republika";"Výroční turistická známka";"";"";""
"1000";"6. výročí znovuzprovoznění Restaurace U parlamentu 2012";"Česká Republika";"Výroční turistická známka";"";"";""
"990";"Za posledním puchýřem 2011 - 40. ročník";"Česká Republika";"Výroční turistická známka";"";"";""
"994";"Oslavy lesa na Floře 2011";"Česká Republika";"Výroční turistická známka";"";"";""
"993";"1 ROK PROVOZU CHRASTAVSKÉHO TRANSBORDERU";"Česká Republika";"Výroční turistická známka";"";"";""
"921";"700 let obce Milíkov";"Česká Republika";"Výroční turistická známka";"";"";""
"971";"65 let gymnázia Sokolov";"Česká Republika";"Výroční turistická známka";"";"";""
"991";"Festival na Muně 2011";"Česká Republika";"Výroční turistická známka";"";"";""
"954";"Lomnice nad Popelkou - Tábor, Tichánkova rozhledna, 1911 - 2011";"Česká Republika";"Výroční turistická známka";"";"";"Informační středisko, Husovo náměstí 44, Lomnice nad Popelkou (http://www.kislomnice.cz/)"
"987";"9. setkání KSTS, Valečov";"Česká Republika";"Výroční turistická známka";"";"";""
"988";"10. ročník pochodu Po stopách kocoura Mikeše - Mnichovice";"Česká Republika";"Výroční turistická známka";"";"";""
"963";"50 let výroby lokomotivy T334.0";"Česká Republika";"Výroční turistická známka";"";"";""
"980";"Národní zahájení Dnů evropského dědictví 2011 v Žatci";"Česká Republika";"Výroční turistická známka";"";"";""
"986";"140 let tratě Zábřeh na Moravě - Sobotín";"Česká Republika";"Výroční turistická známka";"";"";""
"925";"100 let radnice Šumperk";"Česká Republika";"Výroční turistická známka";"";"";""
"984";"Tábory slovanských skautů";"Česká Republika";"Výroční turistická známka";"";"";""
"951";"Zpátky do socialismu";"Česká Republika";"Výroční turistická známka";"";"";""
"982";"110 let trati Zadní Třebaň - Liteň - Lochovice";"Česká Republika";"Výroční turistická známka";"";"";""
"981";"50 let hvězdárny Uherský Brod";"Česká Republika";"Výroční turistická známka";"";"";""
"972";"Panský dvůr Kunovice 2011";"Česká Republika";"Výroční turistická známka";"";"";""
"966";"Hefaiston 2011 - Helfštýn";"Česká Republika";"Výroční turistická známka";"";"";""
"899";"Pohádková 60-ka s pohádkovým kancléřem, České Budějovice";"Česká Republika";"Výroční turistická známka";"";"";""
"973";"Memoriál gen. G. A. Custera - XI. ročník";"Česká Republika";"Výroční turistická známka";"";"";""
"953";"5. ročník triatlonu Podroužek 2011";"Česká Republika";"Výroční turistická známka";"";"";""
"969";"Návrat Neratovské Madony 1661 - 2011";"Česká Republika";"Výroční turistická známka";"";"";""
"929";"Slavnosti mrkve - mrkvobraní 2011";"Česká Republika";"Výroční turistická známka";"";"";""
"979";"Mistrovství Evropy Indiana Jones 2011";"Česká Republika";"Výroční turistická známka";"";"";""
"895";"90 let Slováckého roku v Kyjově";"Česká Republika";"Výroční turistická známka";"";"";""
"976";"Pouť Svatého Vavřince 2011";"Česká Republika";"Výroční turistická známka";"";"";""
"974";"Letní sraz Turistických oddílů mládeže 2011";"Česká Republika";"Výroční turistická známka";"";"";""
"880";"Cukrování 2011 - Muzeum cukru, Dačice";"Česká Republika";"Výroční turistická známka";"";"";""
"970";"Obnovení turistické chaty Dr. Hrstky na Štramberku";"Česká Republika";"Výroční turistická známka";"";"";""
"878";"Borovanské borůvkobraní 2011";"Česká Republika";"Výroční turistická známka";"";"";""
"968";"110 let železniční tratě Čerčany - Kácov 1901 - 2011";"Česká Republika";"Výroční turistická známka";"";"";""
"967";"Setkání Jeníčků a Mařenek u Perníkové chaloupky 6.7.2011";"Česká Republika";"Výroční turistická známka";"";"";""
"928";"800. výročí založení města Hejnice 1211 - 2011";"Česká Republika";"Výroční turistická známka";"";"";""
"975";"VÝSTAVA TURISTICKÝCH ZNÁMEK V UNIČOVĚ";"Česká Republika";"Výroční turistická známka";"";"";""
"958";"Výstava Turistických známek Jílové u Prahy 2011";"Česká Republika";"Výroční turistická známka";"";"";""
"944";"680 let - královské město Chotěboř";"Česká Republika";"Výroční turistická známka";"";"";""
"956";"Tour du Jumelage 2011";"Česká Republika";"Výroční turistická známka";"";"";""
"932";"Otevření stezky Jany a Josefa V. Scheybalových 2011";"Česká Republika";"Výroční turistická známka";"";"";""
"955";"140 let výtopny Lužná - Lišany";"Česká Republika";"Výroční turistická známka";"";"";""
"965";"Otevření naučné stezky Luleč";"Česká Republika";"Výroční turistická známka";"";"";""
"927";"Tolštejnské panství 2011";"Česká Republika";"Výroční turistická známka";"";"";""
"946";"150 let jízdárny Světce";"Česká Republika";"Výroční turistická známka";"";"";""
"917";"50 let hvězdárny ve Vlašimi";"Česká Republika";"Výroční turistická známka";"";"";""
"947";"Kaple v Lipkách, Rýmařov 2011";"Česká Republika";"Výroční turistická známka";"";"";""
"945";"46. ročník pochod Praha - Prčice 2011";"Česká Republika";"Výroční turistická známka";"";"";""
"913";"Po zarostlém chodníčku - 30. ročník";"Česká Republika";"Výroční turistická známka";"";"";""
"943";"Otevření rozhledny Bohdanka – Bohdaneč 2011";"Česká Republika";"Výroční turistická známka";"";"";""
"909";"5. sešlost přátel P 12 sběratelů TZ - Čertovy Kameny 2011";"Česká Republika";"Výroční turistická známka";"";"";""
"937";"Husitské slavnosti ve Slaném 2011";"Česká Republika";"Výroční turistická známka";"";"";""
"922";"100 let létání v Kroměříži";"Česká Republika";"Výroční turistická známka";"";"";""
"933";"30 let od ukončení osobní dopravy na trati Kojetín - Tovačov";"Česká Republika";"Výroční turistická známka";"";"";""
"885";"Z Prahy do Svatojánských proudů - 5. ročník";"Česká Republika";"Výroční turistická známka";"";"";""
"889";"Švejkova cyklo-60-ka, 4. ročník - 7. 5. 2011";"Česká Republika";"Výroční turistická známka";"";"";""
"926";"Trutnov - Už ho nesou 2011";"Česká Republika";"Výroční turistická známka";"";"";""
"936";"Pomáháme dětem - Bílý Kámen, 18. ročník";"Česká Republika";"Výroční turistická známka";"";"";""
"957";"Pohádková kovárna Selibov 2011";"Česká Republika";"Výroční turistická známka";"";"";""
"959";"14 let Tábořiště a hospody u Vikinga 1997 - 2011";"Česká Republika";"Výroční turistická známka";"";"";""
"960";"7. sezona kempu Koruna Zlatá Koruna 2011";"Česká Republika";"Výroční turistická známka";"";"";""
"940";"Avalanche 2011";"Česká Republika";"Výroční turistická známka";"";"";""
"949";"Voda ze střechy Evropy 2011";"Česká Republika";"Výroční turistická známka";"";"";""
"901";"Pochody Šumavou 2011";"Česká Republika";"Výroční turistická známka";"";"";""
"911";"Koberovské šlápoty 2011";"Česká Republika";"Výroční turistická známka";"";"";""
"916";"10. výročí rozhledny Veselice - Podvrší";"Česká Republika";"Výroční turistická známka";"";"";""
"924";"Šermířské vystoupení na hoře Říp 2011";"Česká Republika";"Výroční turistická známka";"";"";""
"903";"100 let od narození generála Františka Peřiny, Morkůvky";"Česká Republika";"Výroční turistická známka";"";"";""
"920";"750 let od první písemné zmínky o městě Kouřim 1261-2011";"Česká Republika";"Výroční turistická známka";"";"";""
"906";"Do Okoře bez oře 2011 - 40. ročník";"Česká Republika";"Výroční turistická známka";"";"";""
"934";"Výstava Turistických známek na Sovinci 2011";"Česká Republika";"Výroční turistická známka";"";"";""
"904";"20 let Národního parku Podyjí";"Česká Republika";"Výroční turistická známka";"";"";""
"939";"Nebojte se mapy 2011 - 4. ročník";"Česká Republika";"Výroční turistická známka";"";"";""
"923";"Máchovi v patách 2011";"Česká Republika";"Výroční turistická známka";"";"";""
"910";"300. výročí narození Václava Antonína Kounice";"Česká Republika";"Výroční turistická známka";"";"";""
"914";"40. výročí založení KČT Jiskra Měřín";"Česká Republika";"Výroční turistická známka";"";"";""
"919";"XII. ročník Infotour a Cykloturistika Hradec Králové";"Česká Republika";"Výroční turistická známka";"";"";""
"908";"Tomáškova a Novákova hudební Skuteč 2011";"Česká Republika";"Výroční turistická známka";"";"";""
"902";"Regiontour Brno 2011";"Česká Republika";"Výroční turistická známka";"";"";""
"887";"Vodácké závody v Pohádkovém království 2011";"Česká Republika";"Výroční turistická známka";"";"";""
"888";"Poznávání památek za letních úplňků v Pohádkovém království 2011";"Česká Republika";"Výroční turistická známka";"";"";""
"890";"Pohádkové království 2011 - Rok věží a rozhleden s OZP";"Česká Republika";"Výroční turistická známka";"";"";""
"892";"10. výročí založení Infocentra ve Slaném";"Česká Republika";"Výroční turistická známka";"";"";""
"894";"80 let města Třince";"Česká Republika";"Výroční turistická známka";"";"";""
"896";"270. výročí od narození hudebního skladatele a houslového virtuóza Václava Pichla";"Česká Republika";"Výroční turistická známka";"";"";""
"897";"Tradice ohýbaného nábytku 1861 - 2011, Bystřice pod Hostýnem";"Česká Republika";"Výroční turistická známka";"";"";""
"898";"100 let muzea v Ledči nad Sázavou";"Česká Republika";"Výroční turistická známka";"";"";""
"900";"Kulinářské zážitky v Pohádkovém království Zdeňka Trošky";"Česká Republika";"Výroční turistická známka";"";"";""
"905";"755 let města Přerov";"Česká Republika";"Výroční turistická známka";"";"";""
"907";"Rožmberský rok 2011";"Česká Republika";"Výroční turistická známka";"";"";"Blatské muzeum - Rožmberský a Smrčkův dům, Soběslav (http://www.blatskemuzeum.cz/rozmbersky-dum-sobeslav/)"
"912";"4. ročník Ježíškovy cesty 2011";"Česká Republika";"Výroční turistická známka";"";"";""
"915";"Valašské království 2011";"Česká Republika";"Výroční turistická známka";"";"";""
"918";"Sportovní klub kopané - 90 let, Sedlčany";"Česká Republika";"Výroční turistická známka";"";"";""
"930";"Lednicko – valtický areál 2011 - 200 let zámeckého rybníka v Lednici";"Česká Republika";"Výroční turistická známka";"";"";""
"931";"100. výročí založení Městského muzea Žamberk";"Česká Republika";"Výroční turistická známka";"";"";""
"935";"100 let odboru KČT Hradec Králové 1911 - 2011";"Česká Republika";"Výroční turistická známka";"";"";""
"941";"110 let lokálky do Lednice";"Česká Republika";"Výroční turistická známka";"";"";""
"942";"Mezinárodní rok lesů 2011";"Česká Republika";"Výroční turistická známka";"";"";""
"948";"85 let rozhledny Chlum v Plzni";"Česká Republika";"Výroční turistická známka";"";"";""
"950";"500 let města Postoloprty";"Česká Republika";"Výroční turistická známka";"";"";""
"952";"100 let od elektrifikace zámku Loučeň 1911 - 2011";"Česká Republika";"Výroční turistická známka";"";"";""
"961";"80 let Pražské Zoo";"Česká Republika";"Výroční turistická známka";"";"";""
"962";"20 let zpřístupnění Dendrologické zahrady Průhonice";"Česká Republika";"Výroční turistická známka";"";"";""
"964";"Zlatý a bílý tygr poprvé v ČR - ZOOPARK Dvorec 2011";"Česká Republika";"Výroční turistická známka";"";"";""
"977";"Ztracený svět - cesta do pravěku";"Česká Republika";"Výroční turistická známka";"";"";""
"836";"205. výročí bitvy u Slavkova";"Česká Republika";"Výroční turistická známka";"";"";""
"884";"Památník Mohyla míru - Bitva u Slavkova - 205. výročí";"Česká Republika";"Výroční turistická známka";"";"";""
"893";"Slavnostní zahájení provozu lanové dráhy Větruše 2010";"Česká Republika";"Výroční turistická známka";"";"";"Informační středisko, Mírové náměstí 1/1, Ústí nad Labem (https://www.usti-nad-labem.cz/cz/)"
"872";"2. Festival dětských knih a časopisů 25. - 26. 11. 2010";"Česká Republika";"Výroční turistická známka";"";"";""
"840";"Za posledním puchýřem 2010";"Česká Republika";"Výroční turistická známka";"";"";""
"883";"40. ročník dálkového pochodu Vysočinou k Telči";"Česká Republika";"Výroční turistická známka";"";"";""
"882";"Pochod Slováckými vinohrady 2010 - 34. ročník";"Česká Republika";"Výroční turistická známka";"";"";""
"852";"900 let kostela sv. Václava na Chloumku 1110 - 2010";"Česká Republika";"Výroční turistická známka";"";"";""
"874";"Karlštejnské vinobraní 2010";"Česká Republika";"Výroční turistická známka";"";"";""
"875";"8. setkání KSTS, ŽIROVNICE";"Česká Republika";"Výroční turistická známka";"";"";""
"877";"110 let tratě Česká Lípa - Liberec 1900 - 2010";"Česká Republika";"Výroční turistická známka";"";"";""
"879";"7. ročník pochodu Po stopách kocoura Mikeše - Mnichovice";"Česká Republika";"Výroční turistická známka";"";"";""
"881";"Výstava České stopy v Brazílii 2010";"Česká Republika";"Výroční turistická známka";"";"";""
"876";"Rychlé šípy a tajemství Obecního dvora";"Česká Republika";"Výroční turistická známka";"";"";""
"812";"650 let obce Třebešov";"Česká Republika";"Výroční turistická známka";"";"";""
"780";"14. setkání hornických měst a obcí ČR";"Česká Republika";"Výroční turistická známka";"";"";""
"854";"20. ročník festivalu Jičín - město pohádky";"Česká Republika";"Výroční turistická známka";"";"";""
"793";"Hrad Svojanov - 100 let od zakoupení městem Poličkou";"Česká Republika";"Výroční turistická známka";"";"";""
"858";"330. výročí Selského povstání na Litomyšlsku";"Česká Republika";"Výroční turistická známka";"";"";""
"864";"900 let Týnce nad Labem";"Česká Republika";"Výroční turistická známka";"";"";""
"855";"Hefaiston 2010 - Helfštýn";"Česká Republika";"Výroční turistická známka";"";"";""
"794";"19. Mezinárodní dudácký festival 26. - 29. 8. 2010";"Česká Republika";"Výroční turistická známka";"";"";""
"847";"36. Mohelnický dostavník, 26. – 29. srpna 2010";"Česká Republika";"Výroční turistická známka";"";"";""
"865";"MS v rýžování zlata 2010";"Česká Republika";"Výroční turistická známka";"";"";""
"870";"Mistrovství Evropy Indiana Jones 2010";"Česká Republika";"Výroční turistická známka";"";"";""
"867";"Pouť Svatého Vavřince 2010";"Česká Republika";"Výroční turistická známka";"";"";""
"871";"Znovuotevření muzea po 60 letech - Mimoň";"Česká Republika";"Výroční turistická známka";"";"";""
"851";"650 let založení obce Plástovice";"Česká Republika";"Výroční turistická známka";"";"";""
"868";"III. Slavnosti chleba Lenora 31. 7. 2010";"Česká Republika";"Výroční turistická známka";"";"";""
"869";"Letní turistický sraz - Polička 2010";"Česká Republika";"Výroční turistická známka";"";"";""
"814";"Muzeum řemesel Letohrad - Řemeslnická sobota 2010";"Česká Republika";"Výroční turistická známka";"";"";""
"769";"150 let narození Gustava Mahler 1860 - 2010";"Česká Republika";"Výroční turistická známka";"";"";"Obecní úřad, Kaliště"
"857";"Setkání Jeníčků a Mařenek u Perníkové chaloupky 6. 7. 2010";"Česká Republika";"Výroční turistická známka";"";"";""
"856";"60 let Velorexů - výstava Houdkovice 4. 7. 2010";"Česká Republika";"Výroční turistická známka";"";"";""
"808";"400 let zámku Radim 1610 - 2010";"Česká Republika";"Výroční turistická známka";"";"";""
"815";"30. sraz Lhot a Lehot Tvarožná Lhota 2010";"Česká Republika";"Výroční turistická známka";"";"";""
"842";"Rozhledna Chanovice";"Česká Republika";"Výroční turistická známka";"";"";""
"862";"Otevření Galerie u Klíčníka - hrad Zvíkov červenec 2010";"Česká Republika";"Výroční turistická známka";"";"";""
"830";"910 let obce Tursko";"Česká Republika";"Výroční turistická známka";"";"";""
"833";"700 let od první písemné zmínky o Zubří";"Česká Republika";"Výroční turistická známka";"";"";""
"848";"Zlatá solná stezka - 1000 let";"Česká Republika";"Výroční turistická známka";"";"";""
"853";"650 let obce Zavidov";"Česká Republika";"Výroční turistická známka";"";"";""
"860";"Moravské dny";"Česká Republika";"Výroční turistická známka";"";"";""
"822";"Čtvrtstoletí Kořeneckého muzea";"Česká Republika";"Výroční turistická známka";"";"";""
"844";"Bahna 2010 19. června";"Česká Republika";"Výroční turistická známka";"";"";""
"859";"Sdružení přátel Jaroslava Foglara";"Česká Republika";"Výroční turistická známka";"";"";""
"723";"32. setkání Nových Měst";"Česká Republika";"Výroční turistická známka";"";"";""
"818";"Tolštejnské panství 2010";"Česká Republika";"Výroční turistická známka";"";"";""
"813";"700 let - Hradištko";"Česká Republika";"Výroční turistická známka";"";"";""
"792";"810 let od první písemné zmínky o obci Mělnické Vtelno";"Česká Republika";"Výroční turistická známka";"";"";""
"824";"30. ME v závodech do vrchu Ecce Homo 2010";"Česká Republika";"Výroční turistická známka";"";"";""
"841";"40. ročník Líšenských pochodů Českým rájem";"Česká Republika";"Výroční turistická známka";"";"";""
"845";"JE Temelín - Jsme s vámi 10 let";"Česká Republika";"Výroční turistická známka";"";"";""
"828";"Národní oldskautské jamboree, Miletín";"Česká Republika";"Výroční turistická známka";"";"";""
"843";"200 let od narození malíře Ferdinanda Krumholze";"Česká Republika";"Výroční turistická známka";"";"";""
"807";"Valdštejnské slavnosti 2010";"Česká Republika";"Výroční turistická známka";"";"";""
"799";"90 let střední rybářské školy Vodňany";"Česká Republika";"Výroční turistická známka";"";"";""
"805";"100 let mostu v Roudnici nad Labem";"Česká Republika";"Výroční turistická známka";"";"";""
"823";"115 let trati Kojetín - Tovačov";"Česká Republika";"Výroční turistická známka";"";"";""
"832";"Náměšťská placka 2010";"Česká Republika";"Výroční turistická známka";"";"";""
"839";"Klatovský karafiát 2010";"Česká Republika";"Výroční turistická známka";"";"";""
"831";"Muzejní noc 2010 - Bruntál";"Česká Republika";"Výroční turistická známka";"";"";""
"796";"100 let moderní architektury v Hradci Králové";"Česká Republika";"Výroční turistická známka";"";"";"Infocentrum Hradec Králové, Eliščino nábřeží 626 (www.hkinfo.cz)
Bílá věž, Franušova 168/1, Hradec Králové (https://www.bilavez.cz/)"
"834";"Zámek Choltice - Svět zážitků nejen pro děti 2010";"Česká Republika";"Výroční turistická známka";"";"";"Pohádkové Peklo pod Perníkovou chaloupkou, Ráby (http://www.pernikovachaloupka.cz/)"
"835";"45. ročník pochod Praha - Prčice 2010 15. 5. 2010";"Česká Republika";"Výroční turistická známka";"";"";""
"838";"Pietní vzpomínka v Letech 13. 5.2010";"Česká Republika";"Výroční turistická známka";"";"";""
"772";"70 let parníku VLTAVA";"Česká Republika";"Výroční turistická známka";"";"";""
"774";"145 let Pražské paroplavební společnosti";"Česká Republika";"Výroční turistická známka";"";"";""
"806";"Z Prahy do Svatojánských proudů 4. ročník";"Česká Republika";"Výroční turistická známka";"";"";""
"821";"Husitské slavnosti ve Slaném 2010";"Česká Republika";"Výroční turistická známka";"";"";""
"783";"15 let s kaprem Jakubem";"Česká Republika";"Výroční turistická známka";"";"";""
"784";"Švejkova cyklo 60-ka České Budějovice";"Česká Republika";"Výroční turistická známka";"";"";""
"785";"13 let Tábořiště a hospody u Vikinga";"Česká Republika";"Výroční turistická známka";"";"";""
"810";"Pomáháme dětem - Bílý Kámen 17. ročník";"Česká Republika";"Výroční turistická známka";"";"";""
"816";"Slavnost květů 2010";"Česká Republika";"Výroční turistická známka";"";"";""
"817";"Po věžích a rozhlednách s OZP 2010";"Česká Republika";"Výroční turistická známka";"";"";""
"819";"110 let Posázavského pacifiku";"Česká Republika";"Výroční turistická známka";"";"";""
"825";"Na střechu českých železnic 2010";"Česká Republika";"Výroční turistická známka";"";"";""
"829";"Marko Čermák - Poslední romantik - Výstava v Muzeu Karlova Mostu";"Česká Republika";"Výroční turistická známka";"";"";""
"804";"90. výročí založení odboru KČT v Hořicích v Podkrkonoší";"Česká Republika";"Výroční turistická známka";"";"";""
"811";"Šermířské představení na vrchu Říp - REGO 2010";"Česká Republika";"Výroční turistická známka";"";"";""
"787";"50. ročník Bezručova Moravice 2010";"Česká Republika";"Výroční turistická známka";"";"";""
"820";"Výstava Turistických známek na hradě Sovinec 2010";"Česká Republika";"Výroční turistická známka";"";"";""
"778";"25. výročí od nálezu relikviáře sv. Maura";"Česká Republika";"Výroční turistická známka";"";"";"Hrad Bečov (www.zamek-becov.cz)"
"802";"Nebojte se mapy 3. ročník";"Česká Republika";"Výroční turistická známka";"";"";""
"809";"Máchovi v patách 2010";"Česká Republika";"Výroční turistická známka";"";"";""
"800";"5. ročník festivalu pana Pipa";"Česká Republika";"Výroční turistická známka";"";"";""
"797";"15. ročník loučení se zimou na Koukolově hoře 13. 3. 2010";"Česká Republika";"Výroční turistická známka";"";"";""
"801";"Odhalení jezdecké sochy T. G. Masaryka v Lánech 6. března 2010";"Česká Republika";"Výroční turistická známka";"";"";""
"790";"20 let Společnosti ochránců památek ve východních Čechách 1990 - 2010";"Česká Republika";"Výroční turistická známka";"";"";""
"781";"Pochody za úplňku v pohádkovém království";"Česká Republika";"Výroční turistická známka";"";"";""
"481";"900 let Rokycan";"Česká Republika";"Výroční turistická známka";"";"";""
"765";"10 let NP České Švýcarsko";"Česká Republika";"Výroční turistická známka";"";"";""
"771";"150 let pivovaru Jihlava";"Česká Republika";"Výroční turistická známka";"";"";""
"775";"Pohádkové království 2010 - rok Zřizování pohádkových poštoven.";"Česká Republika";"Výroční turistická známka";"";"";""
"777";"Muzeum řemesel Letohrad - 10 LET, 2000 - 2010";"Česká Republika";"Výroční turistická známka";"";"";""
"782";"Vodácké závody v pohádkovém království";"Česká Republika";"Výroční turistická známka";"";"";""
"786";"Valašské království 2010";"Česká Republika";"Výroční turistická známka";"";"";""
"788";"205. výročí úmrtí houslisty Václava Pichla";"Česká Republika";"Výroční turistická známka";"";"";""
"789";"3. ročník Ježíškovy cesty 2010";"Česká Republika";"Výroční turistická známka";"";"";""
"791";"Svatba Petra Voka s Kateřinou z Ludanic 1580";"Česká Republika";"Výroční turistická známka";"";"";""
"795";"Nechme šelmy žít - kampaň na ochranu evropských šelem 2010";"Česká Republika";"Výroční turistická známka";"";"";""
"798";"130 let Základní organizace včelaři Sedlčany - 1880 - 2010";"Česká Republika";"Výroční turistická známka";"";"";""
"803";"750 let města Trutnov";"Česká Republika";"Výroční turistická známka";"";"";""
"826";"10. výročí - Muzeum historických vozidel Pořežany u Týna nad Vltavou";"Česká Republika";"Výroční turistická známka";"";"";""
"827";"Lednicko – valtický areál 2010 - Zahrada Evropy";"Česká Republika";"Výroční turistická známka";"";"";"Turistické Infocentrum, Malinovského 25, Lednice (https://www.lednice.cz/obec/turista/turisticke-informacni-centrum/)"
"837";"80 let chovu exotických zvířat na Lešné, Zoo Zlín - Lešná";"Česká Republika";"Výroční turistická známka";"";"";""
"846";"750 let města Slavonice";"Česká Republika";"Výroční turistická známka";"";"";""
"849";"100 Let rozhledny Mostná Hora";"Česká Republika";"Výroční turistická známka";"";"";""
"861";"20.výročí Muzea čs.opevnění-dělostřelecké tvrze Bouda";"Česká Republika";"Výroční turistická známka";"";"";""
"863";"Mezinárodní rok biodiverzity 2010";"Česká Republika";"Výroční turistická známka";"";"";""
"866";"450 let povýšení Libochovic na město";"Česká Republika";"Výroční turistická známka";"";"";""
"650";"X. Zvonkové průvody v Pohádkovém království";"Česká Republika";"Výroční turistická známka";"";"";""
"779";"Vánoce na zámku Hrádek u Nechanic";"Česká Republika";"Výroční turistická známka";"";"";""
"773";"1. Festival dětských knih a časopisů";"Česká Republika";"Výroční turistická známka";"";"";""
"776";"10 let mikroregionu Balkán";"Česká Republika";"Výroční turistická známka";"";"";""
"766";"Za posledním puchýřem 2009";"Česká Republika";"Výroční turistická známka";"";"";""
"690";"STUDENTSKÝ POCHOD ISŠTE SOKOLOV";"Česká Republika";"Výroční turistická známka";"";"";""
"755";"Městys Pozlovice - rodiště prof. Antonína Václavíka";"Česká Republika";"Výroční turistická známka";"";"";""
"768";"120. výročí založení muzea v Lounech";"Česká Republika";"Výroční turistická známka";"";"";""
"767";"730 let města Sokolova";"Česká Republika";"Výroční turistická známka";"";"";""
"758";"Muzeum obuvi a kamene ve Skutči 2009";"Česká Republika";"Výroční turistická známka";"";"";""
"752";"Karlštejnské vinobraní 2009";"Česká Republika";"Výroční turistická známka";"";"";"Muzeum Betlémů, Karlštejn 11 (http://www.muzeumbetlemu.cz/)"
"764";"Lichtenštejnové – šlechta neznající hranic";"Česká Republika";"Výroční turistická známka";"";"";""
"762";"110. výročí začátku kariéry Gustava Frištenského v Brně";"Česká Republika";"Výroční turistická známka";"";"";""
"740";"110 let tratě Otrokovice-Vizovice 1899 - 2009";"Česká Republika";"Výroční turistická známka";"";"";""
"757";"7. SETKÁNÍ KSTS, Prostějov";"Česká Republika";"Výroční turistická známka";"";"";""
"742";"40 let Městské památkové rezervace Pelhřimov";"Česká Republika";"Výroční turistická známka";"";"";""
"736";"100. výročí od založení KČT Semily, otevření Riegrovy stezky";"Česká Republika";"Výroční turistická známka";"";"";""
"761";"Cech starohradských čarobabic";"Česká Republika";"Výroční turistická známka";"";"";""
"675";"650 let - Město Hronov";"Česká Republika";"Výroční turistická známka";"";"";""
"705";"750 let města Klatov";"Česká Republika";"Výroční turistická známka";"";"";""
"669";"Houbařské slavnosti - houbobraní v Jižních Čechách a Šumavě";"Česká Republika";"Výroční turistická známka";"";"";""
"756";"Kačenčino loučení s létem 2009";"Česká Republika";"Výroční turistická známka";"";"";""
"701";"Velká cena ITALPE parkurové závody konané 30.8.2009";"Česká Republika";"Výroční turistická známka";"";"";""
"749";"Hefaiston 2009 - Helfštýn";"Česká Republika";"Výroční turistická známka";"";"";""
"744";"Pochod Giacoma Casanovy - Duchcov";"Česká Republika";"Výroční turistická známka";"";"";""
"731";"Mohelnický dostavník 2009";"Česká Republika";"Výroční turistická známka";"";"";""
"616";"Rejštejn - město vydry";"Česká Republika";"Výroční turistická známka";"";"";""
"735";"Mezinárodní folklorní festival Červený Kostelec";"Česká Republika";"Výroční turistická známka";"";"";""
"680";"240. výročí Napoleonova narození 15. 8. 1769";"Česká Republika";"Výroční turistická známka";"";"";"Zámek Slavkov - pokladna (www.slavkov.cz)"
"753";"Pouť Svatého Vavřince 2009";"Česká Republika";"Výroční turistická známka";"";"";""
"754";"Mistrovství Evropy Indiana Jones 2009";"Česká Republika";"Výroční turistická známka";"";"";""
"634";"325. ročník lidové slavnosti Porciunkule 1.8. - 2. 8. 2009";"Česká Republika";"Výroční turistická známka";"";"";""
"750";"15 let služeb v cestovním ruchu";"Česká Republika";"Výroční turistická známka";"";"";""
"498";"Den Ohře - o. s. Vodácká Ohře";"Česká Republika";"Výroční turistická známka";"";"";""
"651";"II. Slavnosti chleba Lenora 25.7.2009";"Česká Republika";"Výroční turistická známka";"";"";""
"652";"III. Buchtobraní XII.Holašovické slavnosti";"Česká Republika";"Výroční turistická známka";"";"";""
"730";"970. výročí založení obce Čistá";"Česká Republika";"Výroční turistická známka";"";"";""
"642";"Okolo Vidrholce - Orientační jízda historických vozidel X. ročník 18. července 2009";"Česká Republika";"Výroční turistická známka";"";"";""
"696";"650 let obce Horní Vltavice";"Česká Republika";"Výroční turistická známka";"";"";""
"729";"Vodní království Hodonín";"Česká Republika";"Výroční turistická známka";"";"";""
"734";"Otevření nové hasičárny Vranov";"Česká Republika";"Výroční turistická známka";"";"";""
"665";"660. výročí první zmínky o Ostrově u Macochy";"Česká Republika";"Výroční turistická známka";"";"";""
"715";"Borovanské borůvkobraní 2009";"Česká Republika";"Výroční turistická známka";"";"";""
"716";"Šumavské lokálky 2009";"Česká Republika";"Výroční turistická známka";"";"";""
"688";"Muzeum řemesel Letohrad - Řemeslnická sobota";"Česká Republika";"Výroční turistická známka";"";"";""
"726";"Oslavy Ještědu 2009";"Česká Republika";"Výroční turistická známka";"";"";""
"721";"Setkání Jeníčků a Mařenek u Perníkové chaloupky 6.7.2009";"Česká Republika";"Výroční turistická známka";"";"";""
"707";"770 let založení obce Přešín";"Česká Republika";"Výroční turistická známka";"";"";""
"741";"700 let obce Přemyslovice";"Česká Republika";"Výroční turistická známka";"";"";""
"747";"10 let rozhledny Veselý vrch 1999 - 2009";"Česká Republika";"Výroční turistická známka";"";"";""
"674";"Otevření rozhledny Rumburak";"Česká Republika";"Výroční turistická známka";"";"";""
"745";"Otevření rozhledny na Hnědém vrchu";"Česká Republika";"Výroční turistická známka";"";"";""
"733";"Rozhledna Jeřabina - Krušné Hory";"Česká Republika";"Výroční turistická známka";"";"";""
"708";"170. výročí příjezdu prvního vlaku na Moravu";"Česká Republika";"Výroční turistická známka";"";"";""
"739";"10 let Železničního muzea ČD";"Česká Republika";"Výroční turistická známka";"";"";""
"743";"100 let Tanvaldského Špičáku";"Česká Republika";"Výroční turistická známka";"";"";""
"746";"Bor, Ladislav Šín, 80 let, 1929-2009";"Česká Republika";"Výroční turistická známka";"";"";""
"759";"Indiánské léto 2009, Arboretum Nový Dvůr";"Česká Republika";"Výroční turistická známka";"";"";""
"718";"100 let Bismarckovy rozhledny";"Česká Republika";"Výroční turistická známka";"";"";""
"722";"111. výročí povýšení Kladna na královské horní město";"Česká Republika";"Výroční turistická známka";"";"";""
"732";"Slavnostní otevření rozhledny Pastýřky - Moravská Třebová";"Česká Republika";"Výroční turistická známka";"";"";""
"686";"VI. Rotující setrvačníky";"Česká Republika";"Výroční turistická známka";"";"";""
"719";"Hasičský den na Konopišti";"Česká Republika";"Výroční turistická známka";"";"";""
"728";"Lužický seminář 2009";"Česká Republika";"Výroční turistická známka";"";"";""
"738";"Setkání turistů na Čerchově 13. 6. 2009";"Česká Republika";"Výroční turistická známka";"";"";""
"737";"5. ročník křtění hříbátek na Farmě Čapí letka";"Česká Republika";"Výroční turistická známka";"";"";""
"720";"Tolštejnské Panství 2009";"Česká Republika";"Výroční turistická známka";"";"";""
"646";"750 let cisterciáckého kláštera Vyšší Brod - 1259 - 2009";"Česká Republika";"Výroční turistická známka";"";"";""
"693";"Výstava Turistických známek na hradě Sovinec";"Česká Republika";"Výroční turistická známka";"";"";""
"653";"X. Erbovní slavností 2009 - Obec Petřvald";"Česká Republika";"Výroční turistická známka";"";"";""
"632";"Z Prahy do Svatojánských proudů 3. ročník";"Česká Republika";"Výroční turistická známka";"";"";""
"725";"120 let od vyznačení první trasy KČT Štěchovice - Svatojánské proudy 1889 - 2009";"Česká Republika";"Výroční turistická známka";"";"";""
"703";"12. republikové setkání pionýrských oddílů, poselstvo krále Jiřího";"Česká Republika";"Výroční turistická známka";"";"";""
"605";"Alexandrova rozhledna u Adamova";"Česká Republika";"Výroční turistická známka";"";"";""
"679";"750 let obce Veliká Ves 1259 - 2009";"Česká Republika";"Výroční turistická známka";"";"";""
"698";"44. ročník Pochodu Praha - Prčice 16. května 2009";"Česká Republika";"Výroční turistická známka";"";"";""
"706";"Husitské slavnosti ve Slaném 2009";"Česká Republika";"Výroční turistická známka";"";"";""
"700";"50 let od úmrtí Bohuslava Martinů";"Česká Republika";"Výroční turistická známka";"";"";""
"691";"Vlčí hora - KČT Krásná Lípa, 120 let 1889 - 2009";"Česká Republika";"Výroční turistická známka";"";"";""
"699";"160 let výročí narození Dr. Františka Lützowa, 700 let od první zmínky o hradu Žampach";"Česká Republika";"Výroční turistická známka";"";"";""
"711";"120 let časopisu Turista";"Česká Republika";"Výroční turistická známka";"";"";""
"712";"Zámek Loučeň ke 125. výročí úmrtí B. Smetany";"Česká Republika";"Výroční turistická známka";"";"";""
"714";"Pochody Šumavou 2009";"Česká Republika";"Výroční turistická známka";"";"";""
"717";"Vodácké závody 2009";"Česká Republika";"Výroční turistická známka";"";"";""
"692";"Slavnostní otevření rozhledny SLUNEČNÁ Velké Pavlovice 2009";"Česká Republika";"Výroční turistická známka";"";"";""
"628";"35 let hasičského muzea Bechyně - zakladatel Antonín Zelenka - 1915 - 2001";"Česká Republika";"Výroční turistická známka";"";"";""
"649";"Švejkova cyklo - 60- ka 1. ročník 2. 5. 2009";"Česká Republika";"Výroční turistická známka";"";"";""
"697";"Slavnost květů 2009";"Česká Republika";"Výroční turistická známka";"";"";""
"664";"Benešov - Zámek Konopiště - 2009";"Česká Republika";"Výroční turistická známka";"";"";"Snack bar na parkovišti, Konopiště (https://www.facebook.com/cafekonopiste/photos/a.1746045005608633/2820837634796026/)"
"667";"Na střechu českých železnic 2009";"Česká Republika";"Výroční turistická známka";"";"";""
"671";"Jihočeské léto s párou a českými drahami";"Česká Republika";"Výroční turistická známka";"";"";""
"682";"Sejkorská kaplička - Bozkov";"Česká Republika";"Výroční turistická známka";"";"";""
"684";"150 let tratě Liberec - Zittau";"Česká Republika";"Výroční turistická známka";"";"";""
"685";"150 let tratě Pardubice - Liberec";"Česká Republika";"Výroční turistická známka";"";"";""
"687";"Poznávej krásu Kokořínska 2009";"Česká Republika";"Výroční turistická známka";"";"";""
"694";"Pomáháme dětem - Bílý Kámen 16. ročník";"Česká Republika";"Výroční turistická známka";"";"";""
"710";"100. výročí KČT Kroměříž";"Česká Republika";"Výroční turistická známka";"";"";""
"683";"Obrok 2009";"Česká Republika";"Výroční turistická známka";"";"";""
"677";"Šermířské představení na vrchu Říp 25. - 26. 4. 2009";"Česká Republika";"Výroční turistická známka";"";"";""
"673";"90 let skautingu v Jaroměři";"Česká Republika";"Výroční turistická známka";"";"";""
"657";"777 let Zakládací listiny města Kynšperka";"Česká Republika";"Výroční turistická známka";"";"";""
"661";"Máchovi v patách 2009";"Česká Republika";"Výroční turistická známka";"";"";""
"670";"Dny Prahy 1 s císařem Rudolfem II.";"Česká Republika";"Výroční turistická známka";"";"";""
"641";"10. výročí založení Mikroregionu Radbuza";"Česká Republika";"Výroční turistická známka";"";"";""
"621";"Otevření rozhledny na Studenci u České Kamenice";"Česká Republika";"Výroční turistická známka";"";"";""
"654";"Zvon Augustin Bílá věž Hradec Králové 1509 - 2009";"Česká Republika";"Výroční turistická známka";"";"";"Infocentrum Hradec Králové, Eliščino nábřeží 626 (www.hkinfo.cz)"
"631";"INT WINTER CAMPING - LIBEREC FIS NWSC 2009";"Česká Republika";"Výroční turistická známka";"";"";""
"645";"125 let keramické školy v Bechyni";"Česká Republika";"Výroční turistická známka";"";"";""
"622";"FIS mistrovství světa v klasickém lyžování Liberec 2009";"Česká Republika";"Výroční turistická známka";"";"";""
"636";"125 let Nemocnice Slaný 18. 2. 2009";"Česká Republika";"Výroční turistická známka";"";"";""
"643";"Zimní přechod Brd 2009";"Česká Republika";"Výroční turistická známka";"";"";""
"627";"XI Český zimní sraz turistů Bělá nad Radbůzou";"Česká Republika";"Výroční turistická známka";"";"";""
"635";"Turistický Informační Magazín - TIM 2009";"Česká Republika";"Výroční turistická známka";"";"";""
"639";"Regiontour Brno, 15. - 18.1.2009";"Česká Republika";"Výroční turistická známka";"";"";""
"614";"K životnímu jubileu Muzeum Karla Gotta - Gottland 2009";"Česká Republika";"Výroční turistická známka";"";"";""
"619";"170 let Třinecké železárny";"Česká Republika";"Výroční turistická známka";"";"";""
"629";"10. výročí úmrtí Jaroslava Foglara";"Česká Republika";"Výroční turistická známka";"";"";""
"630";"František Ventura - olympijský vítěz v parkuru Amsterodam 1928";"Česká Republika";"Výroční turistická známka";"";"";""
"637";"Pochody za úplňku 2009";"Česká Republika";"Výroční turistická známka";"";"";""
"638";"Městské muzeum Sedlčany - 115 LET";"Česká Republika";"Výroční turistická známka";"";"";""
"640";"140 let městské hromadné dopravy v Brně";"Česká Republika";"Výroční turistická známka";"";"";""
"644";"Valašské království 2009";"Česká Republika";"Výroční turistická známka";"";"";""
"647";"10 let od vzniku vlčích hlídek - 15 let od návratu vlků do Beskyd";"Česká Republika";"Výroční turistická známka";"";"";""
"648";"350 let pohostinnosti - Hotel Růže Rožmberk nad Vltavou";"Česká Republika";"Výroční turistická známka";"";"";""
"655";"2. ročník Ježíškovy cesty 2009 Boží Dar";"Česká Republika";"Výroční turistická známka";"";"";""
"656";"10 let taneční a westernové skupiny Desperado";"Česká Republika";"Výroční turistická známka";"";"";""
"658";"40 let CHKO Jeseníky";"Česká Republika";"Výroční turistická známka";"";"";""
"659";"660. výročí první doložené zmínky o Hlinsku 1349 - 2009";"Česká Republika";"Výroční turistická známka";"";"";""
"660";"Muzeum Hlinsko, 135 let od založení, 1874 - 2009";"Česká Republika";"Výroční turistická známka";"";"";""
"662";"70. výročí Zoo Ohrada";"Česká Republika";"Výroční turistická známka";"";"";""
"663";"Litomyšl - 750 let od povýšení na město";"Česká Republika";"Výroční turistická známka";"";"";""
"666";"Z Jižních Čech až na konec světa";"Česká Republika";"Výroční turistická známka";"";"";""
"668";"Nebojte se mapy 2.ročník 2009";"Česká Republika";"Výroční turistická známka";"";"";""
"672";"130 let Sboru dobrovolných hasičů Jílové – Modrá 1879 – 2009";"Česká Republika";"Výroční turistická známka";"";"";""
"676";"100. výročí objevení Nové Kateřinské jeskyně 1909 - 2009";"Česká Republika";"Výroční turistická známka";"";"";""
"678";"100. výročí objevení Punkevních jeskyní 1909 - 2009";"Česká Republika";"Výroční turistická známka";"";"";""
"681";"Lednicko – valtický areál 2009, Krajina chrámů";"Česká Republika";"Výroční turistická známka";"";"";""
"689";"730. výročí první zmínky o Skuhrově nad Bělou";"Česká Republika";"Výroční turistická známka";"";"";""
"695";"700 let města Český Krumlov";"Česká Republika";"Výroční turistická známka";"";"";""
"702";"40 let CHKO Orlické hory";"Česká Republika";"Výroční turistická známka";"";"";""
"704";"300 let zámku v Hořovicích";"Česká Republika";"Výroční turistická známka";"";"";""
"709";"EAZA European Carnivore Campaign 2008-09 Living Together";"Česká Republika";"Výroční turistická známka";"";"";""
"724";"650 let města Štramberka";"Česká Republika";"Výroční turistická známka";"";"";""
"727";"470. výročí narození Petra Voka - 2009";"Česká Republika";"Výroční turistická známka";"";"";""
"748";"90 let olomouckého skautingu";"Česká Republika";"Výroční turistická známka";"";"";""
"751";"Po stopách Hochů od Bobří řeky";"Česká Republika";"Výroční turistická známka";"";"";""
"763";"50 let archeologických výzkumů na Pohansku u Břeclavi";"Česká Republika";"Výroční turistická známka";"";"";""
"623";"Pohádkové království 2009";"Česká Republika";"Výroční turistická známka";"";"";""
"528";"Oslavy 660 let města Jílové";"Česká Republika";"Výroční turistická známka";"Děčín";"Ústecký kraj";""
"624";"Salesiáni Brno 2009 Jubileum 70 let";"Česká Republika";"Výroční turistická známka";"";"";""
"483";"Zvonkové průvody v Pohádkovém království 2008";"Česká Republika";"Výroční turistická známka";"";"";""
"625";"Synagoga Turnov - otevření synagogy";"Česká Republika";"Výroční turistická známka";"";"";""
"470";"120 let KČT 1888 - 2008";"Česká Republika";"Výroční turistická známka";"";"";""
"626";"Poslední puchýř";"Česká Republika";"Výroční turistická známka";"";"";""
"620";"50 let výroby autobusů Škody 706 RTO Výtopna Zdice";"Česká Republika";"Výroční turistická známka";"";"";""
"606";"650 let od první písemné zmínky o Úpici 1358 - 2008";"Česká Republika";"Výroční turistická známka";"";"";""
"617";"1. výročí pojmenování ulice ve Stínadlech";"Česká Republika";"Výroční turistická známka";"";"";""
"590";"40. dětský filmový a televizní festival Oty Hofmana";"Česká Republika";"Výroční turistická známka";"";"";""
"613";"Koulení kola z Lednice do Brna";"Česká Republika";"Výroční turistická známka";"";"";""
"612";"Svatováclavská jízda v Mladé Boleslavi";"Česká Republika";"Výroční turistická známka";"";"";""
"608";"Oživený bunkr";"Česká Republika";"Výroční turistická známka";"";"";""
"461";"Šumavské lokálky 2008";"Česká Republika";"Výroční turistická známka";"";"";""
"598";"Město Mnichovice 5. ročník pochodu Po stopách kocoura Mikeše";"Česká Republika";"Výroční turistická známka";"";"";""
"609";"150 let Kladensko - nučické dráhy";"Česká Republika";"Výroční turistická známka";"";"";""
"610";"Pochod k prameni Moravy - 19. ročník, 20. 9. 2008";"Česká Republika";"Výroční turistická známka";"";"";""
"611";"Fort expo";"Česká Republika";"Výroční turistická známka";"";"";""
"615";"OBNOVENÍ MOHYLY A. B. SVOJSÍKA";"Česká Republika";"Výroční turistická známka";"";"";""
"607";"6. SETKÁNÍ KSTS, BRANDÝS NAD LABEM";"Česká Republika";"Výroční turistická známka";"";"";""
"601";"Kačenčino loučení s létem 2008 Deštné v Orlických horách";"Česká Republika";"Výroční turistická známka";"";"";""
"592";"700 let katedrály Svatého Ducha v Hradci Králové";"Česká Republika";"Výroční turistická známka";"";"";""
"595";"Hefaiston 2008 - Helfštýn";"Česká Republika";"Výroční turistická známka";"";"";""
"587";"Šumavská pouť Karla Klostermanna";"Česká Republika";"Výroční turistická známka";"";"";""
"585";"34. Mohelnický dostavník - 28. - 31. srpna 2008";"Česká Republika";"Výroční turistická známka";"";"";""
"602";"110 let od vysvěcení kaple svatých Cyrila a Metoděje (1898 - 2008)";"Česká Republika";"Výroční turistická známka";"";"";""
"484";"35 let výstavy Země Živitelka";"Česká Republika";"Výroční turistická známka";"";"";""
"560";"18. Mezinárodní dudácký festival 21.-24.8.2008 Strakonice";"Česká Republika";"Výroční turistická známka";"";"";""
"572";"Město Vidnava 740. výročí založení";"Česká Republika";"Výroční turistická známka";"Jeseník";"Olomoucký kraj";""
"597";"Historickým vlakem na Oseckou pouť";"Česká Republika";"Výroční turistická známka";"";"";""
"596";"Pouť Svatého Vavřince 2008";"Česká Republika";"Výroční turistická známka";"";"";""
"561";"Bystřecké kilometry";"Česká Republika";"Výroční turistická známka";"";"";""
"600";"Mistrovství Evropy Indiana Jones 2008";"Česká Republika";"Výroční turistická známka";"";"";""
"603";"200 let Janova hradu, 1808 - 2008";"Česká Republika";"Výroční turistická známka";"";"";""
"594";"Letní putování divadla Julie po křivoklátsku";"Česká Republika";"Výroční turistická známka";"";"";""
"579";"90. výročí založení společného státu Čechů a Slováků - Československa";"Česká Republika";"Výroční turistická známka";"";"";""
"452";"XI. Holašovické slavnosti a II. Buchtobraní";"Česká Republika";"Výroční turistická známka";"";"";""
"554";"Chlebobraní Lenora";"Česká Republika";"Výroční turistická známka";"";"";""
"588";"Lugnasad 2008 - pohanský svátek Boha slunce";"Česká Republika";"Výroční turistická známka";"";"";""
"507";"Jmeniny města Horažďovice";"Česká Republika";"Výroční turistická známka";"";"";""
"581";"130. výročí založení Sboru dobrovolných hasičů Cítoliby a 300. výročí narození hudebního skladatele Václava Jana Kopřivy.";"Česká Republika";"Výroční turistická známka";"";"";""
"527";"Zámecká kaple - Valašské Meziříčí";"Česká Republika";"Výroční turistická známka";"";"";""
"451";"Borovanské Borůvkobraní 2008";"Česká Republika";"Výroční turistická známka";"";"";""
"494";"120. výročí otevření rozhledny na Studenci u České Kamenice";"Česká Republika";"Výroční turistická známka";"";"";""
"524";"Rogar - Pomsta Vikingů";"Česká Republika";"Výroční turistická známka";"";"";""
"555";"145 let od objevení Chýnovské jeskyně";"Česká Republika";"Výroční turistická známka";"";"";""
"497";"125 let Bertiny lázně, Třeboň 1883-2008";"Česká Republika";"Výroční turistická známka";"";"";""
"576";"Setkání Jeníčků a Mařenek u Perníkové chaloupky 6.7.2008";"Česká Republika";"Výroční turistická známka";"";"";""
"586";"Loučeň - nejstarší fotbalový klub v ČR";"Česká Republika";"Výroční turistická známka";"";"";""
"526";"Den lidových řemesel, Žacléř";"Česká Republika";"Výroční turistická známka";"";"";""
"553";"I. Cukrování v Dačicích 28.6.2008 - 165. výročí vynálezu kostkového cukru";"Česká Republika";"Výroční turistická známka";"";"";""
"577";"Velké Pavlovice - 70. výročí úmrtí Aloise Václava Horňanského";"Česká Republika";"Výroční turistická známka";"";"";""
"582";"920 let obce Knovíz - září 2008";"Česká Republika";"Výroční turistická známka";"";"";""
"506";"Slavnosti kaše Horažďovice";"Česká Republika";"Výroční turistická známka";"";"";""
"580";"5 let od zániku RTV v Chomutově";"Česká Republika";"Výroční turistická známka";"";"";""
"584";"Rozhledna Bára";"Česká Republika";"Výroční turistická známka";"";"";""
"589";"Otevření pohádkové kanceláře v Radomyšli";"Česká Republika";"Výroční turistická známka";"";"";""
"569";"80. výročí otevření Riegrovy turistické chaty na Kozákově - (24.6.1928)";"Česká Republika";"Výroční turistická známka";"";"";""
"522";"Smetanova Litomyšl 50 ročník";"Česká Republika";"Výroční turistická známka";"";"";""
"551";"Mezinárodní a XIV. celostátní sraz cykloturistů v euroregionu Nisa - Hrádek nad Nisou";"Česká Republika";"Výroční turistická známka";"";"";""
"570";"660 let založení hradu Karlštejna";"Česká Republika";"Výroční turistická známka";"Beroun";"Středočeský kraj";"Muzeum Betlémů, Karlštejn 11 (http://www.muzeumbetlemu.cz/)"
"549";"600 let města Meziměstí";"Česká Republika";"Výroční turistická známka";"";"";""
"559";"Tolštejnské Panství 2008";"Česká Republika";"Výroční turistická známka";"";"";""
"396";"Letní turistický sraz 2008";"Česká Republika";"Výroční turistická známka";"";"";""
"578";"350. Výročí příchodu Piaristů do Slaného 1658 - 2008";"Česká Republika";"Výroční turistická známka";"";"";""
"583";"50 let otáčivého hlediště Český Krumlov";"Česká Republika";"Výroční turistická známka";"";"";""
"536";"20. výročí - Pohádkový les na Červeném hrádku u Sedlčan";"Česká Republika";"Výroční turistická známka";"";"";""
"568";"Valcířská padesátka";"Česká Republika";"Výroční turistická známka";"";"";""
"514";"15 let Zubrnické muzealní železnice";"Česká Republika";"Výroční turistická známka";"";"";""
"564";"100 let SDH v Kobylí";"Česká Republika";"Výroční turistická známka";"";"";""
"567";"Praha - město Turistických známek";"Česká Republika";"Výroční turistická známka";"";"";""
"500";"Valdštejnské Slavnosti";"Česká Republika";"Výroční turistická známka";"";"";""
"490";"36 tisíc valašských kroků, 40. ročník";"Česká Republika";"Výroční turistická známka";"";"";""
"558";"Chválenické chodníčky, Chválenice";"Česká Republika";"Výroční turistická známka";"";"";"na startu akce celý den
OÚ Chválenice
hospoda"
"562";"43. ročník Pochodu Praha - Prčice";"Česká Republika";"Výroční turistická známka";"";"";""
"556";"Husitské Slavnosti ve Slaném 2008";"Česká Republika";"Výroční turistická známka";"";"";""
"457";"Vodácké závody 2008";"Česká Republika";"Výroční turistická známka";"";"";""
"502";"50. stezka TAK Praha";"Česká Republika";"Výroční turistická známka";"";"";""
"571";"90.výročí konce první světové války - Za císaře pána pod hladinou moře";"Česká Republika";"Výroční turistická známka";"";"";""
"456";"Otevření turistické sezony";"Česká Republika";"Výroční turistická známka";"";"";""
"460";"20 let korfbalu v Českých Budějovicích";"Česká Republika";"Výroční turistická známka";"";"";""
"462";"15 let turistického a mapového centra v Českých Budějovicích";"Česká Republika";"Výroční turistická známka";"";"";""
"492";"Z Prahy do Svatojánských proudů, Vzpomínka na Svatojánské proudy 2008";"Česká Republika";"Výroční turistická známka";"Praha";"Hlavní město Praha";"Chata na Mlýně, Skály"
"501";"70 let parníku Vyšehrad 1938 - 2008";"Česká Republika";"Výroční turistická známka";"";"";"Chata na Mlýně, Skály"
"512";"Rozhledna Biskupská kupa 110 let - V. E. Heeger 150. výročí narození - 121 let zimních sportů v Jeseníkách";"Česká Republika";"Výroční turistická známka";"";"";""
"544";"Otevření Ježíškovy cesty Boží Dar 2008";"Česká Republika";"Výroční turistická známka";"";"";""
"548";"Městys Pozlovice 1758-2008, 250. výročí povýšení";"Česká Republika";"Výroční turistická známka";"";"";""
"557";"Pomáháme dětem - Bílý Kámen";"Česká Republika";"Výroční turistická známka";"";"";""
"593";"Otevření zámku Letovice 2008";"Česká Republika";"Výroční turistická známka";"";"";""
"503";"Klíč 2008 - národní jamboree";"Česká Republika";"Výroční turistická známka";"";"";""
"532";"Školní naučná stezka po památných stromech obce Hořátev";"Česká Republika";"Výroční turistická známka";"";"";""
"517";"Šermířské představení na vrcholu Říp - REGO";"Česká Republika";"Výroční turistická známka";"";"";""
"537";"50 let výstaviště Flora Olomouc";"Česká Republika";"Výroční turistická známka";"";"";""
"473";"5 let turistiky na koni 2003 - 2008";"Česká Republika";"Výroční turistická známka";"";"";""
"453";"VI. Pohádkový start Tábor, Květen 2008";"Česká Republika";"Výroční turistická známka";"";"";""
"539";"Máchovi v patách 2008";"Česká Republika";"Výroční turistická známka";"";"";""
"533";"Miniveletrh cestovního ruchu - Lomnice nad Popelkou";"Česká Republika";"Výroční turistická známka";"";"";"Informační středisko, Husovo náměstí 44, Lomnice nad Popelkou (http://www.kislomnice.cz/)"
"454";"Pochody Šumavou 2008";"Česká Republika";"Výroční turistická známka";"";"";""
"509";"Otevření nové budovy vlastivědného muzea v Kladně";"Česká Republika";"Výroční turistická známka";"";"";""
"496";"Nebojte se mapy, 1. ročník 2008";"Česká Republika";"Výroční turistická známka";"";"";""
"521";"10. ročník setkání s pivem";"Česká Republika";"Výroční turistická známka";"";"";""
"523";"Pražské kavárny a jejich svět";"Česká Republika";"Výroční turistická známka";"";"";""
"518";"660 let založení Nového města pražského";"Česká Republika";"Výroční turistická známka";"";"";""
"489";"V. Mezinárodní zimní sraz turistů v Jablunkově";"Česká Republika";"Výroční turistická známka";"";"";""
"474";"Po stopách poutníka Hrocha";"Česká Republika";"Výroční turistická známka";"";"";""
"485";"RegionTour 2008, BVV Brno";"Česká Republika";"Výroční turistická známka";"";"";""
"432";"Klostermann 2008";"Česká Republika";"Výroční turistická známka";"";"";""
"442";"100 let chata Hromovka Špindlerův Mlýn";"Česká Republika";"Výroční turistická známka";"";"";""
"450";"Pohádkové království 2008";"Česká Republika";"Výroční turistická známka";"";"";""
"455";"Pochody za úplňku 2008";"Česká Republika";"Výroční turistická známka";"";"";""
"459";"Vystěhovalectví do Brazílie, HAMBURGO - LISBOA - BRAZIL";"Česká Republika";"Výroční turistická známka";"";"";""
"466";"650 let zakládací listiny kapituly karlštejnské";"Česká Republika";"Výroční turistická známka";"";"";"Muzeum Betlémů, Karlštejn 11 (http://www.muzeumbetlemu.cz/)"
"468";"10. výročí rozhledny Panorama";"Česká Republika";"Výroční turistická známka";"";"";""
"471";"125 let narození Jaroslava Haška";"Česká Republika";"Výroční turistická známka";"";"";""
"472";"100 let od posvěcení evangelického kostela v Ostravě 1907 - 2007";"Česká Republika";"Výroční turistická známka";"";"";""
"477";"Lidé bez domova - 65 let vystěhování Sedlčanska, 1943 - 2008";"Česká Republika";"Výroční turistická známka";"";"";""
"478";"80 let od položení základního kamene Výtopny Zdice";"Česká Republika";"Výroční turistická známka";"";"";""
"479";"70 let čs. opevnění v Šatově";"Česká Republika";"Výroční turistická známka";"";"";""
"480";"700 let Letohradu";"Česká Republika";"Výroční turistická známka";"";"";""
"482";"80. výročí OKČT Krnov";"Česká Republika";"Výroční turistická známka";"";"";""
"486";"10 let Turistických známek";"Česká Republika";"Výroční turistická známka";"";"";"Muzeum rekordů a kuriozit, Palackého 47, Pelhřimov (https://www.dobryden.cz/)"
"487";"České kuriozity";"Česká Republika";"Výroční turistická známka";"";"";""
"488";"177 let Matice české, 1831 - 2008";"Česká Republika";"Výroční turistická známka";"";"";""
"491";"Valašské království 2008";"Česká Republika";"Výroční turistická známka";"";"";""
"493";"125. výročí Městského muzea v Jaroměři, 1883 - 2008";"Česká Republika";"Výroční turistická známka";"";"";""
"505";"450 let povýšení Dobrovice na město";"Česká Republika";"Výroční turistická známka";"";"";""
"508";"Rok žáby";"Česká Republika";"Výroční turistická známka";"";"";"Zoo Děčín - pokladna (http://www.zoodecin.cz/)
Pokladna na horním vstupu Zoo Ústí nad Labem (http://www.zoousti.cz/)"
"510";"640 let města Bystřice pod Hostýnem";"Česká Republika";"Výroční turistická známka";"";"";""
"511";"100 let od Lumpeparku k Zoo Ústí nad Labem 1908 - 2008";"Česká Republika";"Výroční turistická známka";"";"";""
"513";"Mariánské Lázně 200 let";"Česká Republika";"Výroční turistická známka";"";"";""
"516";"750 let od první písemné zmínky Rychnov nad Kněžnou";"Česká Republika";"Výroční turistická známka";"";"";""
"519";"80 let mostu Bechyňská duha, 685 let města Bechyně";"Česká Republika";"Výroční turistická známka";"";"";""
"520";"105 let Křižíkovy dráhy, Bechyně";"Česká Republika";"Výroční turistická známka";"";"";""
"525";"Časem zpátky do pohádky - Pohádkové Staré Hrady";"Česká Republika";"Výroční turistická známka";"";"";""
"529";"920 let Vinoře";"Česká Republika";"Výroční turistická známka";"";"";""
"530";"Skladatel české hymny František Škroup";"Česká Republika";"Výroční turistická známka";"";"";""
"531";"800 let od první písemné zmínky o obci Doubravník";"Česká Republika";"Výroční turistická známka";"Brno-venkov";"Jihomoravský kraj";""
"534";"425 let od narození Albrechta z Valdštejna";"Česká Republika";"Výroční turistická známka";"";"";""
"535";"25 let naučné stezky NPR Lednické rybníky";"Česká Republika";"Výroční turistická známka";"";"";""
"538";"650.výročí založení města Karlem IV, Karlovy Vary";"Česká Republika";"Výroční turistická známka";"";"";"Infocentrum, Mariánskolázeňská 2, Karlovy Vary (https://www.karlovyvary.cz/cs)"
"540";"150 let od vysvěcení Nejdecké křížové cesty";"Česká Republika";"Výroční turistická známka";"";"";""
"541";"420 let od povýšení Rakovníka na město královské Rudolfem II.";"Česká Republika";"Výroční turistická známka";"";"";""
"543";"850. výročí posvěcení kostele sv. Petra a Pavla v Bohnicích";"Česká Republika";"Výroční turistická známka";"";"";""
"545";"75. výročí osady Údolí oddechu Kačák";"Česká Republika";"Výroční turistická známka";"";"";""
"546";"Lednicko - valtický areál 2008 Josef Hardtmuth 1758 - 1816";"Česká Republika";"Výroční turistická známka";"";"";""
"550";"Za Turistickými známkami bez strachu z klíšťat";"Česká Republika";"Výroční turistická známka";"";"";""
"552";"10 let s Quarterem";"Česká Republika";"Výroční turistická známka";"";"";""
"565";"110. výročí udělení znaku obci Petrovice u Sedlčan";"Česká Republika";"Výroční turistická známka";"";"";""
"566";"Rychlé šípy slaví narozeniny";"Česká Republika";"Výroční turistická známka";"";"";""
"573";"20.1. 1698 – 310 let od narození F.J. Troyera 5.2. 1758 - 250 let od úmrtí F.J.Troyera rok 1748 - založení obce Trojanovice";"Česká Republika";"Výroční turistická známka";"";"";"Infocentrum, Havlíčkova 32, Frenštát pod Radhoštěm (http://frenstatinfo.cz/)"
"574";"15 let otevření expozice - stálá výstava mořských a sladkovodních ryb";"Česká Republika";"Výroční turistická známka";"";"";""
"591";"Slovanská epopej A. Muchy 1963 - 2008 45 let Moravský Krumlov";"Česká Republika";"Výroční turistická známka";"";"";""
"599";"90 let Pošty českých skautů";"Česká Republika";"Výroční turistická známka";"";"";""
"604";"70.výročí všeobecné mobilisace";"Česká Republika";"Výroční turistická známka";"";"";""
"323";"Virtuální bitva 1805 - Slavkov u Brna";"Česká Republika";"Výroční turistická známka";"";"";""
"476";"MEMORIÁL JANA TLESKAČE VE VYJÍMÁNÍ JEŽKA Z KLECE";"Česká Republika";"Výroční turistická známka";"";"";""
"436";"Za posledním puchýřem 2007";"Česká Republika";"Výroční turistická známka";"";"";""
"467";"""1. ekumenické shromáždění na Řípu, """"Motlitba za domov""""""";"Česká Republika";"Výroční turistická známka";"";"";""
"469";"Slavnostní otevření rozhledny na Velkém Roudném, 27.10.2007";"Česká Republika";"Výroční turistická známka";"";"";""
"448";"39. dětský filmový a televizní festival Oty Hofmana";"Česká Republika";"Výroční turistická známka";"";"";""
"348";"150 výročí úmrtí Josefa Ressela";"Česká Republika";"Výroční turistická známka";"";"";""
"437";"Koulení kola z Lednice do Brna";"Česká Republika";"Výroční turistická známka";"";"";""
"443";"33. ročník Pochod Černošice-Karlštejn";"Česká Republika";"Výroční turistická známka";"";"";"Muzeum Betlémů, Karlštejn 11 (http://www.muzeumbetlemu.cz/)"
"403";"Vinobraní Karlštejn";"Česká Republika";"Výroční turistická známka";"";"";"Muzeum Betlémů, Karlštejn 11 (http://www.muzeumbetlemu.cz/)"
"444";"160 let železnice na Ostravsku";"Česká Republika";"Výroční turistická známka";"";"";""
"430";"650. výročí obce Cerekvice nad Bystřicí";"Česká Republika";"Výroční turistická známka";"";"";""
"353";"50 let turistiky a 35. ročník pochodu";"Česká Republika";"Výroční turistická známka";"";"";""
"387";"Hasiči Mnichovice zal. r. 1882";"Česká Republika";"Výroční turistická známka";"";"";""
"440";"5. SETKÁNÍ KSTS BOUZOV";"Česká Republika";"Výroční turistická známka";"";"";""
"449";"10.let Železničního muzea Lužná u Rakovníka";"Česká Republika";"Výroční turistická známka";"";"";""
"388";"750 let založení obce Suchdol";"Česká Republika";"Výroční turistická známka";"";"";""
"377";"ECCE HOMO Historie 2007";"Česká Republika";"Výroční turistická známka";"";"";""
"395";"10 výročí Společnost Vlasty Buriana";"Česká Republika";"Výroční turistická známka";"";"";""
"434";"Kačenčino loučení s létem 2007";"Česká Republika";"Výroční turistická známka";"";"";""
"439";"30. ročník dálkového pochodu Mšenská padesátka";"Česká Republika";"Výroční turistická známka";"";"";""
"421";"Mohelnický Dostavník 2007";"Česká Republika";"Výroční turistická známka";"";"";""
"441";"Hoštice u Volyně 2008";"Česká Republika";"Výroční turistická známka";"";"";""
"445";"Hefaiston 2007 - Helfštýn";"Česká Republika";"Výroční turistická známka";"";"";""
"427";"Mistrovství Evropy Indiana Jones 2007";"Česká Republika";"Výroční turistická známka";"";"";""
"438";"Pouť Svatého Vavřince 2007";"Česká Republika";"Výroční turistická známka";"";"";""
"393";"Slovácký rok v Kyjově";"Česká Republika";"Výroční turistická známka";"";"";""
"392";"190. výročí založení Moravského zemského muzea 1817 - 2007";"Česká Republika";"Výroční turistická známka";"";"";""
"420";"110 let založení SDH Hvozd a sjezd rodáků 14.-15. července 2007";"Česká Republika";"Výroční turistická známka";"";"";""
"433";"Otevření zámku Loučeň 7.7.2007";"Česká Republika";"Výroční turistická známka";"";"";""
"426";"Setkání Jeníčků a Mařenek u Perníkové chaloupky - Jan Hus";"Česká Republika";"Výroční turistická známka";"";"";""
"381";"90.výročí bitvy u Zborova";"Česká Republika";"Výroční turistická známka";"";"";""
"429";"Celostátní sraz cykloturistů 4.-8.7. 2007 v Praze (oboustr.)";"Česká Republika";"Výroční turistická známka";"";"";""
"356";"III. Ročník pochodu za úplňku, zimní 2.2.2007, letní 30.6.2007";"Česká Republika";"Výroční turistická známka";"";"";""
"371";"Gottland";"Česká Republika";"Výroční turistická známka";"";"";""
"418";"Memoriál kamenného brouka 1. ročník dálkového pochodu 23.6.2007";"Česká Republika";"Výroční turistická známka";"";"";""
"423";"Lánské letní slavnosti";"Česká Republika";"Výroční turistická známka";"";"";""
"422";"780 let od první písemné zmínky o Chocni";"Česká Republika";"Výroční turistická známka";"";"";""
"347";"250. výročí bitvy u Kolína 18.6.2007";"Česká Republika";"Výroční turistická známka";"";"";"Podlipanské muzeum, Žitomířská 761, Český Brod (http://www.podlipanskemuzeum.cz/)"
"399";"550 let Založení Jednoty Bratrské";"Česká Republika";"Výroční turistická známka";"";"";""
"416";"32. ročník Provodínská Štrapanda";"Česká Republika";"Výroční turistická známka";"";"";""
"428";"250 let založení obce, Kytlice";"Česká Republika";"Výroční turistická známka";"";"";""
"354";"60. výročí založení SDH Úpořiny";"Česká Republika";"Výroční turistická známka";"";"";""
"411";"625 let města Frenštátu pod Radhoštěm 15.-16. června";"Česká Republika";"Výroční turistická známka";"";"";""
"375";"750 let města Moravská Třebová";"Česká Republika";"Výroční turistická známka";"";"";""
"398";"400 let města Žďáru nad Sázavou";"Česká Republika";"Výroční turistická známka";"";"";""
"391";"Casanovské slavnosti Města Duchcov";"Česká Republika";"Výroční turistická známka";"";"";""
"352";"Sedlčanská hvězdárna Josefa Sadila 1962-2007 (45 let)";"Česká Republika";"Výroční turistická známka";"";"";""
"378";"ME Závody do vrchu ECCE HOMO";"Česká Republika";"Výroční turistická známka";"";"";""
"389";"25 let Kladenské dvorky 2007";"Česká Republika";"Výroční turistická známka";"";"";""
"417";"Odhalení sochy Praděda v Malé Morávce";"Česká Republika";"Výroční turistická známka";"";"";""
"424";"Oslavy 130. výročí narození slavného hudebníka Františka Spilky";"Česká Republika";"Výroční turistická známka";"";"";""
"406";"Mikešova cesta-Pohádkové Hrusice-mikroregion Ladův Kraj - 26.5.2007/3. ročník";"Česká Republika";"Výroční turistická známka";"";"";""
"369";"100 let muzea v Bruntále 1907 - 2007";"Česká Republika";"Výroční turistická známka";"";"";""
"409";"42.ročník Pochodu Praha - Prčice";"Česká Republika";"Výroční turistická známka";"";"";""
"351";"Tolštejnské Panství 2007";"Česká Republika";"Výroční turistická známka";"";"";""
"404";"Žamberk - 675 let od první písemné zmínky";"Česká Republika";"Výroční turistická známka";"";"";""
"412";"Tomáškova a Novákova hudební Skuteč 2007";"Česká Republika";"Výroční turistická známka";"";"";""
"349";"10 let Japonské zahrady (Botanická zahrada hl.města Prahy)";"Česká Republika";"Výroční turistická známka";"";"";""
"408";"Husické slavnosti ve Slaném 2007";"Česká Republika";"Výroční turistická známka";"";"";""
"402";"Máchovi v patách 2007";"Česká Republika";"Výroční turistická známka";"";"";""
"358";"XIV. Ročník otevření hlavní turistické sezóny v Jižních Čechách 5.5.2007";"Česká Republika";"Výroční turistická známka";"";"";""
"359";"XXV. Ročník vodáckých orientačních závodů 5.-8.5.2007";"Česká Republika";"Výroční turistická známka";"";"";""
"380";"Z Prahy do Svatojánských proudů";"Česká Republika";"Výroční turistická známka";"";"";""
"379";"750 let výročí města Přibyslav 1257 - 2007";"Česká Republika";"Výroční turistická známka";"";"";""
"384";"Čarodějnické procesy";"Česká Republika";"Výroční turistická známka";"";"";""
"383";"50. výročí úmrtí Gustava Frištenského v Litovli";"Česká Republika";"Výroční turistická známka";"";"";""
"363";"Rego 2007";"Česká Republika";"Výroční turistická známka";"";"";""
"386";"Aprílová noční dvacítka 20. ročník - 20.dubna 2007";"Česká Republika";"Výroční turistická známka";"";"";""
"362";"Výstava sklípkanů";"Česká Republika";"Výroční turistická známka";"";"";""
"368";"Zkřížené meče 2007";"Česká Republika";"Výroční turistická známka";"";"";""
"350";"Josef Lada 1887 - 1957";"Česká Republika";"Výroční turistická známka";"";"";""
"357";"V. Pohádkový den ve Strakonicích 6.4.2007";"Česká Republika";"Výroční turistická známka";"";"";""
"360";"Zvonkové průvody v pohádkovém království";"Česká Republika";"Výroční turistická známka";"";"";""
"365";"600 let od první písemné zmínky obec Louňovice 1407 - 2007";"Česká Republika";"Výroční turistická známka";"";"";""
"345";"Kostel sv. Gotharda ve Slaném 1137 - 2007";"Česká Republika";"Výroční turistická známka";"";"";""
"382";"800. výročí první písemné zmínky Světlá nad Sázavou";"Česká Republika";"Výroční turistická známka";"";"";""
"376";"120let představení lyží v Praze";"Česká Republika";"Výroční turistická známka";"";"";""
"364";"20. festival masopustních tradic FAŠANK 2007";"Česká Republika";"Výroční turistická známka";"";"";""
"355";"X. český zimní sraz turistů 8.-11.2.2007 Žďár nad Sázavou";"Česká Republika";"Výroční turistická známka";"";"";""
"342";"Zimní výstup na Helfštýn 30. ročník";"Česká Republika";"Výroční turistická známka";"";"";""
"335";"100 výročí kostela sv. Mikuláše v Ludgeřovicích";"Česká Republika";"Výroční turistická známka";"";"";""
"337";"Výročí 950 let, Město Bohušovice nad Ohří";"Česká Republika";"Výroční turistická známka";"";"";""
"339";"110 let trati Beroun - Rudná";"Česká Republika";"Výroční turistická známka";"";"";""
"343";"Pohádkové království 2007";"Česká Republika";"Výroční turistická známka";"";"";""
"344";"Švejkovy víkendy v Jižních Čechách";"Česká Republika";"Výroční turistická známka";"";"";""
"346";"35. výročí Správy CHKO Labské Pískovce";"Česká Republika";"Výroční turistická známka";"";"";""
"361";"Fráňa Šrámek Šrámkův písek 19.1.1877";"Česká Republika";"Výroční turistická známka";"";"";""
"366";"Robert Baden - Powell of Gilwell 1857 - 2007";"Česká Republika";"Výroční turistická známka";"";"";""
"367";"100 let chaty Hubertka - Jizerské Hory 1907-2007";"Česká Republika";"Výroční turistická známka";"";"";""
"370";"145 let trati Praha -Zdice-Plzeň";"Česká Republika";"Výroční turistická známka";"";"";""
"372";"10. setkání skautských sběratelů";"Česká Republika";"Výroční turistická známka";"";"";""
"373";"Výstava turistických známek na hradě Bouzov";"Česká Republika";"Výroční turistická známka";"";"";""
"374";"640. výročí od získání městských privilegií Strakonic";"Česká Republika";"Výroční turistická známka";"";"";""
"385";"Valašské království 2007";"Česká Republika";"Výroční turistická známka";"";"";""
"390";"Největší prodejní výstava pohlednic";"Česká Republika";"Výroční turistická známka";"";"";""
"394";"130. výročí vzniku muzea v Kutné Hoře";"Česká Republika";"Výroční turistická známka";"";"";""
"400";"70 let úmrtí T.G.M.";"Česká Republika";"Výroční turistická známka";"";"";""
"401";"Jaroslav Foglar 1907-2007";"Česká Republika";"Výroční turistická známka";"";"";""
"405";"EAZA Madagascar campaign 2007, Arovako i Madagasikara";"Česká Republika";"Výroční turistická známka";"";"";""
"407";"MINARET V LEDNICI 1802-2007";"Česká Republika";"Výroční turistická známka";"";"";""
"410";"110 let trati Jindřichův Hradec - Nová bystřice";"Česká Republika";"Výroční turistická známka";"";"";""
"413";"115. výročí plzeňské turistiky";"Česká Republika";"Výroční turistická známka";"";"";""
"414";"95 let od založení odboru KČT Rakovník";"Česká Republika";"Výroční turistická známka";"";"";""
"419";"Sto let Skautingu";"Česká Republika";"Výroční turistická známka";"";"";""
"425";"Lednicko - Valtický areál 2007, zpřístupnění Apollonova chrámu";"Česká Republika";"Výroční turistická známka";"";"";""
"446";"Pojmenování nové ulice Ve Stínadlech ke 100 výročí Jana Foglara";"Česká Republika";"Výroční turistická známka";"";"";""
"458";"110. výročí dráhy Praha Modřany - Dobříš";"Česká Republika";"Výroční turistická známka";"";"";""
"340";"Vánoční pochod Kolín 1976 - 2006";"Česká Republika";"Výroční turistická známka";"";"";""
"333";"Willibald Gatter";"Česká Republika";"Výroční turistická známka";"";"";""
"324";"Za posledním puchýřem, Sokolov 16.-19.listopadu 2006";"Česká Republika";"Výroční turistická známka";"";"";""
"234";"Jan Josef Václav hrabě Radecký z Radče";"Česká Republika";"Výroční turistická známka";"";"";""
"334";"Podzim pod Zelenou horou v Nepomuku 20.-22.10.2006";"Česká Republika";"Výroční turistická známka";"";"";""
"326";"Pochod Rytíře Toulovce";"Česká Republika";"Výroční turistická známka";"";"";""
"320";"75 let Pražské Zoo (1931 - 2006)";"Česká Republika";"Výroční turistická známka";"";"";""
"248";"90. výročí protržení přehrady na Bílé Desné";"Česká Republika";"Výroční turistická známka";"";"";""
"286";"10. setkání hornických měst";"Česká Republika";"Výroční turistická známka";"";"";""
"329";"4. setkání KSTS Veselice - Podvrší";"Česká Republika";"Výroční turistická známka";"";"";""
"293";"Ecce Homo - Historic 2006";"Česká Republika";"Výroční turistická známka";"";"";""
"331";"Slaný, setkání čtyř prezidentů 15.9.2006";"Česká Republika";"Výroční turistická známka";"";"";""
"318";"Moravským Slováckem 2006";"Česká Republika";"Výroční turistická známka";"";"";""
"328";"Setkání Týnců v Týnci";"Česká Republika";"Výroční turistická známka";"";"";""
"313";"Mohelnický Dostavník 32. ročník";"Česká Republika";"Výroční turistická známka";"";"";""
"327";"Hefaiston 2006 - Helfštýn";"Česká Republika";"Výroční turistická známka";"";"";""
"312";"17. Mezinárodní dudácký festival 24.-27.8.2006 Strakonice";"Česká Republika";"Výroční turistická známka";"";"";""
"321";"Pochod Giacoma Casanovy v Duchcově";"Česká Republika";"Výroční turistická známka";"";"";""
"304";"Lidová řemesla Kohoutov";"Česká Republika";"Výroční turistická známka";"";"";""
"303";"Karvinský Totem 2006";"Česká Republika";"Výroční turistická známka";"";"";""
"332";"Mistrovství Evropy Indiana Jones 2006";"Česká Republika";"Výroční turistická známka";"";"";""
"319";"Letní turistický sraz 2006 KČT 5.-13.8.2006";"Česká Republika";"Výroční turistická známka";"";"";""
"265";"120 let dobrovolných hasičů Štěchovice";"Česká Republika";"Výroční turistická známka";"";"";""
"314";"Lugnasad Prášily 29 -30.7.2006";"Česká Republika";"Výroční turistická známka";"";"";""
"315";"8. Středoevropské Jamboree Orbis 2006";"Česká Republika";"Výroční turistická známka";"";"";""
"267";"650 let obce Ostředek a 160. výročí narození Svatopluka Čecha";"Česká Republika";"Výroční turistická známka";"";"";""
"276";"Setkání Jeníčků a Mařenek u Perníkové chaloupky 6.7.2006";"Česká Republika";"Výroční turistická známka";"";"";""
"235";"Chlum u Hradce Králové 140 výročí bitvy";"Česká Republika";"Výroční turistická známka";"";"";""
"297";"XIV. Všesokolský Slet 2006";"Česká Republika";"Výroční turistická známka";"";"";""
"305";"Otevření vinařské cyklostezky, Krajem André";"Česká Republika";"Výroční turistická známka";"";"";""
"285";"Berounka - VOR 1986 - 2006";"Česká Republika";"Výroční turistická známka";"";"";""
"270";"18. ročník jízdy veteránů do vrchu: Knovíz - Olšany";"Česká Republika";"Výroční turistická známka";"";"";""
"203";"135 let Vltavanu 2006 - Vltavan v Praze 11.6.1871";"Česká Republika";"Výroční turistická známka";"";"";""
"284";"Návrat originálního pevnostního kanonu, Srub K-S5 U Potoka 9.10.1938 - 10.6.2006";"Česká Republika";"Výroční turistická známka";"";"";""
"296";"Pochod Hanče a Vrbaty 30. ročník, Kruh u Jilemnice";"Česká Republika";"Výroční turistická známka";"";"";""
"292";"Ecce Homo 2006";"Česká Republika";"Výroční turistická známka";"";"";""
"269";"Cajda Country Club Nosálov, 40. výročí, 1966-2006";"Česká Republika";"Výroční turistická známka";"";"";""
"281";"10 let od ukončení osobní dopravy na trati Protivec - Bochov 31.5.2006";"Česká Republika";"Výroční turistická známka";"";"";""
"263";"100 let Schillerovy rozhledny Kryry 27.5.2006";"Česká Republika";"Výroční turistická známka";"";"";""
"289";"Krajinná výstava bez hranic, Cheb";"Česká Republika";"Výroční turistická známka";"";"";""
"277";"41.ročník Pochodu Praha - Prčice";"Česká Republika";"Výroční turistická známka";"";"";""
"290";"Novorolská walcha III. ročník 20.5.2006";"Česká Republika";"Výroční turistická známka";"";"";""
"255";"Valdštejnské slavnosti Jičín 19.-21.5.2006";"Česká Republika";"Výroční turistická známka";"";"";""
"259";"Po zarostlém chodníčku 13.5.2006";"Česká Republika";"Výroční turistická známka";"";"";""
"262";"Severní stopou - Mezinárodní turistický pochod - 30. ročník Dolní Poustevna";"Česká Republika";"Výroční turistická známka";"";"";""
"245";"Husitské Slavnosti ve Slaném 12.-13.5.2006";"Česká Republika";"Výroční turistická známka";"";"";""
"247";"Vír - obec plná sportu 2006";"Česká Republika";"Výroční turistická známka";"";"";""
"254";"Vodácké maratony na Berounce 2006";"Česká Republika";"Výroční turistická známka";"";"";""
"273";"Krajem rybníků - dálkový pochod - 29.4.2006";"Česká Republika";"Výroční turistická známka";"";"";""
"250";"Plzeňská udice 2006";"Česká Republika";"Výroční turistická známka";"";"";""
"258";"Krajinou barona Ringhoffera, mikroregion Ladův kraj 22.4.2006";"Česká Republika";"Výroční turistická známka";"";"";""
"274";"Máchovi v patách 2006";"Česká Republika";"Výroční turistická známka";"";"";""
"242";"Ze Stochova do Křivoklátských lesů";"Česká Republika";"Výroční turistická známka";"";"";""
"257";"REGO - Vystoupení Na Řípu 21.-23.4.2006";"Česká Republika";"Výroční turistická známka";"";"";""
"260";"Lipanská stezka 2.4.2006";"Česká Republika";"Výroční turistická známka";"";"";""
"253";"Do Okoře bez Oře 1972 - 2006";"Česká Republika";"Výroční turistická známka";"";"";""
"261";"Apriliáda - 1.4.2006 - Plzeň";"Česká Republika";"Výroční turistická známka";"";"";""
"249";"Jarní přírodou, 30. ročník dálkového pochodu, 18.3.2006, Jaroměřice u Jevíčka";"Česká Republika";"Výroční turistická známka";"";"";""
"181";"750 let města Svitavy 1256 - 2006";"Česká Republika";"Výroční turistická známka";"";"";""
"221";"750 let města Přerov";"Česká Republika";"Výroční turistická známka";"";"";""
"225";"15. Orlovské putování";"Česká Republika";"Výroční turistická známka";"";"";""
"230";"100 let Boudy Máma";"Česká Republika";"Výroční turistická známka";"";"";""
"232";"Jižní Čechy pohádkové 2006";"Česká Republika";"Výroční turistická známka";"";"";""
"233";"Novoroční výstup na Říp 2006";"Česká Republika";"Výroční turistická známka";"";"";""
"236";"650 let obce Čerčany";"Česká Republika";"Výroční turistická známka";"";"";""
"237";"100 let povýšení Jablonného nad Orlicí na město";"Česká Republika";"Výroční turistická známka";"";"";""
"239";"Tolštejnské Panství 2006";"Česká Republika";"Výroční turistická známka";"";"";""
"240";"100 let úzkokolejky Jindřichův Hradec";"Česká Republika";"Výroční turistická známka";"";"";""
"241";"Technické muzeum v Brně - 45 let založení";"Česká Republika";"Výroční turistická známka";"";"";""
"243";"Gotické památky města Plzně 2006";"Česká Republika";"Výroční turistická známka";"";"";"Informační centrum města Plzeň, náměstí Republiky 41 (https://www.visitplzen.eu/)"
"244";"Valašské Království - Švestkozemě 2006";"Česká Republika";"Výroční turistická známka";"";"";""
"246";"700 let první písemné zmínky o Mšeně 1306-2006";"Česká Republika";"Výroční turistická známka";"";"";""
"251";"Tyge Ottesen Brahe, 460. výročí narození (14.12.1546 - 24.10.1601)";"Česká Republika";"Výroční turistická známka";"";"";""
"252";"100 let Hotelu Petřín";"Česká Republika";"Výroční turistická známka";"";"";""
"256";"20 let otevření památníku Josefa Lady 1986-2006";"Česká Republika";"Výroční turistická známka";"";"";""
"264";"890 let mlynářského erbu Jarošův Mlýn Veverská Bítýška";"Česká Republika";"Výroční turistická známka";"";"";""
"266";"600 let od narození Jana I. z Pernštejna";"Česká Republika";"Výroční turistická známka";"";"";""
"268";"750 let První písemné zmínky o Bohumíně 1256-2006";"Česká Republika";"Výroční turistická známka";"";"";""
"271";"MUDr. Václav Šamánek 2006";"Česká Republika";"Výroční turistická známka";"";"";""
"272";"Ostrov - 675 let od udělení privilegia města";"Česká Republika";"Výroční turistická známka";"";"";""
"275";"Nejlepší podmínky pro Jeníčky a Mařenky";"Česká Republika";"Výroční turistická známka";"";"";""
"278";"530. Výročí úmrtí Bílé paní Perchty z Rožmberka (2. května 1476)";"Česká Republika";"Výroční turistická známka";"";"";""
"279";"Dřevosochání 2006";"Česká Republika";"Výroční turistická známka";"";"";""
"280";"Zastřelení posledního medvěda v Čechách v roce 1856";"Česká Republika";"Výroční turistická známka";"";"";""
"282";"10. výročí spolku SCRIPTORIUM 1996 - 2006, Dolní Břežany";"Česká Republika";"Výroční turistická známka";"";"";""
"283";"Stráž pod Ralskem - Vartemberk 725 let";"Česká Republika";"Výroční turistická známka";"";"";""
"287";"90 let města Mikulášovice 1916 - 2006";"Česká Republika";"Výroční turistická známka";"";"";""
"291";"50. výročí zatopení obce Chudobín 1348 - 1956";"Česká Republika";"Výroční turistická známka";"";"";""
"294";"Hurvínkovy osmdesáté narozeniny, 2.5.1926-2006";"Česká Republika";"Výroční turistická známka";"";"";""
"295";"Vičanov 2006 stálá expozice turistických odznaků a známek";"Česká Republika";"Výroční turistická známka";"";"";""
"298";"425 let vaření piva v Krušovicích 1581-2006";"Česká Republika";"Výroční turistická známka";"";"";""
"299";"Kaple nejsvětější trojice v Klášterské Lhotě 1906 - 2006";"Česká Republika";"Výroční turistická známka";"";"";""
"300";"100 let dráhy Doudleby-Rokytnice 1906-2006";"Česká Republika";"Výroční turistická známka";"";"";""
"301";"460. VÝROČÍ ZALOŽENÍ OBCE BOŽÍ DAR";"Česká Republika";"Výroční turistická známka";"";"";""
"302";"750 let města Hlučín";"Česká Republika";"Výroční turistická známka";"";"";""
"306";"10. výročí zápisu Lednicko - valtického areálu na seznam UNESCO";"Česká Republika";"Výroční turistická známka";"";"";""
"307";"Bochov - 640 výročí udělení městských práv";"Česká Republika";"Výroční turistická známka";"";"";""
"308";"Rýmařov 600. výročí nejstarší dochované městské listiny";"Česká Republika";"Výroční turistická známka";"";"";""
"309";"Sion 2007";"Česká Republika";"Výroční turistická známka";"";"";""
"310";"Po stopách dobrého vojáka Švejka 2006";"Česká Republika";"Výroční turistická známka";"";"";""
"311";"Kačenčino loučení s Létem 2006";"Česká Republika";"Výroční turistická známka";"";"";""
"316";"Otevření podzemí zámku Slavkov 2006";"Česká Republika";"Výroční turistická známka";"";"";""
"317";"Pohádková Šumava 2006";"Česká Republika";"Výroční turistická známka";"";"";""
"325";"Eurorando 2006 v Českých Budějovicích";"Česká Republika";"Výroční turistická známka";"";"";""
"330";"Hliník se odstěhoval do Humpolce";"Česká Republika";"Výroční turistická známka";"";"";""
"336";"10. Olympiáda IVV. z Plzně do Otepää";"Česká Republika";"Výroční turistická známka";"";"";""
"338";"Setkání Čechů a Slováků na Javořině 2006";"Česká Republika";"Výroční turistická známka";"";"";""
"341";"700. výročí zavraždění krále Václava III.";"Česká Republika";"Výroční turistická známka";"";"";""
"229";"200 let bitvy tří císařů - Slavkov u Brna 2.-4.12.2005";"Česká Republika";"Výroční turistická známka";"";"";""
"228";"Podzimní setkání turistů plzeňského kraje Tachov - Světce 27.11.2005";"Česká Republika";"Výroční turistická známka";"";"";""
"184";"Za posledním puchýřem 34. ročník 17.-20.11.2005";"Česká Republika";"Výroční turistická známka";"";"";""
"211";"120. výročí narození - Václav Rabas";"Česká Republika";"Výroční turistická známka";"";"";""
"231";"Putování Krakonošovým Královstvím";"Česká Republika";"Výroční turistická známka";"";"";""
"226";"Podzim pod Zelenou Horou 14.-16.10.2005 Nepomuk";"Česká Republika";"Výroční turistická známka";"";"";""
"186";"Dětský filmový a televizní festival Oty Hofmana - 37. ročník Ostrov 2005";"Česká Republika";"Výroční turistická známka";"";"";""
"208";"Pochod Černošice - Karlštejn - 31. ročník 1.10.2005";"Česká Republika";"Výroční turistická známka";"";"";""
"213";"Biskupické Kaléšek 7. ročník 1. října 2005";"Česká Republika";"Výroční turistická známka";"";"";""
"206";"1100 let Budče - turistický pochod - 24.9.2005";"Česká Republika";"Výroční turistická známka";"";"";""
"227";"7 let zorbingu v Čechách 2005 - Plzeň - Zorbing Na Rybárně";"Česká Republika";"Výroční turistická známka";"";"";""
"183";"3. setkání KSTS, Pláně pod Ještědem";"Česká Republika";"Výroční turistická známka";"";"";""
"182";"Rýmařovská padesátka 30. ročník 10.9.2005";"Česká Republika";"Výroční turistická známka";"";"";""
"188";"Sokolovská padesátka";"Česká Republika";"Výroční turistická známka";"";"";""
"209";"5xP Pochod pro psy Praha-Pohoří 10. září 2005";"Česká Republika";"Výroční turistická známka";"";"";""
"220";"Evropské dny turistiky 2005";"Česká Republika";"Výroční turistická známka";"";"";""
"219";"Moravskoslezské Jamboree 8.-11.9.2005";"Česká Republika";"Výroční turistická známka";"";"";""
"223";"Výstava o Jaroslavu Foglarovi - Praha 2005";"Česká Republika";"Výroční turistická známka";"";"";""
"224";"15 let obnovy Junáka";"Česká Republika";"Výroční turistická známka";"";"";""
"215";"Velké císařské manévry Štěkeň září 1905 - 2005";"Česká Republika";"Výroční turistická známka";"";"";""
"218";"3. Veltruský corvus 27.8.2005";"Česká Republika";"Výroční turistická známka";"";"";""
"222";"Hefaiston 2005 - hrad Helfštýn";"Česká Republika";"Výroční turistická známka";"";"";""
"180";"Mohelnický dostavník 31. ročník 25.-28.8.2005";"Česká Republika";"Výroční turistická známka";"";"";""
"190";"Bohuslavice nad Úpou letní sraz turistů královehradeckého kraje 19.-21.8.2005";"Česká Republika";"Výroční turistická známka";"";"";""
"217";"""Otevření rozhledny """"U strejců"""" 14.8.2005""";"Česká Republika";"Výroční turistická známka";"";"";""
"179";"Mistrovství Evropy Indiana Jones 2005";"Česká Republika";"Výroční turistická známka";"";"";""
"216";"Skalními hrádky Labských pískovců 12.-14.8.2005";"Česká Republika";"Výroční turistická známka";"";"";""
"210";"Letní pouliční festival - na ulici - 8.-19.8.2005";"Česká Republika";"Výroční turistická známka";"";"";""
"178";"Porciunkule 6.-7.8.2005 - město Hostinné";"Česká Republika";"Výroční turistická známka";"";"";""
"176";"Lugnasad 2005 Prášily";"Česká Republika";"Výroční turistická známka";"";"";""
"177";"Vodnické slavnosti Červený Kostelec 10. ročník 30.7.2005";"Česká Republika";"Výroční turistická známka";"";"";""
"142";"Dvorek 2005 - 2. ročník";"Česká Republika";"Výroční turistická známka";"";"";""
"175";"700 let Benecka 1305 - 2005";"Česká Republika";"Výroční turistická známka";"";"";""
"174";"Rego bitva ve Vrchlabí 23.7.2005";"Česká Republika";"Výroční turistická známka";"";"";""
"145";"Zubštejn - bitva o hrad 22.-24.7.2005";"Česká Republika";"Výroční turistická známka";"";"";""
"173";"Jakub Krčín z Jelčan a Sedlčan 1535 - 1604 - 2005";"Česká Republika";"Výroční turistická známka";"";"";""
"172";"225 let Pevnosti Josefov 1780 - 2005";"Česká Republika";"Výroční turistická známka";"";"";""
"199";"Josef Jungmann Hudlice 2005";"Česká Republika";"Výroční turistická známka";"";"";""
"207";"15. mezinárodní týden turistiky na Valašsku 9.-16.7.2005";"Česká Republika";"Výroční turistická známka";"";"";""
"171";"800 let obce Netvořice 1205 - 2005";"Česká Republika";"Výroční turistická známka";"";"";""
"238";"Letní tábor 2005 1.-23.7. Roseč";"Česká Republika";"Výroční turistická známka";"";"";""
"197";"Cyklistický závod do vrchu Kozince o pohár starosty Třince 11. ročník 19.6.2005";"Česká Republika";"Výroční turistická známka";"";"";""
"170";"Bismarckova věž u Chebu 12.6.2005";"Česká Republika";"Výroční turistická známka";"";"";""
"205";"Kolovečský mlýn otevření dálkové cyklotrasy č.3 11.6.2005";"Česká Republika";"Výroční turistická známka";"";"";""
"129";"Pochod okolím Letohradu";"Česká Republika";"Výroční turistická známka";"";"";""
"169";"960. výročí úmrtí Sv. Vintíře";"Česká Republika";"Výroční turistická známka";"";"";""
"202";"115 let sboru dobrovolných hasičů v Sedlci 1890 - 2005";"Česká Republika";"Výroční turistická známka";"";"";""
"168";"Nejen Praha - Prčice, také Náměšť - Čučice 2005";"Česká Republika";"Výroční turistická známka";"";"";""
"167";"Pochod Praha - Prčice 40. ročník 21.5.2005";"Česká Republika";"Výroční turistická známka";"";"";""
"166";"IV. Sraz turistů Moravskoslezského kraje 20.-22.5.2005 při 40. roč. Krnovské 50";"Česká Republika";"Výroční turistická známka";"";"";""
"164";"Husitské slavnosti ve Slaném 14.5.2005";"Česká Republika";"Výroční turistická známka";"";"";""
"165";"Pochod Čertovou stezkou 14.5.2005 III. ročník Písek";"Česká Republika";"Výroční turistická známka";"";"";""
"163";"Stopou strejdy Šeráka Schrothův kraj dog-trekking 3. ročník 2005";"Česká Republika";"Výroční turistická známka";"";"";""
"162";"Mikešova cesta - Pohádkové Hrusice 7.5.2005";"Česká Republika";"Výroční turistická známka";"";"";""
"187";"60 let tábornického oddílu BVÚ Ostrava";"Česká Republika";"Výroční turistická známka";"";"";""
"82";"Železnice Choceň Broumov 1875 - 2005 130 let";"Česká Republika";"Výroční turistická známka";"";"";""
"136";"Historická naučná stezka Úpice 2005";"Česká Republika";"Výroční turistická známka";"";"";""
"144";"Sympozium Desná 2005 - Dřevosochání";"Česká Republika";"Výroční turistická známka";"";"";""
"157";"200 let areálu ZOO Zlín - Lešná";"Česká Republika";"Výroční turistická známka";"";"";""
"158";"Vilém z Rožmberka 1535 - 1592, 2005 470. výročí narození";"Česká Republika";"Výroční turistická známka";"";"";""
"159";"Sušický pohyblivý betlém 2005";"Česká Republika";"Výroční turistická známka";"";"";""
"160";"Červenovodské sedlo 2005";"Česká Republika";"Výroční turistická známka";"";"";""
"161";"Vičanov 2005 stálá expozice turistických odznaků a známek";"Česká Republika";"Výroční turistická známka";"";"";""
"185";"Muzeum Betlémů Karlštejn 1995 - 2005";"Česká Republika";"Výroční turistická známka";"";"";""
"189";"Muzeum Hlavního města Prahy 2005";"Česká Republika";"Výroční turistická známka";"";"";""
"192";"Tolštejnské panství 2005";"Česká Republika";"Výroční turistická známka";"";"";""
"146";"Vodácké maratony na Berounce 2005";"Česká Republika";"Výroční turistická známka";"";"";""
"156";"Kinematovlak 2005, České dráhy";"Česká Republika";"Výroční turistická známka";"";"";""
"154";"Kohoutí kříž na Šumavě 23.4.2005";"Česká Republika";"Výroční turistická známka";"";"";""
"155";"REGO vystoupení na Řípu 23.-24.4.2005";"Česká Republika";"Výroční turistická známka";"";"";""
"193";"Jarošův mlýn Veverská Bítýška 370 let mlynářské historie 1635 - 2005";"Česká Republika";"Výroční turistická známka";"";"";""
"153";"Jan Drda 2005";"Česká Republika";"Výroční turistická známka";"";"";""
"151";"Šumperk, klášterní kostel Zvěstování Panny Marie";"Česká Republika";"Výroční turistická známka";"";"";""
"152";"Máchovi v patách 2005";"Česká Republika";"Výroční turistická známka";"";"";""
"135";"IX. Turistický sraz v Králíkách 3.-6.2.2005";"Česká Republika";"Výroční turistická známka";"";"";""
"140";"37. Skautský zimní přechod Brd 29.1.2005";"Česká Republika";"Výroční turistická známka";"";"";""
"119";"Zimní turistický pochod Chrastavské šlápoty Chrastava zal. 1352";"Česká Republika";"Výroční turistická známka";"";"";""
"81";"950 let Chrudimi 1055 - 2005";"Česká Republika";"Výroční turistická známka";"";"";""
"93";"9. olympiáda IVV Česká republika 2005 Plzeň";"Česká Republika";"Výroční turistická známka";"";"";""
"95";"100 let města Blansko 1905 - 2005";"Česká Republika";"Výroční turistická známka";"";"";""
"122";"140 let pražské paroplavby Praha - Štěchovice 1865 - 2005";"Česká Republika";"Výroční turistická známka";"";"";""
"123";"Jižní Čechy pohádkové Šumava 2005";"Česká Republika";"Výroční turistická známka";"";"";""
"124";"Adalbert Stifter * 23.10.1805 Horní Planá + 28.1.1868 Linz";"Česká Republika";"Výroční turistická známka";"";"";""
"125";"700 let založení hornických obcí Radvanice Bartovice 1305 - 2005";"Česká Republika";"Výroční turistická známka";"";"";""
"127";"Novoroční výstup na Ještěd 30. ročník";"Česká Republika";"Výroční turistická známka";"";"";""
"128";"Frýdlant v Čechách 100 1907 - 2007 Resselův kopec 399 m";"Česká Republika";"Výroční turistická známka";"";"";""
"130";"100 let Kurzovy věže na Čerchově 1042 m";"Česká Republika";"Výroční turistická známka";"";"";""
"131";"825 let Horní Bříza 1180 - 2005";"Česká Republika";"Výroční turistická známka";"";"";""
"132";"Napříč bystrckým okolím, Brno - Bystrc 2005";"Česká Republika";"Výroční turistická známka";"";"";""
"133";"Hudební skladatel Josef Suk 1874 - 1935";"Česká Republika";"Výroční turistická známka";"";"";""
"137";"80 let kralupské turistiky 1925 - 2005";"Česká Republika";"Výroční turistická známka";"";"";""
"138";"Švestkorok 2005 Valaské královstvjé";"Česká Republika";"Výroční turistická známka";"";"";""
"139";"750 let založení obce Strmilov";"Česká Republika";"Výroční turistická známka";"";"";""
"141";"Mikroregion Labské skály 2005";"Česká Republika";"Výroční turistická známka";"";"";""
"143";"XI. valný sněm Junáka 2005, Třebíč 18.-20. února";"Česká Republika";"Výroční turistická známka";"";"";""
"147";"800 let Štěchovic";"Česká Republika";"Výroční turistická známka";"";"";""
"148";"285 let od vydání Müllerovy mapy Čech 1720 - 2005";"Česká Republika";"Výroční turistická známka";"";"";""
"149";"650 let od první zmínky o obci Lánov";"Česká Republika";"Výroční turistická známka";"";"";""
"150";"750 let Vižňova";"Česká Republika";"Výroční turistická známka";"";"";""
"194";"Oživení České brány 2005 Bělá pod Bezdězem";"Česká Republika";"Výroční turistická známka";"";"";""
"195";"60. výročí konce II. světové války";"Česká Republika";"Výroční turistická známka";"";"";"Muzeum Betlémů, Karlštejn 11 (http://www.muzeumbetlemu.cz/)"
"196";"Dalimilova kronika 1330-1340 návrat fragmentu do Čech 2005";"Česká Republika";"Výroční turistická známka";"";"";""
"198";"700 let obce Vendryně 1305 - 2005";"Česká Republika";"Výroční turistická známka";"";"";""
"200";"České Budějovice 1265 - 2005 740 let města";"Česká Republika";"Výroční turistická známka";"";"";""
"201";"150 let od prvního vydání Babičky 15.5.2005";"Česká Republika";"Výroční turistická známka";"";"";""
"204";"Karvinský Totem 2005";"Česká Republika";"Výroční turistická známka";"";"";""
"212";"1000 let obce Slabce a osídlení rakovnického Balkánu";"Česká Republika";"Výroční turistická známka";"";"";""
"214";"Kačenčino loučení s Létem Deštné v Orlických horách 2005";"Česká Republika";"Výroční turistická známka";"";"";""
"126";"Silvestrovský výšlap na Filipku federace šílených turistů Třinec";"Česká Republika";"Výroční turistická známka";"";"";""
"134";"Tvrz Brozany nad Ohří Silvestr 2004";"Česká Republika";"Výroční turistická známka";"";"";""
"77";"Poslední puchýř 12.-14.11.2004 Brno Medlánky";"Česká Republika";"Výroční turistická známka";"";"";""
"99";"Světový den chůze KČT Zelená hora 15.-17.10.2004";"Česká Republika";"Výroční turistická známka";"";"";""
"94";"2. setkání KSTS - Prášily 25.9.2004";"Česká Republika";"Výroční turistická známka";"";"";""
"76";"30. pochod krajem kamenů 11. září 2004";"Česká Republika";"Výroční turistická známka";"";"";""
"120";"12. MS v rádiovém orientačním běhu September 7-12 2004, Brno, Czech Republic";"Česká Republika";"Výroční turistická známka";"";"";""
"116";"Moravským Slováckem Memoriál MVDr. Jana Pavlici 4.9.2004 Dubňany 35. ročník";"Česká Republika";"Výroční turistická známka";"";"";""
"115";"4. turistický sraz Dobrošov 2004";"Česká Republika";"Výroční turistická známka";"";"";""
"117";"100 let turistiky na Čantoryji";"Česká Republika";"Výroční turistická známka";"";"";""
"118";"Hudební festival folková Ohře II. ročník";"Česká Republika";"Výroční turistická známka";"";"";""
"108";"Hefaiston 2004";"Česká Republika";"Výroční turistická známka";"";"";""
"75";"Teplice nad Metují The International Mountaineering Film Festival";"Česká Republika";"Výroční turistická známka";"";"";""
"92";"16. Mezinárodní dudácký festival Strakonice 26.-29.8.2004";"Česká Republika";"Výroční turistická známka";"";"";""
"109";"Mohelnický dostavník 30. ročník 26.-29.8.2004";"Česká Republika";"Výroční turistická známka";"";"";""
"107";"Mistrovství Evropy Indiana Jones 2004";"Česká Republika";"Výroční turistická známka";"";"";""
"113";"Kelti na Šumavě Lugnasad 31.7.2004";"Česká Republika";"Výroční turistická známka";"";"";""
"106";"Moravská Třebová Czech Republic VII. European glider aerobatic championship 2004";"Česká Republika";"Výroční turistická známka";"";"";""
"90";"Léto v srdci Šumavy Františkov 19.6.2004 králům Šumavy";"Česká Republika";"Výroční turistická známka";"";"";""
"112";"Legenda o sv. Vintířovi Prášily St. Gunther Ora Pro Nobis";"Česká Republika";"Výroční turistická známka";"";"";""
"111";"Dobový letecký den 12.6.2004 Mladá Boleslav";"Česká Republika";"Výroční turistická známka";"";"";""
"89";"Ústí nad Orlicí 2004 město v pohybu týden dobré pohody";"Česká Republika";"Výroční turistická známka";"";"";""
"88";"XI. sraz cykloturistů ČR Plzeň 29.-30.5.2004";"Česká Republika";"Výroční turistická známka";"";"";""
"87";"Intercamp 2004 Sycherák 28.5. - 31.5. 2004";"Česká Republika";"Výroční turistická známka";"";"";""
"105";"DEP Strakonická 100 a po stopách Švandy dudáka 10. ročník 28.-30.5.2004";"Česká Republika";"Výroční turistická známka";"";"";""
"110";"Putování z Kosíře na Sněžku KSTS, Alpenstock 27.5 - 5.6.2004";"Česká Republika";"Výroční turistická známka";"";"";""
"86";"Pochod husitským krajem pořádán od r. 1975 KČT Tábor";"Česká Republika";"Výroční turistická známka";"";"";""
"85";"Pochod Praha - Prčice 39. ročník 15.5.2004";"Česká Republika";"Výroční turistická známka";"";"";""
"73";"Staroveské šlápoty 25. ročník DP 8.5.2004";"Česká Republika";"Výroční turistická známka";"";"";""
"98";"REGO Vystoupení na Řípu 24. a 25.4.2004";"Česká Republika";"Výroční turistická známka";"";"";""
"70";"VIII. Český zimní sraz turistů Krušné hory Litvínov až Moldava 7.-14.2.2004";"Česká Republika";"Výroční turistická známka";"";"";""
"69";"Lyžařský přejezd Krušných hor";"Česká Republika";"Výroční turistická známka";"";"";""
"66";"85 let Skautingu v Ostravě";"Česká Republika";"Výroční turistická známka";"";"";""
"67";"Valašské království 2004";"Česká Republika";"Výroční turistická známka";"";"";""
"68";"Z Bolevce do Bolevce 30. ročník 1.1.2004";"Česká Republika";"Výroční turistická známka";"";"";""
"71";"Jižní Čechy Šumava 2004";"Česká Republika";"Výroční turistická známka";"";"";""
"72";"Jakub Krčín z Jelčan a Sedlčan 1535 - 1604";"Česká Republika";"Výroční turistická známka";"";"";""
"78";"Žatecké milénium 1004 - 2004";"Česká Republika";"Výroční turistická známka";"";"";""
"79";"50 let Kartografie Praha 1954 - 2004";"Česká Republika";"Výroční turistická známka";"";"";""
"80";"725 let města Sokolova";"Česká Republika";"Výroční turistická známka";"";"";""
"84";"Lobezský žabák a Puleček akce rodinné turistiky";"Česká Republika";"Výroční turistická známka";"";"";""
"91";"750 let města Zábřehu 1254 - 2004";"Česká Republika";"Výroční turistická známka";"";"";""
"96";"Karel Klostermann *15.2.1848 Haag +16.7.1923 Štěkeň";"Česká Republika";"Výroční turistická známka";"";"";""
"97";"Tolštejnské panství 2004";"Česká Republika";"Výroční turistická známka";"";"";""
"100";"Brankou do Kladského pomezí";"Česká Republika";"Výroční turistická známka";"";"";""
"101";"TOM Karvinská trojka 28. dubna 1964";"Česká Republika";"Výroční turistická známka";"";"";""
"102";"Oslavany 1104 - 2004, 900 let od první písemné zmínky";"Česká Republika";"Výroční turistická známka";"";"";""
"103";"740 let od podepsání zakládací listiny hradu Bezdězu 1264 - 2004";"Česká Republika";"Výroční turistická známka";"";"";""
"104";"Kroměříž - Hanácké Athény městská trasa IVV";"Česká Republika";"Výroční turistická známka";"";"";""
"121";"Pojizerský sport";"Česká Republika";"Výroční turistická známka";"";"";""
"52";"Poslední puchýř 2003 Dolní Povltaví Kladensko 32. ročník";"Česká Republika";"Výroční turistická známka";"";"";""
"65";"Světový den chůze Nepomuk 19.10.2003";"Česká Republika";"Výroční turistická známka";"";"";""
"61";"1. setkání KSTS Sovinec 20.9.2003";"Česká Republika";"Výroční turistická známka";"";"";""
"45";"Lanškrounská kopa 2003 35. ročník";"Česká Republika";"Výroční turistická známka";"";"";""
"60";"III. sokolský turistický sraz Boskovice 12.-14.9.2003";"Česká Republika";"Výroční turistická známka";"";"";""
"51";"29. mohelnický dostavník 2003";"Česká Republika";"Výroční turistická známka";"";"";""
"59";"Hefaiston 2003";"Česká Republika";"Výroční turistická známka";"";"";""
"63";"Mistrovství Evropy Indiana Jones 2003";"Česká Republika";"Výroční turistická známka";"";"";""
"62";"Krásná země na kole kolem České republiky 2003";"Česká Republika";"Výroční turistická známka";"";"";""
"58";"30 let Ještědu 1973 - 2003";"Česká Republika";"Výroční turistická známka";"";"";""
"42";"100 let elektrické dráhy Tábor - Bechyně 1903-2003";"Česká Republika";"Výroční turistická známka";"";"";""
"44";"Léto v srdci Šumavy 21.6.2003 Pramen Vltavy 30.6.1923";"Česká Republika";"Výroční turistická známka";"";"";""
"43";"Bílovecká padesátka 30. ročník DP 7.6.2003";"Česká Republika";"Výroční turistická známka";"";"";""
"57";"Jirkovský Crossmaraton";"Česká Republika";"Výroční turistická známka";"";"";""
"56";"Nejen Praha-Prčice, také Náměšť-Čučice Náměšť n. Oslavou";"Česká Republika";"Výroční turistická známka";"";"";""
"55";"Pochod Praha Prčice XXXVIII. ročník 17. května 2003";"Česká Republika";"Výroční turistická známka";"";"";""
"50";"Železná - Tillyschanz 27.4.2003 mezinárodní otevření Svatojakubské cesty";"Česká Republika";"Výroční turistická známka";"";"";""
"41";"REGO vystoupení na Řípu 26.-27.4.2003";"Česká Republika";"Výroční turistická známka";"";"";""
"40";"KČT Český tulák 1994 - 2003";"Česká Republika";"Výroční turistická známka";"";"";""
"83";"Moravskoslezské vrcholy 2003 - 2005";"Česká Republika";"Výroční turistická známka";"";"";""
"46";"Klub českých turistů 115 let KČT 1888 - 2003";"Česká Republika";"Výroční turistická známka";"";"";""
"47";"Jizerské hory 2003 Mobilita vozíčkářům";"Česká Republika";"Výroční turistická známka";"";"";""
"48";"Jižní Čechy Šumava 2003";"Česká Republika";"Výroční turistická známka";"";"";""
"49";"""Valašské království L.P. 2003 """"rok expanze""""""";"Česká Republika";"Výroční turistická známka";"";"";""
"53";"17.5.1963 - Vyhlášení KRNAP";"Česká Republika";"Výroční turistická známka";"";"";""
"64";"Slovanská epopej A. Muchy 1963 - 2003 40 let Moravský Krumlov";"Česká Republika";"Výroční turistická známka";"";"";""
"35";"Loučení s turistickým rokem Teplice 22.-24.11.2002";"Česká Republika";"Výroční turistická známka";"";"";""
"29";"Za posledním puchýřem Polička 2002";"Česká Republika";"Výroční turistická známka";"";"";""
"34";"Světový den chůze Nepomuk 20.10.2002";"Česká Republika";"Výroční turistická známka";"";"";""
"39";"Přechod Haltravy 21.-22.9.2002 20. ročník memoriálu J. Danzera";"Česká Republika";"Výroční turistická známka";"";"";""
"33";"II. Sokolský turistický sraz České Budějovice 13.-15.9.2002";"Česká Republika";"Výroční turistická známka";"";"";""
"37";"28. mohelnický dostavník";"Česká Republika";"Výroční turistická známka";"";"";""
"36";"Indiana Jones Rýmařov 2002";"Česká Republika";"Výroční turistická známka";"";"";""
"38";"Stráž pod Ralskem 2002 IX. Celostátní sraz cykloturistů";"Česká Republika";"Výroční turistická známka";"";"";""
"27";"Bystřecké kilometry 2002";"Česká Republika";"Výroční turistická známka";"";"";""
"26";"Léto v srdci Šumavy 22.6.2002";"Česká Republika";"Výroční turistická známka";"";"";""
"32";"Měřínská 50. 31. ročník 600 let povýšení Měřína LP 2002";"Česká Republika";"Výroční turistická známka";"";"";""
"31";"Světový den chůze 2002 KČT CZ World Walking Day";"Česká Republika";"Výroční turistická známka";"";"";""
"30";"Pochod Praha Prčice XXXVII. ročník 18. května 2002";"Česká Republika";"Výroční turistická známka";"";"";""
"25";"Plánská 50. XXX. ročník 2002";"Česká Republika";"Výroční turistická známka";"";"";""
"24";"Do Okoře bez oře 30. ročník 6.4.2002";"Česká Republika";"Výroční turistická známka";"";"";""
"23";"110 let KČT v Plzni 1892 - 2002";"Česká Republika";"Výroční turistická známka";"";"";""
"28";"Jižní Čechy 2002";"Česká Republika";"Výroční turistická známka";"";"";""
"22";"Za posledním puchýřem 2001 Podzvičínskem KČT Hořice a Lázně Bělohrad";"Česká Republika";"Výroční turistická známka";"";"";""
"21";"Světový den chůze Nepomuk 21.10.2001";"Česká Republika";"Výroční turistická známka";"";"";""
"20";"REGO vystoupení na Sněžce 1.9.2001";"Česká Republika";"Výroční turistická známka";"";"";""
"19";"Mohelnický dostavník 2001 XXVII. Ročník";"Česká Republika";"Výroční turistická známka";"";"";""
"18";"Hefaiston 2001 Helfštýn";"Česká Republika";"Výroční turistická známka";"";"";""
"17";"Indiana Jones 2001";"Česká Republika";"Výroční turistická známka";"";"";""
"16";"Pochod a cyklomaraton Bošovice 26.5.2001";"Česká Republika";"Výroční turistická známka";"";"";""
"15";"Pochod Praha Prčice XXXVI. ročník 19. května 2001";"Česká Republika";"Výroční turistická známka";"";"";""
"13";"Krkavec 1901 - 2001";"Česká Republika";"Výroční turistická známka";"";"";""
"12";"Pardubický maraton KČT Pernštejn Pardubice 2.-4.3.2001";"Česká Republika";"Výroční turistická známka";"";"";""
"11";"Z Bolevce do Bolevce KČT Plzeň 1. ledna 2001";"Česká Republika";"Výroční turistická známka";"";"";""
"14";"Eurorando Strassbourg 2001";"Česká Republika";"Výroční turistická známka";"";"";""
"10";"Milenium 2001 hrad Hazmburk";"Česká Republika";"Výroční turistická známka";"";"";""
"8";"Poslední puchýř 2000";"Česká Republika";"Výroční turistická známka";"";"";""
"9";"26. mohelnický dostavník 2000";"Česká Republika";"Výroční turistická známka";"";"";""
"6";"Hefaiston 2000";"Česká Republika";"Výroční turistická známka";"";"";""
"5";"Indiana Jones 2000";"Česká Republika";"Výroční turistická známka";"";"";""
"4";"Náměšťská placka 2000";"Česká Republika";"Výroční turistická známka";"";"";""
"7";"Pochod Praha Prčice XXXV. ročník 20. května 2000";"Česká Republika";"Výroční turistická známka";"";"";""
"3";"Poslední puchýř 1999 Beskydy";"Česká Republika";"Výroční turistická známka";"";"";""
"1";"25. Mohelnický dostavník, 26. – 29. srpna 1999";"Česká Republika";"Výroční turistická známka";"";"";""
"2";"Indiana Jones 1999 - 2. ročník";"Česká Republika";"Výroční turistická známka";"";"";""
