"Číslo";"Název";"Země";"Typ";"Kategorie";"Okres";"Kraj";"Prodejní místa (název a web)"
"1";"Praděd";"Česká Republika";"Turistická známka";"Rozhledny a vyhlídky, CHKO a rezervace, Pohoří, Jeseníky";"Bruntál";"Moravskoslezský kraj";"Restaurace Vysílač Praděd (https://www.hotelpradedvysilac.cz/)"
"2";"Ovčárna";"Česká Republika";"Turistická známka";"Pohoří, CHKO a rezervace, Horské chaty a boudy, Ski areály, Jeseníky";"Bruntál";"Moravskoslezský kraj";"Chata Ovčárna - Vojenská Zotavovna (http://www.ovcarna.cz)
Chata Sabinka (http://www.chatasabinka.cz/)
Hotel Figura (https://www.figura.cz/)"
"3";"Karlova Studánka";"Česká Republika";"Turistická známka";"Pohoří, Lázně, Jeseníky";"Bruntál";"Moravskoslezský kraj";"Lázeňský obchůdek na Poště, Karlova Studánka 6 (http://www.horskelazne.cz/)
Minimarket, Karlova Studánka (https://www.horskelazne.cz/)
Občerstvení U vodopádu, Karlova Studánka (kstudanka.cz)
Informační středisko CHKO Jeseníky-Karlova Studánka (https://www.dumprirody.cz/informacni-stredisko-chko-jeseniky/)
Hotel Džbán (https://www.hoteldzban.cz)
Caffe Sala Hubertus, Karlova Studánka 95, Karlova Studánka (https://salahubertus.cz/)"
"4";"Šerák 1351m";"Česká Republika";"Turistická známka";"Pohoří, Horské chaty a boudy, CHKO a rezervace, Přírodní útvary a místa, Jeseníky";"Jeseník";"Olomoucký kraj";"Chata Jiřího na Šeráku, Ramzová (www.jeseniky.net/chata-serak)
Lanová dráha Bonera, Ramzová (http://www.bonera.cz/)"
"5";"Červenohorské sedlo";"Česká Republika";"Turistická známka";"CHKO a rezervace, Pohoří, Ski areály, Horské chaty a boudy, Jeseníky";"Šumperk";"Olomoucký kraj";"Horský hotel Červenohorské Sedlo (http://www.hotelchs.cz)
Apartmány Juhax (http://www.penzion-hotel.cz/cz/detail-ubytovani/horsky-hotel/apartmany-juhax-bela-pod-pradedem/639.html)
Chata Červenohorské Sedlo (www.chatacervenohorskesedlo.cz)"
"6";"Malá Morávka - Karlov";"Česká Republika";"Turistická známka";"Pohoří, Ski areály, CHKO a rezervace, Jeseníky";"Bruntál";"Moravskoslezský kraj";"Chata Myšák, Malá Morávka (mysak.jeseniky.com)
Bikepark Express Karlov (https://www.skikarlov.cz/karlov-v-lete/express-bikepark/)
Restaurace u Bohouše, Karlov (https://www.skikarlov.cz/ubytovani/34-penzion-u-bohouse/)
Horský hotel Neptun, Malá Morávka (hotel-neptun.cz)
Restaurace Na Rychtě
Čerpací stanice DZ OIL, Dolní Moravice
Horský hotel Brans s.r.o.
Hotel Kamzík, Malá Morávka - Karlov pod Pradědem (http://www.hotelkamzik.cz/)
Restaurace u Kovárny, Malá Morávka"
"7";"Rejvíz - Jeseníky";"Česká Republika";"Turistická známka";"Pohoří, CHKO a rezervace, Přírodní útvary a místa, Stezky a trasy, Jeseníky";"Jeseník";"Olomoucký kraj";"Suvenýry-Mechové jezírko (ejeseniky.com)
Penzion Rejvíz (rejviz.com)
Kiosek na parkovišti (rejviz.info)
IC Katovna, Palackého 12, Jeseník - pouze v zimní sezóně (http://www.jesenik.org/ic)"
"8";"Švýcárna";"Česká Republika";"Turistická známka";"Pohoří, Horské chaty a boudy, CHKO a rezervace, Jeseníky";"Šumperk";"Olomoucký kraj";"Horská chata Švýcarna (https://www.figura.cz/ubytovani/turisticka-chata-svycarna/)"
"9";"Ramzová";"Česká Republika";"Turistická známka";"Pohoří, Ski areály, CHKO a rezervace, Jeseníky";"Jeseník";"Olomoucký kraj";"Lanová dráha Bonera, Ramzová (http://www.bonera.cz/)
Chata Ramzovské Sedlo, Ramzová (http://www.ramzova.cz/)
Hotel Neubauer, Ramzová (http://www.ramzova.net)
Penzion Haltmar, Ramzová
Hotel Andromeda, Ramzová 36 (http://www.hotel-andromeda.cz/)"
"10";"Alfrédka";"Česká Republika";"Turistická známka";"Pohoří, CHKO a rezervace, Horské chaty a boudy, Jeseníky";"Bruntál";"Moravskoslezský kraj";"Bufet Eurocykl Herdegen, Alfrédka (http://alfredka.cz/)"
"11";"Luční bouda";"Česká Republika";"Turistická známka";"Pohoří, Horské chaty a boudy, Krkonoše";"Trutnov";"Královéhradecký kraj";"Hotel Luční Bouda (recepce hotelu) (lucnibouda.cz)
Infocentrum Veselý Výlet, Hlavní ulice 196, Pec pod Sněžkou (http://www.veselyvylet.cz/cz/vv5.html)"
"12";"Chata Výrovka";"Česká Republika";"Turistická známka";"Pohoří, Horské chaty a boudy, Krkonoše";"Trutnov";"Královéhradecký kraj";"Chata Výrovka (vyrovka-krkonose.cz)"
"13";"Chalupa na Rozcestí";"Česká Republika";"Turistická známka";"Pohoří, Horské chaty a boudy, Krkonoše";"Trutnov";"Královéhradecký kraj";"Chalupa na Rozcestí (chalupanarozcesti.cz)"
"14";"Chata Rozhled - Krkonoše";"Česká Republika";"Turistická známka";"Pohoří, Horské chaty a boudy, Krkonoše";"Trutnov";"Královéhradecký kraj";"Chata Rozhled (chatarozhled.cz)"
"15";"Špindlerův Mlýn";"Česká Republika";"Turistická známka";"Pohoří, Ski areály, Krkonoše";"Trutnov";"Královéhradecký kraj";"TIC, Svatopetrská 173, Špindlerův Mlýn (https://www.mestospindleruvmlyn.cz/)
Infocentrum SPINDL.INFO, Špindlerův Mlýn 10 (https://www.spindleruv-mlyn.com/cz/)
Suvenýry Vejnarová, Bedřichov 22
Infocentrum KRNAP, Špindlerův Mlýn 269 (https://www.krnap.cz/ic-spidleruv-mlyn/)
Infocentrum Michlův Mlýn, Přední Labská 47, Špindlerův Mlýn (spindleruv-mlyn.cz)
Suvenýry - autobusové nádraží Špindlerův Mlýn
Špindl Motion Rental Medvědín, Bedřichov 88 (https://www.skiareal.cz)
Parkoviště Medvědín, Špindlerův Mlýn (chatyumedvedina.cz)
Hotel Grand Felicity - recepce (felicity.cz)
Restaurace Myslivna, Špindlerův Mlýn 264"
"16";"Pec pod Sněžkou";"Česká Republika";"Turistická známka";"Pohoří, Ski areály, Krkonoše";"Trutnov";"Královéhradecký kraj";"Infocentrum KRNAP, Pec pod Sněžkou 172 (http://www.krnap.cz/)
Infocentrum Veselý Výlet, Hlavní ulice 196, Pec pod Sněžkou (http://www.veselyvylet.cz/cz/vv5.html)
Hotel Horizont, Pec pod Sněžkou (hotelhorizont.cz)
Informační centrum Turista, Pec pod Sněžkou (http://turistapec.cz/)
Trafika KAČA Pec pod Sněžkou"
"17";"Janské Lázně";"Česká Republika";"Turistická známka";"Pohoří, Lázně, Ski areály, Krkonoše";"Trutnov";"Královéhradecký kraj";"Kavárna Kolonáda, Janské Lázně (https://www.janskelazne.com/)
Sport Zdeněk Formánek
Skiresort Infocentrum (http://www.janskelazne.cz/)
Obchod Pod Kaštanem, Janské Lázně
K+K Ski School, ul. Černohorská, Jánské Lázně (http://www.ski-school.cz/kontakt/)
Trafika na Poště
Krakonošův obchůdek
Dárkový obchod Ostrov dobré nálady, Jánské lázně"
"18";"Černá hora, Krkonoše";"Česká Republika";"Turistická známka";"Pohoří, Stezky a trasy, Ski areály, Krkonoše";"Trutnov";"Královéhradecký kraj";"Skiresort Infocentrum (http://www.janskelazne.cz/)
Obchod Pod Kaštanem, Janské Lázně
Rozhledna Černá hora - vstup (https://www.region-krkonose.cz/rozhledny-vyhlidky/rozhledna-cerna-hora/)
K+K Ski School, ul. Černohorská, Jánské Lázně (http://www.ski-school.cz/kontakt/)
SkiResort live, Černohorská 265 + horní stanice lanovky (https://leto.skiresort.cz/)
Hotel Černá bouda, Černá hora (https://modrokamennabouda.hotel.cz/?gclid=EAIaIQobChMIoa-kkMmm4AIVh-J3Ch0_CwjHEAAYAyAAEgJJ3fD_BwE)"
"19";"Osada Rezek - Krkonoše";"Česká Republika";"Turistická známka";"Pohoří, Horské chaty a boudy, Krkonoše";"Semily";"Liberecký kraj";"Penzion Rezek (penzionrezek.cz)
Městské informační centrum, Rokytnice nad Jizerou (http://www.mesto-rokytnice.cz/)"
"20";"Sněžka";"Česká Republika";"Turistická známka";"Pohoří, Horské chaty a boudy, Geografické body, Přírodní útvary a místa, Krkonoše";"Trutnov";"Královéhradecký kraj";"Česká poštovna Anežka - Sněžka (http://www.postovnasnezka.cz/)
Bistro Sněžka - horní stanice lanovky
Horní stanice lanovky, Sněžka (https://www.snezkalanovka.cz/)"
"21";"Rokytnice nad Jizerou";"Česká Republika";"Turistická známka";"Pohoří, Ski areály, Historická města, Krkonoše";"Semily";"Liberecký kraj";"Městské informační centrum, Rokytnice nad Jizerou (http://www.mesto-rokytnice.cz/)
Infocentrum Lenka, Rokytnice nad Jizerou (http://www.infolenka.cz/cs/)
Lanová dráha Horní Domky,Rokytnice nad Jizerou (http://www.skiareal-rokytnice.cz)
Penzion ALF, Rokytnice nad Jizerou
RV Club, Rokytnice nad Jizerou, Dolní náměstí (rvclub.cz)"
"22";"Dvoračky - Štumpovka - Krkonoše";"Česká Republika";"Turistická známka";"Pohoří, Horské chaty a boudy, Krkonoše";"Semily";"Liberecký kraj";"Horská chata Štumpovka (www.dvoracky.cz)
Suvenýry Eva (před hotelem Bílý Hořec), Harrachov
Městské informační centrum, Rokytnice nad Jizerou (http://www.mesto-rokytnice.cz/)
Penzion Rotunda, Harrachov 609 (rotunda-harrachov.cz)"
"23";"Harrachov";"Česká Republika";"Turistická známka";"Pohoří, Ski areály, Historická města, Krkonoše";"Semily";"Liberecký kraj";"Infocentrum Správy KRNAP, Harrachov 442 (https://www.krnap.cz/ic-harrachov/)
Turistické informační centrum, Harrachov 150 (http://info.harrachov.cz/aktivity/harrachov/turisticke-infomacni-centrum/)
Infoservis Fremr, Harrachov 478 (http://www.harrachov.cz/fremr/)
Suvenýry Eva (před hotelem Bílý Hořec), Harrachov
Suvenýry - autobusové nádraží Harrachov
Penzion Rotunda, Harrachov 609 (rotunda-harrachov.cz)
Krkonošské suvenýry, Harrachov č.p. 134
Suvenýry- lyžařská půjčovna 633, Harrachov
Chata u Lišáka, Harrachov 625, 512 46"
"24";"Vosecká bouda";"Česká Republika";"Turistická známka";"Pohoří, Horské chaty a boudy, Krkonoše";"Semily";"Liberecký kraj";"Horská chata Vosecká Bouda (http://www.voseckabouda.cz/)"
"25";"Rokytnice v Orlických horách";"Česká Republika";"Turistická známka";"Pohoří, Historická města, Orlické hory";"Rychnov nad Kněžnou";"Královéhradecký kraj";"Informační středisko, Rokytnice v Orlických horách (http://www.rokytnice.cz/)
Penzion Rampušák, náměstí T. G. Masaryka 5, Rokytnice (https://www.rampusak.cz/)
Trafika Kunc - u Pošty, Rokytnice
Prodejna Suvenýr, Deštné v Orlických horách 374
Kouzelný dětský obchůdek, nám.T.G.Masaryka 68, Rokytnice v O.h.
Pekárna a cukrárna U Čičimourka (https://www.facebook.com/people/Pek%C3%A1rna-a-cukr%C3%A1rna-U-%C4%8Ci%C4%8Dimourka/100057375432974/)"
"26";"Říčky - Orlické hory";"Česká Republika";"Turistická známka";"Pohoří, Ski areály, Orlické hory";"Rychnov nad Kněžnou";"Královéhradecký kraj";"Informační středisko, Rokytnice v Orlických horách (http://www.rokytnice.cz/)
Prodejna Suvenýr, Deštné v Orlických horách 374
Obchůdek U Kostela, Říčky 2
Hotel Říčky, Říčky v O.h. (http://www.hotelricky.cz/)
Penzion Rampušák, náměstí T. G. Masaryka 5, Rokytnice (https://www.rampusak.cz/)
Kouzelný dětský obchůdek, nám.T.G.Masaryka 68, Rokytnice v O.h.
Ski centrum Říčky
SKI-restaurant, Říčky v Orlických horách"
"27";"Zdobnice";"Česká Republika";"Turistická známka";"Pohoří, Orlické hory";"Rychnov nad Kněžnou";"Královéhradecký kraj";"Hotel Zdobnice, Zdobnice 9 (hotel-zdobnice.cz)"
"28";"Šerlich";"Česká Republika";"Turistická známka";"Pohoří, Horské chaty a boudy, Stezky a trasy, Orlické hory";"Rychnov nad Kněžnou";"Královéhradecký kraj";"Masarykova chata na Šerlichu (http://www.masarykovachata.unas.cz/uvod.htm)
Infocentrum, Deštné v Orlických horách 164 (http://www.destne.info/)"
"29";"Pěticestí";"Česká Republika";"Turistická známka";"Pohoří, Stezky a trasy, Orlické hory";"Rychnov nad Kněžnou";"Královéhradecký kraj";"Informační středisko, Rokytnice v Orlických horách (http://www.rokytnice.cz/)
Občerstvení Horské služby, Pěticestí (www.hscr.cz)
Penzion Rampušák, náměstí T. G. Masaryka 5, Rokytnice (https://www.rampusak.cz/)
Prodejna Suvenýr, Deštné v Orlických horách 374
Infocentrum, Deštné v Orlických horách 164 (http://www.destne.info/)
Turistické informační centrum, Orlické Záhoří (http://www.orlickezahori.eu/index.php/informacni-centrum)
Kouzelný dětský obchůdek, nám.T.G.Masaryka 68, Rokytnice v O.h."
"30";"Velká Deštná";"Česká Republika";"Turistická známka";"Pohoří, Rozhledny a vyhlídky, Orlické hory";"Rychnov nad Kněžnou";"Královéhradecký kraj";"Občerstvení Horské služby, Velká Deštná (http://www.horskasluzba.cz/cz/oblasti/orlicke-hory/aktuality)
Infocentrum, Deštné v Orlických horách 164 (http://www.destne.info/)"
"31";"Deštné v Orlických horách";"Česká Republika";"Turistická známka";"Pohoří, Ski areály, CHKO a rezervace, Stezky a trasy, Orlické hory";"Rychnov nad Kněžnou";"Královéhradecký kraj";"Prodejna Suvenýr, Deštné v Orlických horách 374
Infocentrum, Deštné v Orlických horách 164 (http://www.destne.info/)
Horská chata Radost, Deštné v Orlických horách (http://www.chataradost.cz/)
Hotel Orlice, Deštné v Orlických horách (http://hotelorlice.cz/)
Občerstvení u Hájovny, Luisino údolí"
"32";"Rozhledna Štěpánka";"Česká Republika";"Turistická známka";"Rozhledny a vyhlídky, Pohoří, Jizerské hory";"Jablonec nad Nisou";"Liberecký kraj";"Občerstvení pod rozhlednou Štěpánka (http://www.turnovska-chata.cz)
Informační centrum Kořenov (http://www.jizerkyprovas.cz/cs-tesarovska_kaple)
Chata pod Štěpánkou (https://www.ceskehory.cz/ubytovani/chata-pod-stepankou-prichovice.html)"
"33";"Špičák";"Česká Republika";"Turistická známka";"Rozhledny a vyhlídky, Pohoří, Horské chaty a boudy, Ski areály, Jizerské hory";"Jablonec nad Nisou";"Liberecký kraj";"Rozhledna a restaurace Tanvaldský Špičák (http://www.tanvaldskyspicak.cz/)
Ski Chata Špičák (www.skichataspicaktanvald.cz)
Trafika, Josefův Důl č. 297 (u kostela) (www.trafikajosefuvdul.websnadno.cz)
Obecní úřad Albrechtice v Jizerských Horách č.p.226 (https://www.albrechtice-jh.cz/)
Infocentrum, Krkonošská 629, Tanvald (http://www.tanvald.cz/)
POMI ski centrum Albrechtice v Jizerských horách (http://www.pomi.cz/pujcovna_albrechtice_kontakt.html)
Infocentrum, Josefův Důl 210 (http://josefuvdul.eu/)
Infocentrum, nám. T. G. Masaryka 638, Smržovka (http://www.smrzovka.cz/mestska-knihovna-a-infocentrum-smrzovka/os-1058/p1=1006)"
"34";"Rozhledna Bramberk - Jizerské hory";"Česká Republika";"Turistická známka";"Rozhledny a vyhlídky, Pohoří, Horské chaty a boudy, Jizerské hory";"Jablonec nad Nisou";"Liberecký kraj";"Rozhledna Bramberk (https://www.lucany.cz/)
Chata Bramberk, Horní Maxov (https://chatabramberk.cz/)
Městská knihovna a Infocentrum Lučany (lucany.cz)
Penzion U Hrocha, Horní Maxov (www.penzionuhrocha.cz)
Infocentrum, nám. T. G. Masaryka 638, Smržovka (http://www.smrzovka.cz/mestska-knihovna-a-infocentrum-smrzovka/os-1058/p1=1006)
Trafika, Josefův Důl č. 297 (u kostela) (www.trafikajosefuvdul.websnadno.cz)"
"35";"Chata Severák";"Česká Republika";"Turistická známka";"Pohoří, Horské chaty a boudy, Jizerské hory";"Jablonec nad Nisou";"Liberecký kraj";"Chata Severák, Janov nad Nisou (http://chataseverak.cz/)"
"36";"Královka";"Česká Republika";"Turistická známka";"Pohoří, Rozhledny a vyhlídky, Horské chaty a boudy, Jizerské hory";"Jablonec nad Nisou";"Liberecký kraj";"Hotel Královka (https://www.hotelkralovka.cz/)"
"37";"Bedřichov";"Česká Republika";"Turistická známka";"Pohoří, Ski areály, Jizerské hory";"Jablonec nad Nisou";"Liberecký kraj";"Infocentrum, Bedřichov (http://www.bedrichov.cz/)
Hotel Královka (https://www.hotelkralovka.cz/)"
"38";"Šámalova chata";"Česká Republika";"Turistická známka";"Pohoří, Horské chaty a boudy, Jizerské hory";"Jablonec nad Nisou";"Liberecký kraj";"Šámalova Chata, Nová Louka (samalova-chata.cz)"
"39";"Pláně pod Ještědem - Ještědský hřbet";"Česká Republika";"Turistická známka";"Pohoří, Horské chaty a boudy, Ski areály, Ještědský hřbet";"Liberec";"Liberecký kraj";"Turistická chata Pláně (https://chataplane.cz/)
Info a Shop Skiareál Ještěd (www.skijested.cz)"
"40";"Ještěd 1012m";"Česká Republika";"Turistická známka";"Pohoří, Technické památky, Rozhledny a vyhlídky, Stezky a trasy, Ski areály, Horské chaty a boudy, Ještědský hřbet";"Liberec";"Liberecký kraj";"Horský hotel Ještěd (jested.cz)
Kiosek u Lanovky (parkoviště), Liberec
Info a Shop Skiareál Ještěd (www.skijested.cz)
Kiosek - parkoviště Výpřež, Kryštofovo údolí"
"41";"Prezidentská chata";"Česká Republika";"Turistická známka";"Pohoří, Horské chaty a boudy, Jizerské hory";"Jablonec nad Nisou";"Liberecký kraj";"Prezidentská chata, Bedřichov (http://www.prezidentska.cz/)"
"42";"Horská chata Smědava - Jizerské hory";"Česká Republika";"Turistická známka";"Pohoří, Horské chaty a boudy, Stezky a trasy, Jizerské hory";"Liberec";"Liberecký kraj";"Horská chata Smědava, Bílý Potok (http://chatasmedava.cz/)
Hotel Montanie, Desna v Jizerských horách (www.montanie.cz)
Trafika, Josefův Důl č. 297 (u kostela) (www.trafikajosefuvdul.websnadno.cz)
Cukrárna u kostela, Klášterní, Hejnice (https://www.facebook.com/cukrarnaukostela/)
Turistické informační centrum Hejnice
Ski Chata Špičák (www.skichataspicaktanvald.cz)"
"43";"Panský dům, Jizerka";"Česká Republika";"Turistická známka";"Pohoří, Horské chaty a boudy, Památná místa a obce, Jizerské hory";"Jablonec nad Nisou";"Liberecký kraj";"Hotel Panský dům, Jizerka (https://www.jizerka.cz/)
Chata Pyramida, Jizerka (http://www.dudovi.cz/)"
"44";"Jizerka";"Česká Republika";"Turistická známka";"Pohoří, Horské chaty a boudy, Památná místa a obce, Jizerské hory";"Jablonec nad Nisou";"Liberecký kraj";"Chata Pešákovna, Jizerka (www.pesakovna.cz)
Hotel Panský dům, Jizerka (https://www.jizerka.cz/)
Chata Pyramida, Jizerka (http://www.dudovi.cz/)
Hotel Jizerka 4 (http://www.hotel-jizerka.cz/)"
"45";"Soláň";"Česká Republika";"Turistická známka";"Pohoří, Horské chaty a boudy, Ski areály, Památná místa a obce, Beskydy";"Vsetín";"Zlínský kraj";"Infocentrum Zvonice Soláň (http://www.zvonice.eu)
Bumbálka - Sýry Bumbálka"
"46";"Martiňák";"Česká Republika";"Turistická známka";"Pohoří, Horské chaty a boudy, Stezky a trasy, Beskydy";"Vsetín";"Zlínský kraj";"Horský hotel Martiňák, Horní Bečva (http://www.martinak.cz/)
Informační centrum Horní Bečva (hornibecva.cz)
Hračky - Trafika, Horní Bečva 501
Hotel Ondrášův dvůr (www.hotelondrasuvdvur.cz)"
"47";"Třeštík, horský hotel Sůkenická";"Česká Republika";"Turistická známka";"Pohoří, Horské chaty a boudy, Ski areály, Stezky a trasy, Beskydy";"Frýdek-Místek";"Moravskoslezský kraj";"Hotel Sůkenická, Bílá, Staré Hamry (https://hotelsukenicka.cz/)"
"48";"Chata Prašivá";"Česká Republika";"Turistická známka";"Pohoří, Horské chaty a boudy, Rozhledny a vyhlídky, Památná místa a obce, Beskydy";"Frýdek-Místek";"Moravskoslezský kraj";"Horská chata Prašivá (http://www.chataprasiva.cz/novinky/)"
"49";"Javorový";"Česká Republika";"Turistická známka";"Pohoří, Horské chaty a boudy, Ski areály, Beskydy";"Frýdek-Místek";"Moravskoslezský kraj";"Chata Javorový (http://www.javorovy-vrch.eu/)"
"50";"Lysá hora";"Česká Republika";"Turistická známka";"Pohoří, Horské chaty a boudy, CHKO a rezervace, Beskydy";"Frýdek-Místek";"Moravskoslezský kraj";"Bezručova chata na Lysé hoře (https://www.bezrucova-chata.cz/?lang=cs)
Horská chata Emil Zátopek - MARATON (LYSA-HORA.CZ)"
"51";"Pustevny";"Česká Republika";"Turistická známka";"Pohoří, Stezky a trasy, Památná místa a obce, Horské chaty a boudy, Beskydy";"Vsetín";"Zlínský kraj";"Zelená Bouda, Pustevny
Stánek Cyrilka, Pustevny
Občerstvení u Radegasta, Radegast
Chata Libušín, Pustevny (https://novylibusin.cz/)
Informační centrum Prostřední Bečva č.p. 272
Lanovka Pustevny (pustevny.cz)
Hračky - Trafika, Horní Bečva 501
Horní stanice lanovky, Pustevny
Stánek Drago - Pustevny"
"52";"Radegast";"Česká Republika";"Turistická známka";"Pohoří, Památná místa a obce, Stezky a trasy, Beskydy";"Nový Jičín";"Moravskoslezský kraj";"Zelená Bouda, Pustevny
Stánek Cyrilka, Pustevny
Občerstvení u Radegasta, Radegast
Občerstvení u vody, Trojanovice (naproti hotelu Ráztoka)
Chata Libušín, Pustevny (https://novylibusin.cz/)
Infocentrum, Trojanovice 1 (https://www.trojanovice.cz/)
Informační centrum Horní Bečva (hornibecva.cz)
Informační centrum Prostřední Bečva č.p. 272
Lanovka Pustevny (pustevny.cz)
Hračky - Trafika, Horní Bečva 501
Stánek Drago - Pustevny"
"53";"Radhošť - Beskydy";"Česká Republika";"Turistická známka";"Pohoří, Památná místa a obce, Horské chaty a boudy, Beskydy";"Nový Jičín";"Moravskoslezský kraj";"Kaple sv. Cyrila a Metoděje, Radhošť
Horský hotel Radegast, Horní Bečva (http://www.hotelradegast.cz/)
Zelená Bouda, Pustevny
Stánek Cyrilka, Pustevny
Lanovka Pustevny (pustevny.cz)
Občerstvení u Radegasta, Radegast
Stánek Drago - Pustevny
Hračky - Trafika, Horní Bečva 501
Chata Libušín, Pustevny (https://novylibusin.cz/)"
"54";"Gruň";"Česká Republika";"Turistická známka";"Pohoří, Ski areály, Horské chaty a boudy, Stezky a trasy, Beskydy";"Frýdek-Místek";"Moravskoslezský kraj";"Turistická chata Švarná Hanka (http://www.svarna-hanka.cz/)
Bezručova škola (https://bezrucovaskola.cz/)"
"55";"Bílý kříž";"Česká Republika";"Turistická známka";"Pohoří, Památná místa a obce, Stezky a trasy, Horské chaty a boudy, Beskydy";"Frýdek-Místek";"Moravskoslezský kraj";"Horská chata Sulov (http://chata-sulov.cz/)
Hotel Visalaje, Visalaje (http://hotelvisalaje.cz/)
Ostravice - Slovenská koliba, Ostravice"
"56";"Visalaje";"Česká Republika";"Turistická známka";"Pohoří, Stezky a trasy, Horské chaty a boudy, Beskydy";"Frýdek-Místek";"Moravskoslezský kraj";"Hotel Visalaje, Visalaje (http://hotelvisalaje.cz/)
Stánek na parkovišti Visalaje
Ostravice - Slovenská koliba, Ostravice"
"57";"Javorník";"Česká Republika";"Turistická známka";"Pohoří, Stezky a trasy, Ski areály, Památná místa a obce, Šumava";"Prachatice";"Jihočeský kraj";"Hotel Krásná Vyhlídka, Vacov - Javorník 42 (http://www.hotel-vyhlidka.cz/)
nedávat Penzion na Podlesí - Javorník 4, Šumava (http://www.napodlesi.cz/#utm_source=mapy.cz&utm_medium=ppd&utm_campaign=firmy.cz-13231298)
Rozhledna Klostermannova, Javorník (http://www.javornik.cz/rozhledna.php)
Informační středisko Javorník na Šumavě (www.javornik.cz)
Informační středisko Stachy (http://www.stachy.net/)"
"58";"Stachy";"Česká Republika";"Turistická známka";"Pohoří, Památná místa a obce, Stezky a trasy, Šumava";"Prachatice";"Jihočeský kraj";"Informační středisko Stachy (http://www.stachy.net/)
Květinářství, Stachy 285"
"59";"Horská Kvilda";"Česká Republika";"Turistická známka";"Pohoří, Památná místa a obce, Šumava";"Klatovy";"Plzeňský kraj";"Informační středisko, Horská Kvilda 40
Hotel Rankl, Horská Kvilda 18 (hotelrankl.cz)
Turistické centrum Chata Terezka, Kvilda 35 (https://chataterezka.cz/)
Suvenýry U RYSA, Kvilda 18"
"60";"Churáňov";"Česká Republika";"Turistická známka";"Pohoří, Ski areály, Šumava";"Prachatice";"Jihočeský kraj";"Hotel Churáňov, Zadov, Stachy (http://www.churanovhotel.cz/hotelchuranov/)
Hotel Zadov, Zadov (zadovhotel.cz)"
"61";"Modrava";"Česká Republika";"Turistická známka";"Pohoří, Horské chaty a boudy, Stezky a trasy, Šumava";"Klatovy";"Plzeňský kraj";"Informační centrum, Modrava 63 (https://www.sumavanet.cz/modrava/)
Penzion PUPÍK na Modravě, Modrava 6 (www.sumava.net/penzionpupik/)
Hotel Klostermannova chata, Modrava (http://www.klostermannovachata.cz/)
Suvenýry U RYSA, Kvilda 18"
"62";"Srní";"Česká Republika";"Turistická známka";"Pohoří, Horské chaty a boudy, Stezky a trasy, Šumava";"Klatovy";"Plzeňský kraj";"Informační centrum, Srní 106 (sumava.net/srni)
Hotel Srní, Srní 117 (https://www.hotely-srni.cz/hotelysrni/default.asp)"
"63";"Prášily - Šumava";"Česká Republika";"Turistická známka";"Pohoří, Horské chaty a boudy, Stezky a trasy, Šumava";"Klatovy";"Plzeňský kraj";"Hostinec u Michala, Prášily 111 (https://www.prasilskyraj.cz/)
Infocentrum, Prášily 110 (https://sumavanet.cz/icprasily/)
Informační centrum, 1. máje 12, Železná Ruda (http://www.sumavanet.cz/itcruda/)
Chata KČT, Prášily 100"
"64";"Železná Ruda";"Česká Republika";"Turistická známka";"Pohoří, Historická města, Ski areály, Stezky a trasy, Šumava";"Klatovy";"Plzeňský kraj";"Informační centrum, 1. máje 12, Železná Ruda (http://www.sumavanet.cz/itcruda/)
Infocentrum NP Šumava - Alžbětín, nádraží Železná Ruda (https://www.npsumava.cz/navstivte-sumavu/navstevnicka-centra/informacni-stredisko-alzbetin/)
SKI & BIKE ŠPIČÁK, areál Špičák (http://sumava.spicak.cz/)
Hotel Karl, sedlo Špičák (http://www.karl.cz/)
Smíšený obchod Stará pošta, Hojsova Stráž 2, Železná Ruda
AdamOliver Dárky a dekorace (www.Adamolivertravel.CZ)
Šumavské dárky"
"65";"Bleiberg - Krušné hory";"Česká Republika";"Turistická známka";"Pohoří, Rozhledny a vyhlídky, Ski areály, Krušné hory";"Sokolov";"Karlovarský kraj";"KIC, nám. T. G. Masaryka 1782, Kraslice (http://www.icka.cz/ic/kic-kraslice)
Penzionu U Pražáka (http://www.uprazaka.eu)
Penzion Bublava, Bublava 644 (vladimir.keblusek@seznam.cz)"
"66";"Pernink - Krušné hory";"Česká Republika";"Turistická známka";"Pohoří, Technické památky, Ski areály, Železnice, Krušné hory";"Karlovy Vary";"Karlovarský kraj";"Infocentrum, Pernink (pernink.eu)
Restaurace Tina, T. G. Masaryka 2, Pernink (pernink.eu)"
"67";"Plešivec";"Česká Republika";"Turistická známka";"Pohoří, Ski areály, Rozhledny a vyhlídky, Horské chaty a boudy, Krušné hory";"Karlovy Vary";"Karlovarský kraj";"Hotel Plešivec (https://hotelplesivec.cz)
Infocentrum, Farní 2, Abertamy (https://www.mesto-abertamy.cz/)"
"68";"Boží Dar";"Česká Republika";"Turistická známka";"Pohoří, Historická města, Ski areály, Stezky a trasy, Krušné hory";"Karlovy Vary";"Karlovarský kraj";"Infocentrum, Boží Dar (http://www.bozidar.cz/cs/)"
"69";"Měděnec";"Česká Republika";"Turistická známka";"Pohoří, Přírodní útvary a místa, Památná místa a obce, Krušné hory";"Chomutov";"Ústecký kraj";"Restaurace Mědník, Měděnec (mednik.unas.cz)
Infocentrum Mědník, Měděnec (mednik.unas.cz)"
"70";"Klínovec 1244m";"Česká Republika";"Turistická známka";"Pohoří, Rozhledny a vyhlídky, Ski areály, Horské chaty a boudy, Krušné hory";"Karlovy Vary";"Karlovarský kraj";"Rozhledna Klínovec (http://www.bozidar.cz/cs/)
Infocentrum Skiareál Klínovec (https://klinovec.cz/)
Info Klínovec, Háj 219, Loučná pod Klínovcem (infoklinovec.cz)
Infocentrum, Boží Dar (http://www.bozidar.cz/cs/)"
"71";"Hora sv. Šebestiána - Krušné hory";"Česká Republika";"Turistická známka";"Pohoří, Památná místa a obce, Krušné hory";"Chomutov";"Ústecký kraj";"Restaurace RETRO, Hora sv. Šebestiána 42 (https://www.facebook.com/RETRORestaurace)
Obecní úřad , Hora Sv. Šebestiána č.p. 3, 431 82"
"72";"Komáří vížka";"Česká Republika";"Turistická známka";"Pohoří, Horské chaty a boudy, Rozhledny a vyhlídky, Technické památky, Krušné hory";"Teplice";"Ústecký kraj";"Suvenýry- minerály, Komáří hůrka
Informační středisko, Mariánské náměstí 641, Krupka (http://www.mukrupka.cz/)
Turistické informační centrum, Mariánské náměstí 32, Krupka (https://www.krupka-mesto.cz/)"
"73";"Klíny";"Česká Republika";"Turistická známka";"Pohoří, Ski areály, Krušné hory";"Most";"Ústecký kraj";"Hotel Emerán, Klíny (kliny.cz)"
"74";"Labská bouda";"Česká Republika";"Turistická známka";"Pohoří, Horské chaty a boudy, Krkonoše";"Trutnov";"Královéhradecký kraj";"Horský hotel Labská Bouda (http://www.labskabouda.cz/)"
"75";"Růžohorky";"Česká Republika";"Turistická známka";"Pohoří, Horské chaty a boudy, Krkonoše";"Trutnov";"Královéhradecký kraj";"Horská chata Růžohorky (ruzohorky.cz)"
"76";"Rešovské vodopády";"Česká Republika";"Turistická známka";"Pohoří, Přírodní útvary a místa, Jeseníky";"Bruntál";"Moravskoslezský kraj";"Restaurace, Rešov (http://www.vodopady-resov.cz/)
Penzion Nad Vodopády - Rešov 5 (www.resov.cz)
Chata Na mlýně, Skály 178 (http://chatanamlyne.cz/)"
"77";"Skřítek";"Česká Republika";"Turistická známka";"Pohoří, Přírodní útvary a místa, Horské chaty a boudy, CHKO a rezervace, Jeseníky";"Šumperk";"Olomoucký kraj";"Motorest Skřítek (https://www.facebook.com/Chata-Sk%C5%99%C3%ADtek-138625086284012#utm_source=mapy.cz&utm_medium=ppd&utm_content=hledani&utm_term=Mo)"
"78";"Čertovy kameny";"Česká Republika";"Turistická známka";"Pohoří, Horské chaty a boudy, Přírodní útvary a místa, Jeseníky";"Jeseník";"Olomoucký kraj";"Chata Čertovy Kameny (http://www.certovykameny.cz)
Lázeňské informační centrum, Priessnitzova 1349, Jeseník (http://www.priessnitz.cz)
IC Katovna, Palackého 12, Jeseník (http://www.jesenik.org/ic)"
"79";"Rabštejn - Jeseníky";"Česká Republika";"Turistická známka";"Pohoří, Horské chaty a boudy, Přírodní útvary a místa, Hrady, Jeseníky";"Šumperk";"Olomoucký kraj";"Horská chata Rabštejn (http://www.rabstejn.cz/index.html)"
"80";"Zlatý Chlum";"Česká Republika";"Turistická známka";"Pohoří, Rozhledny a vyhlídky, Jeseníky";"Jeseník";"Olomoucký kraj";"Restaurace (u rozhledny), Zlatý Chlum (zlatychlum.cz)
Lázeňské informační centrum, Priessnitzova 1349, Jeseník (http://www.priessnitz.cz)
IC Katovna, Palackého 12, Jeseník (http://www.jesenik.org/ic)"
"81";"Velký Javorník 918m chata P.J.R.";"Česká Republika";"Turistická známka";"Pohoří, Horské chaty a boudy, Rozhledny a vyhlídky, Beskydy";"Nový Jičín";"Moravskoslezský kraj";"Chata Velký Javorník (http://www.pohorskajednota.cz/)"
"82";"Ostravice";"Česká Republika";"Turistická známka";"Pohoří, Památná místa a obce, Beskydy";"Frýdek-Místek";"Moravskoslezský kraj";"Turistické informační centrum, Ostravice 400 (http://infocentrumostravice.cz/)
TRAFIKA Caffe - U nádraží, Ostravice 264
Krámek pod Lysou, Ostravice (u nádraží) (http://www.ostravice.estranky.cz/)
Ostravice - Slovenská koliba, Ostravice"
"83";"Staré Hamry";"Česká Republika";"Turistická známka";"Pohoří, Přírodní útvary a místa, Beskydy";"Frýdek-Místek";"Moravskoslezský kraj";"Restaurace Bowling, Staré Hamry 306 (https://restauracebowling.cz/)"
"84";"Ondřejník";"Česká Republika";"Turistická známka";"Pohoří, Památná místa a obce, Beskydy";"Frýdek-Místek";"Moravskoslezský kraj";"Roubenka Ondřejníček (ondrejnicek.cz)
Infocentrum, Havlíčkova 32, Frenštát pod Radhoštěm (http://frenstatinfo.cz/)
TIC, Hlavní 1755, Frýdlant nad Ostravicí (http://www.ticfno.cz/)
Knihovna a Informační centrum Čeladná (http://www.info-celadna.cz/)"
"85";"Dolní Lomná";"Česká Republika";"Turistická známka";"Pohoří, Památná místa a obce, Beskydy";"Frýdek-Místek";"Moravskoslezský kraj";"Restaurace Mánes, Dolní Lomná 19 (http://www.manes-dolnilomna.cz)
Pošta Dolní Lomná (dolnilomna.eu)
Lomňanské muzeum (https://lomnadolina.cz/lomnanske-muzeum/)
iCafé Dolní Lomná
Infocentrum Pod pralesem Mionší č. 311 (https://www.dolnilomna.eu/)"
"86";"Rozhledna Tetřev";"Česká Republika";"Turistická známka";"Pohoří, Rozhledny a vyhlídky, Horské chaty a boudy, Beskydy";"Frýdek-Místek";"Moravskoslezský kraj";"Kamenná chata, Tetřev (kamennachata.cz)"
"87";"Chata Skalka";"Česká Republika";"Turistická známka";"Pohoří, Horské chaty a boudy, Beskydy";"Frýdek-Místek";"Moravskoslezský kraj";"Chata Skalka (chata-skalka.cz)"
"88";"Tři Studně - Žďárské vrchy";"Česká Republika";"Turistická známka";"Pohoří, Památná místa a obce, Žďárské vrchy";"Žďár nad Sázavou";"Kraj Vysočina";"Čerpací stanice, Fryšava, Tři Studně
Autokemp Sykovec, Vlachovice 38, Nové Město na Moravě (www.kempsykovec.cz)"
"89";"Nové Město na Moravě Ski";"Česká Republika";"Turistická známka";"Pohoří, Ski areály, Historická města, Žďárské vrchy";"Žďár nad Sázavou";"Kraj Vysočina";"Čerpací stanice, Fryšava, Tři Studně
Hotel SKI, Nové Město na Moravě, Vlachovická (http://www.hotelski.cz/)
Horácké muzeum - informační centrum, Vratislavovo náměstí 114, Nové Město na Moravě (https://hm.nmnm.cz/)"
"90";"Devět skal - Žďárské vrchy";"Česká Republika";"Turistická známka";"Pohoří, Přírodní útvary a místa, Žďárské vrchy";"Žďár nad Sázavou";"Kraj Vysočina";"Hotel Devět Skal, Milovy, Svratka - Devět Skal (http://www.orea.cz)
Autokemp Sykovec, Vlachovice 38, Nové Město na Moravě (www.kempsykovec.cz)
Informační centrum, Palackého 30, Svratka (http://www.svratka.cz/informacni-centrum-svratka/)
Městské muzeum a galerie, U Zbrojnice 347, Svratka (http://www.svratka.cz/)
Hotel Svratka, Na Vyhlídce 41, Svratka (http://hotel-svratka.cz/)
Informační centrum, Moravské Křižánky 116 (https://www.facebook.com/obecnikavarnakrizanky/)"
"91";"Rozhledna Krásno - Slavkovský les";"Česká Republika";"Turistická známka";"Pohoří, Rozhledny a vyhlídky, Slavkovský les";"Sokolov";"Karlovarský kraj";"Radnice - podatelna, Radniční 1, Krásno (https://www.mesto-krasno.cz/)
Pokladna hornického muzea, Krásno (http://www.sokolov.cz)
Muzeum, Zámecká 1, Sokolov (http://www.omks.cz/main.php)
Hrad Loket - hradní suvenýry (https://www.hradloket.cz/)
Suvenýry Loket, Čs. Armády 255/4 (http://www.suvenyryloket.cz/)"
"92";"Kladská";"Česká Republika";"Turistická známka";"Pohoří, CHKO a rezervace, Přírodní útvary a místa, Slavkovský les";"Cheb";"Karlovarský kraj";"Infocentrum, Hlavní 47, Mariánské Lázně (marianskelazne.cz)
Lovecký zámeček - Hotel Garni (http://www.kladska.com)"
"93";"Ropička";"Česká Republika";"Turistická známka";"Pohoří, Horské chaty a boudy, Beskydy";"Frýdek-Místek";"Moravskoslezský kraj";"Ropička - bufet"
"94";"Chata Kotař, Beskydy";"Česká Republika";"Turistická známka";"Pohoří, Horské chaty a boudy, Beskydy";"Frýdek-Místek";"Moravskoslezský kraj";"Chata na Kotaři (kotar.komornilhotka.cz)"
"95";"Hrčava";"Česká Republika";"Turistická známka";"Pohoří, Památná místa a obce, Beskydy";"Frýdek-Místek";"Moravskoslezský kraj";"Pohostinství U Sikory, Hrčava (https://mapy.cz/turisticka?x=18.8321896&y=49.5196150&z=17&source=firm&id=13145634)
Stará Jednota, Hrčava"
"96";"Kvilda";"Česká Republika";"Turistická známka";"Pohoří, Památná místa a obce, Šumava, Vltava";"Prachatice";"Jihočeský kraj";"Informační středisko NP a CHKO Šumava, Kvilda (https://www.npsumava.cz/navstivte-sumavu/navstevnicka-centra/informacni-stredisko-kvilda/)
Turistické centrum Chata Terezka, Kvilda 35 (https://chataterezka.cz/)
Stálá expozice historie Kvildy a Bučiny (http://www.sumava.net/oukvilda/)
Suvenýry U RYSA, Kvilda 18
Informační středisko, Horská Kvilda 40 (http://horskakvilda.eu/)"
"97";"Poledník - Šumava";"Česká Republika";"Turistická známka";"Pohoří, Rozhledny a vyhlídky, Šumava";"Klatovy";"Plzeňský kraj";"Hotel Antýgl, Vchynice-Tetov I 87,Srní (antygl.cz)
Turistické centrum Chata Terezka, Kvilda 35 (https://chataterezka.cz/)
Infocentrum, Prášily 110 (https://sumavanet.cz/icprasily/)
Informační centrum, Srní 106 (sumava.net/srni)
Informační centrum, Modrava 63 (https://www.sumavanet.cz/modrava/)
Suvenýry U RYSA, Kvilda 18
Chata KČT, Prášily 100
Hostinec u Michala, Prášily 111 (https://www.prasilskyraj.cz/)
Inf. středisko NP Šumava, Sušická 399, Kašperské Hory (https://www.npsumava.cz/navstivte-sumavu/navstevnicka-centra/informacni-stredisko-kasperske-hory/)"
"98";"Antýgl";"Česká Republika";"Turistická známka";"Pohoří, Památná místa a obce, Stezky a trasy, Šumava";"Klatovy";"Plzeňský kraj";"Informační středisko Rokyta, Srní (http://www.npsumava.cz/)
Hotel Antýgl, Vchynice-Tetov I 87,Srní (antygl.cz)
Informační středisko, Horská Kvilda 40 (http://horskakvilda.eu/)
Informační centrum, Srní 106 (sumava.net/srni)
Autocamping Antýgl (http://www.sumava.net/antygl/)"
"99";"Františkov";"Česká Republika";"Turistická známka";"Pohoří, Památná místa a obce, Krkonoše";"Semily";"Liberecký kraj";"Penzion U Hásků, Františkov (hasan.cz)
Městské informační centrum, Rokytnice nad Jizerou (http://www.mesto-rokytnice.cz/)"
"100";"Chebský hrad";"Česká Republika";"Turistická známka";"Vodácké řeky, Hrady, Ohře";"Cheb";"Karlovarský kraj";"Chebský hrad (pokladna), Cheb (muzeumcheb.cz)
Infocentrum, Jateční 2, Cheb (http://www.mestocheb.cz/)
Muzeum, náměstí Krále Jiřího z Poděbrad 493/4, Cheb (http://www.muzeumcheb.cz/)
ČD centrum Cheb (http://www.ceskedrahy.cz/tiskove-centrum/fotogalerie/nadrazi/-1208/)"
"101";"Hrad Loket";"Česká Republika";"Turistická známka";"Vodácké řeky, Hrady, Ohře";"Sokolov";"Karlovarský kraj";"Hrad Loket - hradní suvenýry (https://www.hradloket.cz/)
Infocentrum, náměstí T.G. Masaryka, Loket (http://www.loket.cz/)
Suvenýry Loket, Čs. Armády 255/4 (http://www.suvenyryloket.cz/)
Sladký Domov, T.G.Masaryka 105/47, 35733 Loket
České suvenýry, nám. T. G. Masaryka 102/43, Loket (https://ceske-suvenyry.infoloket.cz/index.html)"
"102";"Karlovy Vary";"Česká Republika";"Turistická známka";"Historická města, Vodácké řeky, Lázně, Ohře";"Karlovy Vary";"Karlovarský kraj";"Infocentrum, Mariánskolázeňská 2, Karlovy Vary (https://www.karlovyvary.cz/cs)
Mlýnská kolonáda - prodej suvenýrů Karlovy Vary (karlovyvary.cz)
Královské oplatky, T. G. Masaryka 40, Karlovy Vary
Stánek naproti Kina Čas,T. G. Masaryka, Karlovy Vary
Stánek u Atria ve Dvořákových sadech, Karlovy Vary
Vřídelní kolonáda, Divadelní nám 2036/2, Karlovy Vary
Stánek naproti vchodu do Vojenského léč. ústavu Sadový pramen
Stánek č. 113 se suvenýry - Vřídelní kolonáda
Suvenýry VERONA, T.G.Masaryka 805/9, Karlovy Vary"
"103";"Dubina Šemnice";"Česká Republika";"Turistická známka";"Vodácké řeky, Přírodní útvary a místa, Ohře";"Karlovy Vary";"Karlovarský kraj";"Hospoda Dubina, č. p. 30 (http://www.hospodadubina.cz/cs/)"
"104";"Mlýn na Ohři";"Česká Republika";"Turistická známka";"Vodácké řeky, Ohře";"Karlovy Vary";"Karlovarský kraj";"Hospoda Ve mlýně, Jakubov, Vojkovice"
"105";"Město Kadaň";"Česká Republika";"Turistická známka";"Vodácké řeky, Historická města, Ohře";"Chomutov";"Ústecký kraj";"TIC, Jana Švermy 7, Kadaň (https://kadan.eu/informace/tic/)"
"106";"Klášterec nad Ohří";"Česká Republika";"Turistická známka";"Vodácké řeky, Historická města, Zámky, Ohře";"Chomutov";"Ústecký kraj";"Infocentrum pod radnicí, nám. Dr. E. Beneše 85, Klášterec nad Ohří (http://www.muklasterec.cz/)
Zámek - pokladna (https://kultura.klasterec.cz/)
IC a stáčírna minerálních vod, Kyselka 104, Klášterec nad Ohří (https://www.klasterec.cz/mesto/informace-o-meste-1/informace-pro-turisty/informacni-centrum/kontakt/)"
"107";"Čeňkova Pila";"Česká Republika";"Turistická známka";"Vodácké řeky, Památná místa a obce, Otava";"Klatovy";"Plzeňský kraj";"Turnerova chata a kiosek (http://www.turnerovachata.cz/)
Informační středisko, Horská Kvilda 40 (http://horskakvilda.eu/)
Informační centrum, Srní 106 (sumava.net/srni)
Inf. středisko NP Šumava, Sušická 399, Kašperské Hory (https://www.npsumava.cz/navstivte-sumavu/navstevnicka-centra/informacni-stredisko-kasperske-hory/)"
"108";"Hrad Rabí";"Česká Republika";"Turistická známka";"Vodácké řeky, Hrady, Otava";"Klatovy";"Plzeňský kraj";"Infocentrum města Rabí, Rabí 57 (https://www.mestorabi.cz/)
""Hradní krám u Marušky"", Rabí (http://www.hradrabi.cz/)
Suvenýry v podhradí, Rabí
Kiosek - nádvoří hradu Rabí
Suvenýry U Anděla , Rabí 48"
"109";"Hrad Strakonice";"Česká Republika";"Turistická známka";"Vodácké řeky, Hrady, Historická města, Otava";"Strakonice";"Jihočeský kraj";"Městské informační centrum, Zámek 1, Strakonice (http://www.strakonice.eu/)
Muzeum Středního Pootaví, Hradební 50, Strakonice (http://www.muzeum.strakonice.cz/)"
"110";"Štěkeň";"Česká Republika";"Turistická známka";"Vodácké řeky, Památná místa a obce, Otava";"Strakonice";"Jihočeský kraj";"Prodejna COOP TUTY 081, Štěkeň (https://www.jednotavolyne.cz/)
Vodácký kemp u štěkeňského jezu (https://www.vodacky-kemp.cz/steken-2/)"
"111";"Písek";"Česká Republika";"Turistická známka";"Vodácké řeky, Historická města, Otava";"Písek";"Jihočeský kraj";"Galerie F.R.Dragouna, Jungmannova 186, Písek (https://www.galeriedragoun.cz/)
Turistické informační centrum, Velké nám. 1/24, Písek (http://www.piseckem.cz)
Památník A. Heyduka, Tyršova 438/30, Písek (http://www.prachenskemuzeum.cz/index.php?option=com_content&task=view&id=28&Itemid=56)
Ekocentrum - elektrárna královského města Písek (http://www.elektrarnapisek.cz/)
Knihkupectví Elim (http://kniha.elimpisek.cz/)"
"112";"Lenora";"Česká Republika";"Turistická známka";"Vodácké řeky, Památná místa a obce, Vltava";"Prachatice";"Jihočeský kraj";"Infocentrum, sklářské muzeum Lenora (https://www.prodejskla.cz/sklo/default.asp)"
"113";"Vyšší Brod";"Česká Republika";"Turistická známka";"Vodácké řeky, Církevní památky, Vltava";"Český Krumlov";"Jihočeský kraj";"Infocentrum, Vyšší Brod (http://www.ivyssibrod.cz/turisticke-informacni-centrum-vyssi-brod_185.html)
Cisterciácký klášter - Vyšší Brod (klastervyssibrod.cz)
Půjčovna lodí a raftů INGEtour, Vyšší Brod (http://www.ingetour.cz/pujcovna-lodi-raftu?utm_source=mapy.cz&utm_medium=ppd&utm_campaign=firmy.cz-13732470)"
"114";"Hrad Rožmberk";"Česká Republika";"Turistická známka";"Vodácké řeky, Hrady, Vltava";"Český Krumlov";"Jihočeský kraj";"Hradní prodejna se suvenýry na nádvoří hradu Rožmberk
Hotel u Martina, Rožmberk nad Vltavou (https://www.hotelrozmberk.cz/)"
"115";"Kemp Branná - Vltava";"Česká Republika";"Turistická známka";"Vodácké řeky, Památná místa a obce, Vltava";"Český Krumlov";"Jihočeský kraj";"Kemp Branná - Kanak, půjčovna lodí a raftů (http://www.kanak.cz)"
"116";"Český Krumlov UNESCO";"Česká Republika";"Turistická známka";"Vodácké řeky, Historická města, Zámky, Vltava";"Český Krumlov";"Jihočeský kraj";"Zámecké infocentrum, Zámek 57 (I. zámecké nádvoří) (http://www.unios.cz/)
Unios tourist - zámek Český Krumlov(II. , III. a IV. zámecké nádvoří) (http://www.unios.cz/)
Infocentrum, náměstí Svornosti 2, Český Krumlov (http://www.ckrumlov.cz/)
Informační centrum - žel. stanice, Třída Míru 1, Český Krumlov (http://c-krumlov.cz/vylety/)
Suvenýry, Na Ostrově 87, Český Krumlov
Pension Galko, Široká 53, Český Krumlov (galko-ck.cz)
To nejlepší - Suvenýry - bistro - regionální produkty, Soukenická 35, Český Krumlov
Art Galerie"
"117";"Zlatá Koruna";"Česká Republika";"Turistická známka";"Vodácké řeky, Církevní památky, Vltava";"Český Krumlov";"Jihočeský kraj";"Antikvariát na bývalé faře, Zlatá Koruna
Klášter Zlatá Koruna (https://www.klaster-zlatakoruna.cz/cs)"
"118";"Dívčí Kámen";"Česká Republika";"Turistická známka";"Vodácké řeky, Hrady, Přírodní útvary a místa, Vltava";"Český Krumlov";"Jihočeský kraj";"Zřícenina hradu Dívčí Kámen (http://www.divcikamen.cz/)
Restaurace Hamr Dívčí Kámen, Třísov 59 (http://www.hamrdivcikamen.cz/)"
"119";"Suchdol nad Lužnicí";"Česká Republika";"Turistická známka";"Vodácké řeky, Památná místa a obce, Církevní památky, Lužnice";"Jindřichův Hradec";"Jihočeský kraj";"Infocentrum, 28. října, Suchdol nad Lužnicí (http://www.suchdol.cz/)
Trafika vedle Tety, Suchdol nad Lužnicí
Trafika u Hráze, Chlum u Třeboně"
"120";"Majdalena";"Česká Republika";"Turistická známka";"Vodácké řeky, Památná místa a obce, Lužnice";"Jindřichův Hradec";"Jihočeský kraj";"Veřejné vodácké tábořiště, Majdalena (http://kempmajdalena.webgarden.cz/)
Trafika u Hráze, Chlum u Třeboně"
"121";"Veselí nad Lužnicí";"Česká Republika";"Turistická známka";"Vodácké řeky, Historická města, Lužnice";"Tábor";"Jihočeský kraj";"Infocentrum, Veselí nad Lužnicí (http://www.veseli.cz/)
Trafika na náměstí, Veselí nad Lužnicí"
"122";"Město Soběslav";"Česká Republika";"Turistická známka";"Vodácké řeky, Historická města, Lužnice";"Tábor";"Jihočeský kraj";"Infocentrum, Soběslav (http://www.musobeslav.cz/)
Blatské muzeum - Rožmberský a Smrčkův dům, Soběslav (http://www.blatskemuzeum.cz/rozmbersky-dum-sobeslav/)
Trafika na náměstí č.p. 150, Soběslav - Zdeněk Nouza"
"123";"Město Tábor";"Česká Republika";"Turistická známka";"Vodácké řeky, Historická města, Lužnice";"Tábor";"Jihočeský kraj";"Infocentrum, Žižkovo nám. 2, Tábor (https://www.visittabor.eu/)
Husitské muzeum, Žižkovo náměstí 1, Tábor (http://www.husitskemuzeum.cz/chodby-stredovekeho-podzemi/)
Vyhlídková věž děkanského kostela, Tábor (https://www.visittabor.eu/vyhlidkova-vez-kostela)
ČD centrum Tábor (http://www.ceskedrahy.cz/tiskove-centrum/fotogalerie/nadrazi/-1208/)"
"124";"Harachovka";"Česká Republika";"Turistická známka";"Vodácké řeky, Památná místa a obce, Lužnice";"Tábor";"Jihočeský kraj";"Restaurace Harachovka, Lužnické údolí 151, Tábor - Klokoty (http://www.harrachovka-tabor.cz/)
Infocentrum, Žižkovo nám. 2, Tábor (https://www.visittabor.eu/)"
"125";"Zámek Bechyně";"Česká Republika";"Turistická známka";"Vodácké řeky, Zámky, Lázně, Lužnice";"Tábor";"Jihočeský kraj";"Zámek Bechyně - suvenýry (http://www.panstvi-bechyne.cz/)
Informační centrum, náměstí T. G. M. 140, Bechyně (https://www.kulturnidum.cz/)
Touristinformation, náměstí T. G. M. 5, Bechyně (http://www.visitbechyne.cz/)"
"126";"Ledeč nad Sázavou";"Česká Republika";"Turistická známka";"Vodácké řeky, Historická města, Hrady, Sázava";"Havlíčkův Brod";"Kraj Vysočina";"Hrad Ledeč nad Sázavou (www.hrad-ledec.cz)
Infocentrum, Husovo náměstí 60, Ledeč nad Sázavou (http://www.ledecsko.cz/)
Trafika, Mostecká ul., Ledeč nad Sázavou
Penzion Stvořidla, Na Žižkově 289, Ledeč nad Sázavou (http://www.penzionstvoridla.cz/)"
"127";"Zámek Zruč nad Sázavou";"Česká Republika";"Turistická známka";"Vodácké řeky, Historická města, Zámky, Sázava";"Kutná Hora";"Středočeský kraj";"Infocentrum na zámku, Zruč nad Sázavou, Zámek 1 (http://www.mesto-zruc.cz/)"
"128";"Hrad Český Šternberk";"Česká Republika";"Turistická známka";"Vodácké řeky, Hrady, Sázava";"Benešov";"Středočeský kraj";"Hrad Český Šternberk (suvenýry) (http://www.hradceskysternberk.cz/)
Koloniál U Indiána č.p. 60"
"129";"Klášter Sázava";"Česká Republika";"Turistická známka";"Vodácké řeky, Církevní památky, Sázava";"Kutná Hora";"Středočeský kraj";"Klášter Sázava (https://www.klaster-sazava.cz/cs)
Informační centrum, nám. Voskovce a Wericha 280, Sázava (http://www.mestosazava.cz/)
Květiny, vinotéka,dárky, Sklářská 333, Sázava
Kemp Sázava, Poznaňská 297 (http://kempsazava.cz/)"
"130";"Týnec nad Sázavou";"Česká Republika";"Turistická známka";"Vodácké řeky, Hrady, Sázava";"Benešov";"Středočeský kraj";"Muzeum, Nádvoří Hodějovského 48, Týnec n. Sázavou (http://www.mestotynec.cz/)
TIC, Klusáčkova 2, Týnec nad Sázavou (https://www.mestotynec.cz/index.php)"
"131";"Pikovice pod Medníkem";"Česká Republika";"Turistická známka";"Vodácké řeky, Památná místa a obce, Sázava";"Praha-západ";"Středočeský kraj";"Restaurace U Dolejších, Nádražní 19, Pikovice pod Medníkem (http://restauraceudolejsich.cz/)
Regionální muzeum, Masarykovo nám. 16, Jílové u Prahy (http://muzeumjilove.cz/)
Cukrárna Pikovice, Nádražní 126, Pikovice pod Medníkem
Café Kandík, Pikovická 276, Hradištko pod Medníkem (http://www.cafekandik.cz/)
Tábořiště Pikovice (http://www.taboristepikovice.cz/)"
"132";"Zbrašovské aragonitové jeskyně";"Česká Republika";"Turistická známka";"Jeskyně a propasti";"Přerov";"Olomoucký kraj";"Zbrašovské jeskyně - suvenýry, Zbrašov (caves.cz)"
"133";"Koněpruské jeskyně";"Česká Republika";"Turistická známka";"Jeskyně a propasti";"Beroun";"Středočeský kraj";"Koněpruské jeskyně - suvenýry (caves.cz)"
"134";"Chýnovská jeskyně";"Česká Republika";"Turistická známka";"Jeskyně a propasti";"Tábor";"Jihočeský kraj";"Chýnovská jeskyně - suvenýry (https://www.caves.cz/jeskyne/chynovska-jeskyne#utm_source=mapy.cz&utm_medium=ppd&utm_campaign=firmy.cz-2126964)"
"135";"Bozkovské dolomitové jeskyně";"Česká Republika";"Turistická známka";"Jeskyně a propasti";"Semily";"Liberecký kraj";"Bozkovské dolomitové jeskyně - suvenýry (www.caves.cz)"
"136";"Jeskyně Na Špičáku";"Česká Republika";"Turistická známka";"Jeskyně a propasti";"Jeseník";"Olomoucký kraj";"Jeskyně Na Špičáku - suvenýry (https://naspicaku.caves.cz/)"
"137";"Mladečské jeskyně";"Česká Republika";"Turistická známka";"Jeskyně a propasti";"Olomouc";"Olomoucký kraj";"Mladečské jeskyně - suvenýry (https://www.caves.cz/jeskyne/mladecske-jeskyne)"
"138";"Jeskyně Na pomezí";"Česká Republika";"Turistická známka";"Jeskyně a propasti";"Jeseník";"Olomoucký kraj";"Jeskyně Na pomezí, vstup - pokladna (caves.cz)"
"139";"Javoříčské jeskyně";"Česká Republika";"Turistická známka";"Jeskyně a propasti";"Olomouc";"Olomoucký kraj";"Javoříčské jeskyně - pokladna (www.caves.cz)"
"140";"Jeskyně Balcarka";"Česká Republika";"Turistická známka";"Jeskyně a propasti, Pohoří, Moravský kras";"Blansko";"Jihomoravský kraj";"Jeskyně Balcarka
Informační středisko Skalní Mlýn (http://www.skalnimlyn.cz/)
Suvenýry Salmovka ve Skalním mlýně (https://www.caves.cz/)
Hotel - Skalní mlýn (http://www.caves.cz/)
Suvenýry u Skalního mlýna 96"
"141";"Kateřinská jeskyně";"Česká Republika";"Turistická známka";"Jeskyně a propasti, Pohoří, Moravský kras";"Blansko";"Jihomoravský kraj";"Kateřinská jeskyně (caves.cz)
Informační středisko Skalní Mlýn (http://www.skalnimlyn.cz/)
Suvenýry Salmovka ve Skalním mlýně (https://www.caves.cz/)
Hotel - Skalní mlýn (http://www.caves.cz/)
Suvenýry u Skalního mlýna 96"
"142";"Sloupsko-Šošůvské jeskyně";"Česká Republika";"Turistická známka";"Jeskyně a propasti, Pohoří, Moravský kras";"Blansko";"Jihomoravský kraj";"Sloupsko-Šošůvské jeskyně (caves.cz)
Hostinec u Kovaříků, Sloup (https://www.restu.cz/hostinec-u-kovariku/mapa/#tabs)
Suvenýry Salmovka ve Skalním mlýně (https://www.caves.cz/)
Hotel - Skalní mlýn (http://www.caves.cz/)
Informační středisko Skalní Mlýn (http://www.skalnimlyn.cz/)"
"143";"Macocha - Punkevní jeskyně";"Česká Republika";"Turistická známka";"Jeskyně a propasti, Pohoří, Moravský kras";"Blansko";"Jihomoravský kraj";"Punkevní jeskyně, Punkevní žleb 81 (caves.cz)
Suvenýry u chaty Macocha
Suvenýry u Skalního mlýna 96
Suvenýry Salmovka ve Skalním mlýně (https://www.caves.cz/)
Hotel - Skalní mlýn (http://www.caves.cz/)
Informační středisko Skalní Mlýn (http://www.skalnimlyn.cz/)"
"144";"Skalní mlýn";"Česká Republika";"Turistická známka";"Pohoří, Technické památky, Moravský kras";"Blansko";"Jihomoravský kraj";"Informační středisko Skalní Mlýn (http://www.skalnimlyn.cz/)
Suvenýry u Skalního mlýna 96
Hotel - Skalní mlýn (http://www.caves.cz/)"
"145";"Zámek Humprecht";"Česká Republika";"Turistická známka";"Pohoří, Zámky, Český ráj";"Jičín";"Královéhradecký kraj";"Zámek Humprecht - pokladna (http://www.humprecht.cz/)
Infocentrum, nám. Míru 3, Sobotka (http://www.sobotka.cz/)
Hotel Pošta, nám. Míru 215, Sobotka (https://www.hotelsobotka.cz/)"
"146";"Kozákov";"Česká Republika";"Turistická známka";"Pohoří, Rozhledny a vyhlídky, Horské chaty a boudy, Český ráj";"Semily";"Liberecký kraj";"Rozhledna Kozákov - vstup (http://www.kct.semily.cz/)
Infocentrum, Husova 2, Semily (http://www.semily.cz/)
Chata a kiosek Kozákov (https://www.chata-kozakov.cz/)"
"147";"Hrad Valdštejn";"Česká Republika";"Turistická známka";"Pohoří, Hrady, Český ráj";"Semily";"Liberecký kraj";"Hrad Valdštejn (http://www.hrad-valdstejn.cz/)"
"148";"Zámek Hrubá Skála";"Česká Republika";"Turistická známka";"Pohoří, Zámky, Český ráj";"Semily";"Liberecký kraj";"Hrad Valdštejn (http://www.hrad-valdstejn.cz/)
Občerstvení a suvenýry U Myší díry, Hrubá Skála"
"149";"Hrad Trosky";"Česká Republika";"Turistická známka";"Pohoří, Hrady, Český ráj";"Semily";"Liberecký kraj";"Hrad Trosky (http://www.trosky.cz/)
Turistická chalupa Troskovice (https://www.bistropodtroskami.cz/)
Hospůdka Apolena (https://www.bistropodtroskami.cz/)
Křenovský Šenk, Křenovy 7"
"150";"Hrad Kost";"Česká Republika";"Turistická známka";"Pohoří, Hrady, Český ráj";"Jičín";"Královéhradecký kraj";"Hrad Kost - pokladna (https://kinskycastles.cz/hradkost.html)"
"151";"Prachovské skály";"Česká Republika";"Turistická známka";"Pohoří, Přírodní útvary a místa, Český ráj";"Jičín";"Královéhradecký kraj";"Turistické centrum Český ráj, Prachov (www.prachovskeskaly.cz)
Infocentrum Prachovské Skály, Prachov (http://www.prachovskeskaly.cz)
Turistická chata Prachov (prachov.cz)
Hlavní parkoviště Prachov"
"152";"Jičín";"Česká Republika";"Turistická známka";"Pohoří, Historická města, Český ráj";"Jičín";"Královéhradecký kraj";"Informační centrum, Jičín (http://www.jicin.org/)
Rumcajsova Ševcovna (https://www.rumcajsovasevcovna.cz/rumcajsova-sevcovna)
Valdická brána, Jičín (https://www.rumcajsovasevcovna.cz/jicinska-brana)
Regionální muzeum, Valdštejnovo náměstí (http://www.muzeumhry.cz)"
"153";"Zámek Sychrov";"Česká Republika";"Turistická známka";"Pohoří, Zámky, Český ráj";"Liberec";"Liberecký kraj";"Zámek Sychrov - suvenýry (http://www.zamek-sychrov.cz/)"
"154";"Jihočeská ZOO Hluboká nad Vltavou";"Česká Republika";"Turistická známka";"Zoologické zahrady";"České Budějovice";"Jihočeský kraj";"Jihočeská zoologická zahrada Hluboká nad Vltavou - pokladna (http://www.zoo-ohrada.cz/)
Jihočeská zoologická zahrada Hluboká nad Vltavou, stánek - suvenýry
Infocentrum, Zborovská 80, Hluboká nad Vltavou (https://www.hluboka.cz/)"
"155";"ZOO Olomouc";"Česká Republika";"Turistická známka";"Zoologické zahrady";"Olomouc";"Olomoucký kraj";"ZOO Olomouc, pokladna, suvenýry (http://www.zoo-olomouc.cz/)
ZOO Olomouc, stánek u hl. vchodu (http://www.zoo-olomouc.cz/)"
"156";"ZOO Brno";"Česká Republika";"Turistická známka";"Zoologické zahrady";"Brno-město";"Jihomoravský kraj";"Zoo Brno - pokladna (zoobrno.cz)"
"157";"ZOO Zlín";"Česká Republika";"Turistická známka";"Zoologické zahrady";"Zlín";"Zlínský kraj";"ZOO Zlín - pokladna (http://www.zoolesna.cz/)"
"158";"ZOO Jihlava";"Česká Republika";"Turistická známka";"Zoologické zahrady";"Jihlava";"Kraj Vysočina";"Zoo Jihlava - pokladna (http://www.zoojihlava.cz/)"
"159";"Safari park Dvůr Králové nad Labem";"Česká Republika";"Turistická známka";"Zoologické zahrady";"Trutnov";"Královéhradecký kraj";"Safari park Dvůr Králové nad Labem - pokladna (https://safaripark.cz/)"
"160";"Zoologická zahrada hlavního města Prahy, Praha";"Česká Republika";"Turistická známka";"Zoologické zahrady";"Praha";"Hlavní město Praha";"ZOO Praha - suvenýry (http://www.zoopraha.cz/)"
"161";"ZOO a botanická zahrada Plzeň";"Česká Republika";"Turistická známka";"Zoologické zahrady, Zahrady a parky";"Plzeň-město";"Plzeňský kraj";"Zoo Plzeň - pokladna (http://www.zooplzen.cz/)"
"162";"ZOO Ostrava";"Česká Republika";"Turistická známka";"Zoologické zahrady";"Ostrava-město";"Moravskoslezský kraj";"Zoo Ostrava - pokladna (http://www.zoo-ostrava.cz)"
"163";"ZOO Děčín";"Česká Republika";"Turistická známka";"Zoologické zahrady";"Děčín";"Ústecký kraj";"Zoo Děčín - pokladna (http://www.zoodecin.cz/)"
"164";"ZOO Ústí nad Labem";"Česká Republika";"Turistická známka";"Zoologické zahrady";"Ústí nad Labem";"Ústecký kraj";"Pokladna na horním vstupu Zoo Ústí nad Labem (http://www.zoousti.cz/)
Pokladna na dolním vstupu Zoo Ústí nad Labem (http://www.zoousti.cz/)
Suvenýry Pueblo v areálu ZOO (http://www.savanausti.cz/)"
"165";"ZOO Liberec";"Česká Republika";"Turistická známka";"Zoologické zahrady";"Liberec";"Liberecký kraj";"Zoo Liberec - pokladna (http://www.zooliberec.cz/)
Občerstvení u Jezírka, Masarykova 1347, Liberec"
"166";"Zoopark Chomutov";"Česká Republika";"Turistická známka";"Zoologické zahrady";"Chomutov";"Ústecký kraj";"Zoo, Chomutov - horní pokladna (http://www.zoopark.cz/)
Turistické infocentrum, náměstí 1. Máje 5885, Chomutov (http://www.chomutov-mesto.cz/)
Zoo Chomutov - suvenýry (http://www.zoopark.cz/)"
"167";"Rychta Zbečno";"Česká Republika";"Turistická známka";"Skanzeny a muzea, Berounka";"Rakovník";"Středočeský kraj";"Hamousův Statek, Zbečno (https://www.hamousuv-statek.cz/cs)
Parkoviště, Křivoklát"
"168";"Skanzen Rožnov pod Radhoštěm";"Česká Republika";"Turistická známka";"Skanzeny a muzea";"Vsetín";"Zlínský kraj";"Valašské muzeum v přírodě - Sušák, suvenýry (https://www.nmvp.cz/)
TIC, Masarykovo nám. 131, Rožnov pod Radhoštěm (https://www.visitroznov.cz/)
Valašské muzeum v přírodě (https://www.nmvp.cz/roznov)
Camp sport, Rožnov pod Radhoštěm (https://campsport.cz/)"
"169";"Kravaře";"Česká Republika";"Turistická známka";"Skanzeny a muzea";"Česká Lípa";"Liberecký kraj";"Vísecká rychta Kravaře (http://www.muzeumcl.cz/)
Infocentrum, Úštěcká 53, Kravaře (https://www.kravarecl.cz/)"
"170";"Skanzen Přerov nad Labem";"Česká Republika";"Turistická známka";"Skanzeny a muzea";"Nymburk";"Středočeský kraj";"Skanzen Přerov nad Labem (http://www.polabskemuzeum.cz/)"
"171";"Muzeum v přírodě Zubrnice";"Česká Republika";"Turistická známka";"Skanzeny a muzea";"Ústí nad Labem";"Ústecký kraj";"Muzeum v přírodě Zubrnice (https://www.nmvp.cz/zubrnice)"
"172";"Muzeum lidových staveb v Kouřimi";"Česká Republika";"Turistická známka";"Skanzeny a muzea";"Kolín";"Středočeský kraj";"Muzeum lidových staveb v Kouřimi (http://www.muzeumkolin.cz/)
Turistické informační centrum Kolín, Karlovo náměstí 8, Kolín (http://www.muzeumkolin.cz/)"
"173";"Betlém Hlinsko";"Česká Republika";"Turistická známka";"Skanzeny a muzea";"Chrudim";"Pardubický kraj";"Památková rezervace Betlém Hlinsko (http://www.hlinsko.cz/mesto/cestovni-ruch-turistika-pamatky/historicke-pamatky/2)
TIC, Čelakovského 561, Hlinsko (http://www.hlinsko.cz/)
Památková rezervace Veselý Kopec"
"174";"Veselý Kopec";"Česká Republika";"Turistická známka";"Skanzeny a muzea";"Chrudim";"Pardubický kraj";"Památková rezervace Veselý Kopec
Památková rezervace Betlém Hlinsko (http://www.hlinsko.cz/mesto/cestovni-ruch-turistika-pamatky/historicke-pamatky/2)"
"175";"Kosárna Karlovice";"Česká Republika";"Turistická známka";"Skanzeny a muzea";"Bruntál";"Moravskoslezský kraj";"Kosárna Karlovice (mubr.cz)"
"176";"Šikland";"Česká Republika";"Turistická známka";"Western";"Žďár nad Sázavou";"Kraj Vysočina";"Westernové městečko Šiklův mlýn (http://www.western.cz/)
Strašidelný zámek Draxmoor - Dolní Rožínka (http://strasidelny-zamek.cz/)"
"177";"Western Park Boskovice";"Česká Republika";"Turistická známka";"Western";"Blansko";"Jihomoravský kraj";"Westernové Městečko - pokladna (https://www.westernove-mestecko.cz/)
Infocentrum, Masarykovo nám. 1, Boskovice (boskovice.cz)"
"178";"Knovíz";"Česká Republika";"Turistická známka";"Archeo";"Kladno";"Středočeský kraj";"Infocentrum, Velvarská 136/1, Slaný (infoslany.cz)"
"179";"Dolní Věstonice";"Česká Republika";"Turistická známka";"Archeo";"Břeclav";"Jihomoravský kraj";"Regionální muzeum, Dolní Věstonice (https://www.rmm.cz/)
Archeopark Pavlov (https://www.archeoparkpavlov.cz/)
Občerstvení U vody, Sklepní 52, Dolní Věstonice (http://www.ulangru.cz/)"
"180";"Levý Hradec";"Česká Republika";"Turistická známka";"Archeo, Vltava";"Praha-západ";"Středočeský kraj";"Levý Hradec (u průvodce), Roztoky (http://www.levyhradec.cz/)
Informační kancelář středočeského muzea Roztoky (http://www.levyhradec.cz/)
Podatelna MÚ Roztoky (http://www.levyhradec.cz/)"
"181";"Jetřichovice - České Švýcarsko";"Česká Republika";"Turistická známka";"Pohoří, Církevní památky, Národní park České Švýcarsko";"Děčín";"Ústecký kraj";"Infocentrum, Jetřichovice (https://www.npcs.cz/informacni-strediska#informacni-centrum-jetrichovice)
Informační centrum - České Švýcarsko, Hřensko 82 (ceskosaske-svycarsko.cz)
Informační centrum, Chřibská 21, Chřibská (https://www.mesto-chribska.cz/)"
"182";"Soutěsky Hřensko";"Česká Republika";"Turistická známka";"Pohoří, Přírodní útvary a místa, Národní park České Švýcarsko";"Děčín";"Ústecký kraj";"Kiosek Žába (při vstupu do soutěsek)
Informační centrum, Hřensko 71 (hrensko.cz)
Ubytování u Křiváků, Hřensko 105 (hrensko.cz)
Potraviny - KONZUM, Hřensko 105 (hrensko.cz)
Infocentrum U Fořta na Mezní Louce (https://www.uforta.cz/)
Informační centrum Děčín, K.Čapka 1441/3 (http://idecin.cz/)"
"183";"Jedlová hora";"Česká Republika";"Turistická známka";"Pohoří, Rozhledny a vyhlídky, Lužické hory";"Děčín";"Ústecký kraj";"Restaurace Jedlová Hora, Rozhled 79, Jiřetín pod Jedlovou (http://www.jedlova.cz/)
Štola sv. Jana Evangelisty, Jiřetín pod Jedlovou (jiretin.cz)"
"184";"Luž";"Česká Republika";"Turistická známka";"Pohoří, Horské chaty a boudy, Lužické hory";"Česká Lípa";"Liberecký kraj";"Chata Luž (chataluz.cz)"
"185";"Vlčí hora";"Česká Republika";"Turistická známka";"Pohoří, Rozhledny a vyhlídky, Labské pískovce";"Děčín";"Ústecký kraj";"Rozhledna Vlčí Hora (https://www.region-ceskesvycarsko.cz/rozhledny-vyhlidky/rozhledna-vlci-hora/)"
"186";"Kyjov";"Česká Republika";"Turistická známka";"Pohoří, Horské chaty a boudy, Přírodní útvary a místa, Labské pískovce";"Děčín";"Ústecký kraj";"Rekreační chata Na Fakultě, Kyjov
Trafika U parkoviště, Kyjov
Dům Českého Švýcarska, Křinické náměstí 10, Krásná Lípa (https://www.npcs.cz/informacni-strediska#dum-ceskeho-svycarska-v-krasne-lipe)
Penzion Kyjovská terasa (https://www.kyjovskaterasa.cz/)
Infocentrum Saula, Dolní Chřibská 284 (https://www.ceskesvycarsko.cz/cs/informace/informacni-strediska/saula-dolni-chribska-informacni-centrum)"
"187";"Děčínský Sněžník";"Česká Republika";"Turistická známka";"Pohoří, Rozhledny a vyhlídky, Labské pískovce";"Děčín";"Ústecký kraj";"Penzion a restaurace Pod Rozhlednou, Sněžník (http://www.723m.cz/)
Penzion Hraniční Bouda, Sněžník
Hotel Hřebenova bouda, Sněžník (hotel-hrebenovka.cz)
Informační centrum Děčín, K.Čapka 1441/3 (http://idecin.cz/)
Oblastní Muzeum, Čsl. mládeže 1/31, Děčín (https://www.muzeumdc.cz/)"
"188";"Na Tokáni - České Švýcarsko";"Česká Republika";"Turistická známka";"Pohoří, Horské chaty a boudy, Národní park České Švýcarsko";"Děčín";"Ústecký kraj";"Chata Na Tokáni (https://www.chatatokan.cz/cs/)
Infocentrum Saula, Dolní Chřibská 284 (https://www.ceskesvycarsko.cz/cs/informace/informacni-strediska/saula-dolni-chribska-informacni-centrum)
Informační centrum, Chřibská 21, Chřibská (https://www.mesto-chribska.cz/)"
"189";"Pravčická brána";"Česká Republika";"Turistická známka";"Pohoří, Přírodní útvary a místa, Národní park České Švýcarsko";"Děčín";"Ústecký kraj";"Informační centrum - České Švýcarsko, Hřensko 82 (ceskosaske-svycarsko.cz)
Infocentrum, Pravčická brána
Informační centrum, Hřensko 71 (hrensko.cz)
Potraviny - KONZUM, Hřensko 105 (hrensko.cz)
Ubytování u Křiváků, Hřensko 105 (hrensko.cz)
Infocentrum U Fořta na Mezní Louce (https://www.uforta.cz/)"
"190";"Hřensko";"Česká Republika";"Turistická známka";"Pohoří, Přírodní útvary a místa, Památná místa a obce, Národní park České Švýcarsko";"Děčín";"Ústecký kraj";"Informační centrum, Hřensko 71 (hrensko.cz)
Potraviny - KONZUM, Hřensko 105 (hrensko.cz)
Infocentrum U Fořta na Mezní Louce (https://www.uforta.cz/)"
"191";"Adršpašské skály";"Česká Republika";"Turistická známka";"Pohoří, Přírodní útvary a místa, Broumovské mezihoří";"Náchod";"Královéhradecký kraj";"Adršpach (pokladna), Dolní Adršpach (skalyadrspach.cz)
Prodejna u parkoviště, Horní Adršpach (skalyadrspach.cz)
Stánek u hotelu Lesní Zátiší, Adršpach (skalyadrspach.cz)
Suvenýry u Indiána, Dolní Adršpach
Turistický autokemp Bučnice (https://www.autokempbucnice.cz/cs)
Knihkupectví - Papírnictví, Zámecká 21, Teplice nad Metují
Kulturní informační středisko, Teplice nad Metují (https://www.teplicenadmetuji.cz/turista/informacni-centrum/)"
"192";"Teplické skály Koruna";"Česká Republika";"Turistická známka";"Pohoří, Přírodní útvary a místa, Broumovské mezihoří";"Náchod";"Královéhradecký kraj";"Teplické skály - vstup
Kulturní informační středisko, Teplice nad Metují (https://www.teplicenadmetuji.cz/turista/informacni-centrum/)
Knihkupectví - Papírnictví, Zámecká 21, Teplice nad Metují
Stánek u hotelu Lesní Zátiší, Adršpach (skalyadrspach.cz)
Turistický autokemp Bučnice (https://www.autokempbucnice.cz/cs)"
"193";"Bischofstein Teplické skály";"Česká Republika";"Turistická známka";"Pohoří, Horské chaty a boudy, Broumovské mezihoří";"Náchod";"Královéhradecký kraj";"Zámek Skály - Bischofstein, Skály (http://www.bischofstein.cz/)
Teplické skály - vstup
Stánek u hotelu Lesní Zátiší, Adršpach (skalyadrspach.cz)
Kulturní informační středisko, Teplice nad Metují (https://www.teplicenadmetuji.cz/turista/informacni-centrum/)
Knihkupectví - Papírnictví, Zámecká 21, Teplice nad Metují"
"194";"Dědov";"Česká Republika";"Turistická známka";"Pohoří, Památná místa a obce, Broumovské mezihoří";"Náchod";"Královéhradecký kraj";"Kulturní informační středisko, Teplice nad Metují (https://www.teplicenadmetuji.cz/turista/informacni-centrum/)
Knihkupectví - Papírnictví, Zámecká 21, Teplice nad Metují"
"195";"Ostaš";"Česká Republika";"Turistická známka";"Pohoří, Přírodní útvary a místa, Broumovské mezihoří";"Náchod";"Královéhradecký kraj";"Občerstvení OSTAŠ, Osada Ostaš (http://www.ostas.adrspach.cz/)
Infocentrum, Masarykovo nám. 75, Police nad Metují (www.policko.cz)
Knihkupectví - Papírnictví, Zámecká 21, Teplice nad Metují
Knihkupectví, Komenského nám. 402, Police nad Metují"
"196";"Obora Žehušice";"Česká Republika";"Turistická známka";"Zahrady a parky";"Kutná Hora";"Středočeský kraj";"Prodej dočasně pozastaven
Návštěvnické centrum Turistických známek, Rýmařov (http://www.turisticke-znamky.cz/)"
"197";"Stará Živohošť - Vodní nádrž Slapy";"Česká Republika";"Turistická známka";"Lodní doprava, Vltava";"Benešov";"Středočeský kraj";"Rekreační středisko Stará Živohošť - recepce (http://www.starazivohost.cz/rekreacni-stredisko/)
Restaurace u Melíšků, Jablonná 74 (https://www.umelisku.cz/inpage/uvod/)"
"198";"Kutná Hora UNESCO";"Česká Republika";"Turistická známka";"Historická města";"Kutná Hora";"Středočeský kraj";"Chrám sv. Barbory, Barborská, Kutná Hora (www.khfarnost.cz)
Informační centrum u chrámu sv. Barbory (www.khfarnost.cz)
Infocentrum, Palackého nám. 377, Kutná Hora (http://www.kutnahora.cz/)
Stříbro - minerály, Barborská 38, Kutná Hora
Souvenirs Mania, Palackého nám. 93, Kutná Hora
Kostnice - kostel Všech Svatých, Kutná Hora (sedlec.info)
Suvenýry z Kutné Hory, Zámecká ulice, Kutná Hora-Sedlec (https://giva.cz/suvenyry-z-kutne-hory/)"
"199";"Babiččino údolí";"Česká Republika";"Turistická známka";"Památná místa a obce";"Náchod";"Královéhradecký kraj";"IC Pohádkový kuželník, Ratibořice (http://www.centrumrozvoje.eu/)
Ratibořické suvenýry - Dřeváci (www.fler.cz/drevaci)
Staré Bělidlo, Ratibořice
Zámek Ratibořice (zamek-ratiborice.cz)
Suvenýry, Ratibořice 5 (https://www.sites.google.com/site/kniharstviuvasatujaromer/)
Kiosek U zámku
Informační centrum, Legionářská 33, Česká Skalice (https://www.ceskoskalicko.cz/)"
"200";"Pražský hrad - Praha";"Česká Republika";"Turistická známka";"Hrady";"Praha";"Hlavní město Praha";"Loreta - suvenýry, Loretánská 106/23, Praha 1
Café galerie, Zlatá ulička u Daliborky 32, Praha 1 (https://www.instagram.com/cafegalerie2020/)"
"201";"Hrad Karlštejn";"Česká Republika";"Turistická známka";"Hrady, Berounka";"Beroun";"Středočeský kraj";"Hrad Karlštejn (http://www.hradkarlstejn.cz/)
Muzeum voskových figurín, Karlštejn (waxmuseumprague.cz)
Suvenýry - UNICUM, Karlštejn 333 (https://www.unicum-obchod.cz/)
TCK7 – Turistické centrum Karlštejn 7 (https://www.karlstejnsko.cz/cs/)
Muzeum Betlémů, Karlštejn 11 (http://www.muzeumbetlemu.cz/)
Suvenýry, Karlštejn 61
Suvenýry, Karlštejn 80
Informační centrum, 5. května 912, Dobřichovice (dobrichovice.cz)
U husitské koule - Mykhaylo Yonash"
"202";"Hrad Houska";"Česká Republika";"Turistická známka";"Hrady";"Česká Lípa";"Liberecký kraj";"Hrad Houska - pokladna (hradhouska.cz)"
"203";"Vodní hrad Švihov";"Česká Republika";"Turistická známka";"Hrady";"Klatovy";"Plzeňský kraj";"Hrad Švihov - pokladna (hradsvihov.cz)
Informační centrum Švihov (hradsvihov.cz)
Dárkové zboží - galanterie, Nám. Dr. E. Beneše 149, Švihov (hradsvihov.cz)"
"204";"Hrad Bezděz";"Česká Republika";"Turistická známka";"Hrady";"Česká Lípa";"Liberecký kraj";"Hrad Bezděz (hrad-bezdez.eu)
Infocentrum Bezděz (bezdez.cz)
U Vejra, Bezděz 67 (https://www.facebook.com/uvejra#utm_source=mapy.cz&utm_medium=ppd&utm_content=hledani&utm_term=sm%c3%ad%c5%a1en%c3%a9%20zbo%c5%be%)"
"205";"Kokořín";"Česká Republika";"Turistická známka";"Hrady";"Mělník";"Středočeský kraj";"Hrad Kokořín (hrad-kokorin.cz)"
"206";"Hrad Zvíkov";"Česká Republika";"Turistická známka";"Hrady, Vltava";"Písek";"Jihočeský kraj";"Hrad Zvíkov (hrad-zvikov.cz)
Kiosek na parkovišti u hradu Zvíkov
Hotel Zvíkov (www.hotelzvikov.cz)"
"207";"Kašperk";"Česká Republika";"Turistická známka";"Hrady";"Klatovy";"Plzeňský kraj";"Hrad Kašperk (kasperk.cz)
Infocentrum, Náměstí 1, Kašperské Hory (https://www.kasphory.cz/turista/)
Penzion na Habeši (chalupa na samotě pod hradem Kašperkem) (http://penzionnahabesi.cz/)"
"208";"Hrad Košumberk";"Česká Republika";"Turistická známka";"Hrady";"Chrudim";"Pardubický kraj";"Hrad Košumberk, Luže (http://www.luze.cz/)
Turistické informační centrum Luže s.r.o. (luze.cz/lesy-luze.html)"
"209";"Hrad Křivoklát";"Česká Republika";"Turistická známka";"Hrady, Berounka";"Rakovník";"Středočeský kraj";"Hrad Křivoklát (https://www.hrad-krivoklat.cz/cs)
Prodej dárků ve věži Huderka, Hrad Křivoklát (https://www.hrad-krivoklat.cz/cs)
Infocentrum CHKO, nám. Sv. Čecha 82, Křivoklát (http://www.is-krivoklat.cz/)
Parkoviště, Křivoklát"
"210";"Špilberk";"Česká Republika";"Turistická známka";"Hrady";"Brno-město";"Jihomoravský kraj";"Špilberk - prodejna suvenýrů (http://www.spilberk.cz/)
Infocentrum POD KROKODÝLEM, Radnická 8, Brno (https://ticbrno.cz/informacni-centra/informacni-centrum-pod-krokodylem)
IC Zámečnická, Zámečnická 90/2, Brno (https://ticbrno.cz/informacni-centra/informacni-centrum-to-je-brno)
Infocentrum HLAVNÍ NÁDRAŽÍ, Brno (https://ticbrno.cz/informacni-centra/tic-brno-informacni-centrum-na-hlavnim-nadrazi)"
"211";"Hrad Pernštejn";"Česká Republika";"Turistická známka";"Hrady";"Brno-venkov";"Jihomoravský kraj";"Suvenýry na hradě Pernštejn (http://suvenyry-pernstejn.eu/)
Turistické informační centrum, Nedvědice (http://www.pernstejnsko.cz/)
TIC, Masarykovo nám. 1, Bystřice nad Pernštejnem (https://info.bystricenp.cz/)"
"212";"Hrad Svojanov";"Česká Republika";"Turistická známka";"Hrady";"Svitavy";"Pardubický kraj";"Hrad Svojanov - pokladna (svojanov.cz)
Hradní restaurace Svojanov (svojanov.cz)"
"213";"Zámek Úsov";"Česká Republika";"Turistická známka";"Hrady";"Šumperk";"Olomoucký kraj";"Úsov - pokladna (http://www.muzeum-sumperk.cz/domains/muzeum-sumperk.cz/index.php/cs/nase-muzea/lovecko-lesnicke-muzeum-v-usove)"
"214";"Hrad Bouzov";"Česká Republika";"Turistická známka";"Hrady";"Olomouc";"Olomoucký kraj";"Hrad Bouzov - prodejna suvenýrů (http://www.hrad-bouzov.cz/)
Historický areál Bouzov (http://galeriebouzov.webpark.cz/)"
"215";"Helfštýn";"Česká Republika";"Turistická známka";"Hrady";"Přerov";"Olomoucký kraj";"Hrad Helfštýn, Týn nad Bečvou (helfstyn.cz)"
"216";"Hrad Buchlov";"Česká Republika";"Turistická známka";"Hrady";"Uherské Hradiště";"Zlínský kraj";"Hradní prodejna suv. Buchlov (https://www.hrad-buchlov.cz/cs)"
"217";"Hrad Hukvaldy";"Česká Republika";"Turistická známka";"Hrady";"Frýdek-Místek";"Moravskoslezský kraj";"Pokladna hradu Hukvaldy (www.janackovy-hukvaldy.cz)
Občerstvení U brány, Hukvaldy
Informační centrum, Hukvaldy 40 (https://www.ic-hukvaldy.cz/)"
"218";"Hrad Sovinec";"Česká Republika";"Turistická známka";"Hrady";"Bruntál";"Moravskoslezský kraj";"Hrad Sovinec (pokladna) (hradsovinec.cz)"
"219";"Hrad Boskovice";"Česká Republika";"Turistická známka";"Hrady";"Blansko";"Jihomoravský kraj";"Hrad Boskovice - pokladna (www.hradboskovice.cz)
Infocentrum, Masarykovo nám. 1, Boskovice (boskovice.cz)"
"220";"Hrad Šternberk";"Česká Republika";"Turistická známka";"Hrady";"Olomouc";"Olomoucký kraj";"Hrad Šternberk - pokladna (hrad-sternberk.cz)
Informační centrum, Horní náměstí 2, Šternberk (poznej-sternbersko.cz)
Expozice času, ČSA 113/19, Šternberk (http://www.expozicecasu.cz/)"
"221";"Hrad Pecka";"Česká Republika";"Turistická známka";"Hrady";"Jičín";"Královéhradecký kraj";"Hrad Pecka (https://www.hradpecka.cz/)
Turistické centrum Pecka (http://www.infopecka.cz/)
Krámek pod hradem, Pecka"
"222";"Hrad Litice";"Česká Republika";"Turistická známka";"Hrady";"Ústí nad Orlicí";"Pardubický kraj";"Hrad Litice - pokladna (https://www.hrad-litice.cz/cs)
Turistické informační centrum Žamberk Masarykovo náměstí 168 (http://www.zamberk.cz/)"
"223";"Hrad Bítov";"Česká Republika";"Turistická známka";"Hrady";"Znojmo";"Jihomoravský kraj";"Hrad Bítov - suvenýry (https://www.hrad-bitov.cz/cs)
Rozhledna Rumburak - Bítov (www.restaurantrumburak.cz)
COOP Smíšené zboží, Bítov 12 (https://www.jednotamk.cz/index.php)
Infocentrum, Náměstí 47, Vranov nad Dyjí (http://www.navstivtevranovsko.cz/cs/)
Autocamping Vranovská pláž (http://www.vranovska-plaz.cz/)"
"224";"Kunětická Hora";"Česká Republika";"Turistická známka";"Hrady";"Pardubice";"Pardubický kraj";"Hrad Kunětická Hora - pokladna (http://www.hrad-kunetickahora.cz/)
Restaurace Pod Kunětickou Horou (podkunkou.cz)"
"225";"Hrad Žebrák a Točník";"Česká Republika";"Turistická známka";"Hrady";"Beroun";"Středočeský kraj";"Hrad Žebrák - pokladna (https://www.hrad-zebrak.cz/cs)
Hrad Točník - pokladna (https://www.hrad-tocnik.cz/cs)
Drobné zboží Daniela, náměstí 100"
"226";"Hrad Okoř";"Česká Republika";"Turistická známka";"Hrady";"Praha-západ";"Středočeský kraj";"Hrad Okoř - pokladna (http://www.obecokor.cz/)"
"227";"Hrad Krakovec";"Česká Republika";"Turistická známka";"Hrady";"Rakovník";"Středočeský kraj";"Hrad Krakovec (hrad-krakovec.cz)"
"228";"Janův Hrad";"Česká Republika";"Turistická známka";"Hrady, Lednicko-valtický areál";"Břeclav";"Jihomoravský kraj";"Janův Hrad - pokladna (januv-hrad.cz)
Turistické Infocentrum, Malinovského 25, Lednice (https://www.lednice.cz/obec/turista/turisticke-informacni-centrum/)
Suvenýry na zámku Dekora, Lednice
Obchod se suvenýry u pokladny II. okruhu, Zámek Lednice"
"229";"Hrad Lipnice";"Česká Republika";"Turistická známka";"Hrady";"Havlíčkův Brod";"Kraj Vysočina";"Hrad Lipnice - pokladna (hrad-lipnice.eu)
Bistro U Haška, Lipnice nad Sázavou 214
Hostinec a penzion U České Koruny (http://www.hasektour.cz/)"
"230";"Štramberk";"Česká Republika";"Turistická známka";"Hrady, Rozhledny a vyhlídky";"Nový Jičín";"Moravskoslezský kraj";"Hrad - pokladna
Městské informační centrum, Štramberk (stramberk.cz)
Muzeum Šipka, Štramberk (muzeum.novy-jicin.cz)
Chata Dr.Hrstky, Štramberk
Suvenýry, Náměstí 40, Štramberk
Občerstvení Pod Schody, náměstí 41, Štramberk (martin-bar.trade.cz)
Občerstvení na Zauličí č. 146, Štramberk"
"231";"Hrad Velhartice";"Česká Republika";"Turistická známka";"Hrady";"Klatovy";"Plzeňský kraj";"Hrad Velhartice - suvenýry (https://www.hrad-velhartice.cz/cs)
Cukrárna, Velhartice (hrad-velhartice.cz)"
"232";"Hrad a poustevna Sloup";"Česká Republika";"Turistická známka";"Hrady";"Česká Lípa";"Liberecký kraj";"Skalní hrad Sloup (http://www.hradsloup.cz/)"
"233";"Hrad Lichnice";"Česká Republika";"Turistická známka";"Hrady";"Chrudim";"Pardubický kraj";"Hrad Lichnice (http://www.tremosnice.cz/)
Informační centrum města Třemošnice (https://ic.tremosnice.cz/)
Berlova vápenka, Třemošnice (https://www.tremosnice.cz/)"
"234";"Hrad Valečov";"Česká Republika";"Turistická známka";"Hrady";"Mladá Boleslav";"Středočeský kraj";"Autocamp Příhrazy (www.camp-prihrazy.cz)
Hrad Valečov (http://bosen-obec.cz/)
Restaurant KRÁSNÁ VYHLÍDKA, Mužský 40, Boseň (https://www.nakrasnevyhlidce.cz/)
Informační středisko, Kněžmost (knezmost.cz)
Chatová osada Lemberk - kemp, Branžež (https://slukova25.wixsite.com/lemberk)
Kiosek pod Drábkami"
"235";"Hrad Házmburk";"Česká Republika";"Turistická známka";"Hrady";"Litoměřice";"Ústecký kraj";"Hrad Házmburk (https://hrad-hazmburk.cz)
Informační centrum, nám. 5. května 48, Libochovice (http://www.libochovice.cz/)"
"236";"Hrad Radyně";"Česká Republika";"Turistická známka";"Hrady";"Plzeň-jih";"Plzeňský kraj";"Hrad Radyně - IC pod hradem (http://www.staryplzenec.cz/)"
"237";"Hrad Nové Hrady";"Česká Republika";"Turistická známka";"Hrady";"České Budějovice";"Jihočeský kraj";"Nové Hrady - hrad
Prodejna suvenýrů - Nové Hrady (https://rillich.cz/)
KIC, náměstí Republiky 46, Nové Hrady (http://www.kicnovehrady.cz/)
Trafika na náměstí Republiky 45"
"238";"Hrad Landštejn";"Česká Republika";"Turistická známka";"Hrady";"Jindřichův Hradec";"Jihočeský kraj";"Hrad Landštejn - pokladna (hradlandstejn.cz)
Landštejnský dvůr (http://www.landstejn.cz/)"
"239";"Andělská Hora";"Česká Republika";"Turistická známka";"Hrady";"Karlovy Vary";"Karlovarský kraj";"Obecní úřad Andělská Hora (andelskahora.com)
Andělská Café galerie, Andělská hora 18 (https://www.facebook.com/andelskacafegalerie)"
"240";"Hrad a zámek Bečov nad Teplou";"Česká Republika";"Turistická známka";"Hrady, Zámky, Technické památky, Slavkovský les";"Karlovy Vary";"Karlovarský kraj";"Hrad Bečov (www.zamek-becov.cz)
Ateliér Uhlík - Bečov nad Teplou"
"241";"Chodský hrad - Domažlice";"Česká Republika";"Turistická známka";"Hrady";"Domažlice";"Plzeňský kraj";"Chodský hrad (muzeum), Chodské náměstí 96, Domažlice (https://www.muzeum-chodska.com/)
Infocentrum, Chodské náměstí 96, Domažlice (http://www.idomazlice.cz/)
Laguna - tabák a dárkové zboží, nám. Míru 65, Domažlice"
"242";"Hrad Klenová";"Česká Republika";"Turistická známka";"Hrady";"Klatovy";"Plzeňský kraj";"Galerie, hrad Klenová (http://www.gkk.cz/)"
"243";"Hrad Kámen";"Česká Republika";"Turistická známka";"Hrady";"Pelhřimov";"Kraj Vysočina";"Hrad Kámen (muzeumpe.cz)"
"244";"Rabštejn nad Střelou";"Česká Republika";"Turistická známka";"Hrady";"Plzeň-sever";"Plzeňský kraj";"Muzeum Rabštejn nad Střelou (http://www.muzeumrabstejn.cz/)
Turistické informační centrum - Info Café Četnická stanice Rabštejn nad Střelou (http://www.rabstejnnadstrelou.cz/)
Infocentrum Manětín (http://www.manetin.cz)
Zámek Manětín (zamek-manetin.cz)"
"245";"Potštejn";"Česká Republika";"Turistická známka";"Hrady";"Rychnov nad Kněžnou";"Královéhradecký kraj";"Hrad Potštejn - suvenýry (http://potstejn.cz/)
Cukrárna Žužo, Lázeňská 195, Potštejn"
"246";"Hrad Roštejn";"Česká Republika";"Turistická známka";"Hrady";"Jihlava";"Kraj Vysočina";"Hrad Roštejn (http://hrad-rostejn.cz/)
Muzeum Vysočiny, Benešová 2, Jihlava (muzeum.ji.cz)
Dárkové zboží, Nám. Zachariáše z Hradce 8, Telč"
"247";"Hrad Grabštejn";"Česká Republika";"Turistická známka";"Hrady";"Liberec";"Liberecký kraj";"Hrad Grabštejn (https://www.hrad-grabstejn.cz/cs)"
"248";"Hrad Starý Jičín";"Česká Republika";"Turistická známka";"Hrady";"Nový Jičín";"Moravskoslezský kraj";"Hrad Starý Jičín - pokladna (hradstaryjicin.cz)
Obecní úřad - infocentrum, Starý Jičín (stary-jicin.cz)"
"249";"Hrad Štamberk";"Česká Republika";"Turistická známka";"Hrady";"Jihlava";"Kraj Vysočina";"Pohostinství pod Štamberkem, Lhotka
Kemp Javořice, Lhotka 10 (https://www.javorice.cz/)
Dárkové zboží, Nám. Zachariáše z Hradce 8, Telč
Camp Velkopařezitý, Řásná (https://www.campvelkoparezity.cz/)"
"250";"Hrad Kozí Hrádek";"Česká Republika";"Turistická známka";"Hrady";"Tábor";"Jihočeský kraj";"Středisko kultury a sportu, náměstí T. Bati 701, Sezimovo Ústí (https://www.sezimovo-usti.cz/)"
"251";"Hospital Kuks";"Česká Republika";"Turistická známka";"Zámky";"Trutnov";"Královéhradecký kraj";"Hospital Kuks - pokladna (hospital-kuks.cz)
Turistické informační centrum Kuks
Kiosek na parkovišti, Kuks (kuks.cz)"
"252";"Zámek Náchod";"Česká Republika";"Turistická známka";"Zámky";"Náchod";"Královéhradecký kraj";"Zámek Náchod (https://www.zamek-nachod.cz/cs)
Městské informační centrum, Masarykovo nám. 1, Náchod (https://mestonachod.cz/pro-turistu/infocentrum/)"
"253";"Zámek Nové Město nad Metují";"Česká Republika";"Turistická známka";"Zámky";"Náchod";"Královéhradecký kraj";"Zámek Nové Město nad Metují, Husovo náměstí 1201 (https://zameknm.cz)
Infocentrum, Husovo náměstí 1225, Nové Město nad Metují (http://www.infocentrum-nmnm.cz/)"
"254";"Zámek Opočno";"Česká Republika";"Turistická známka";"Zámky";"Rychnov nad Kněžnou";"Královéhradecký kraj";"Zámek Opočno (https://www.zamek-opocno.cz/cs)
Informační centrum, Kupkovo nám. 247, Opočno (http://www.opocno.cz/)"
"255";"Zámek Valtice";"Česká Republika";"Turistická známka";"Zámky, Lednicko-valtický areál";"Břeclav";"Jihomoravský kraj";"Zámek Valtice - pokladna (https://www.zamek-valtice.cz/cs)
Zámecký hotel Anton Florian, Zámek 1, Valtice (https://www.zameckyhotelvaltice.cz/cs/)
Infocentrum, náměstí Svobody 4, Valtice (https://www.valtice.eu/)
Vinotéka, Valtice, náměstí Svobody (http://www.vinumbonum.cz/#)
Suvenýry ve Světě pohádek a strašidel, Valtice (https://svetpohadek.cz/)"
"256";"Zámek Náměšť nad Oslavou";"Česká Republika";"Turistická známka";"Zámky";"Třebíč";"Kraj Vysočina";"Zámek Náměšť nad Oslavou (zamek-namest.cz)
Infocentrum, Náměšť nad Oslavou (http://www.namestnosl.cz/)"
"257";"Zámek Vranov nad Dyjí";"Česká Republika";"Turistická známka";"Zámky";"Znojmo";"Jihomoravský kraj";"Zámek Vranov nad Dyjí (https://www.zamek-vranov.cz/cs)
Stánek na baště (před zámeckou bránou)
Infocentrum, Náměstí 47, Vranov nad Dyjí (http://www.navstivtevranovsko.cz/cs/)
Autocamping Vranovská pláž (http://www.vranovska-plaz.cz/)"
"258";"Zámek Tovačov";"Česká Republika";"Turistická známka";"Zámky";"Přerov";"Olomoucký kraj";"Zámek Tovačov (https://zamek.tovacov.cz/)
Městský úřad Tovačov (www.tovacov.cz)"
"259";"Zámek Hluboká nad Vltavou";"Česká Republika";"Turistická známka";"Zámky, Vltava";"České Budějovice";"Jihočeský kraj";"Zámek Hluboká - suvenýry
Prodejna - zámek, Hluboká nad Vltavou
Velké parkoviště, Hluboká nad Vltavou (hluboka.cz)
Knihkupectví - antikvariát, Hluboká nad Vltavou
Hračky, Masarykova 976, Hluboká nad Vltavou (http://www.suvenyryhluboka.cz/)
Keramika-suvenýry - Ivana Divišová, Masarykova 80 (https://www.facebook.com/%C4%8CESK%C3%89-KERAMICK%C3%89-SUVEN%C3%9DRY-Ivana-Divi%C5%A1ov%C3%A1-143529229087913/?ref=page_internal)
Infocentrum, Zborovská 80, Hluboká nad Vltavou (https://www.hluboka.cz/)
Potraviny Flop, Hrdějovice"
"260";"Zámek Lednice UNESCO";"Česká Republika";"Turistická známka";"Zámky, Lázně, Zahrady a parky, Lednicko-valtický areál";"Břeclav";"Jihomoravský kraj";"Suvenýry, Lednice, Zámek 1 (zamek-lednice.com)
Turistické Infocentrum, Malinovského 25, Lednice (https://www.lednice.cz/obec/turista/turisticke-informacni-centrum/)
Suvenýry na zámku Dekora, Lednice
Obchod se suvenýry u pokladny II. okruhu, Zámek Lednice
Trafika Zámecké náměstí, Lednice
Občerstvení u zámku (hippoclub.cz)"
"261";"Zámek Kroměříž UNESCO";"Česká Republika";"Turistická známka";"Zámky";"Kroměříž";"Zlínský kraj";"Zámek Kromeříž - pokladna (https://www.zamek-kromeriz.cz/cs)
Infocentrum, Velké náměstí 115, Kroměříž (http://www.kromeriz.eu/)
Květná zahrada, Kroměříž (zamek-kromeriz.cz)
ČD centrum, Kroměříž (http://www.ceskedrahy.cz/tiskove-centrum/fotogalerie/nadrazi/-1208/)"
"262";"Zámek Velké Losiny";"Česká Republika";"Turistická známka";"Zámky";"Šumperk";"Olomoucký kraj";"Zámek Velké Losiny (zamek-losiny.cz)
Informační centrum, Velké Losiny (losiny.cz)"
"263";"Zámek Žirovnice";"Česká Republika";"Turistická známka";"Zámky";"Pelhřimov";"Kraj Vysočina";"Zámek Žirovnice (http://www.zirovnice.cz/)"
"264";"Hrad a zámek Jindřichův Hradec";"Česká Republika";"Turistická známka";"Zámky";"Jindřichův Hradec";"Jihočeský kraj";"Unios tourist shop, II. zámecké nádvoří, Jindřichův Hradec (http://www.unios.cz/)
Muzeum Jindřichohradecka, Balbínovo nám. 19, J. Hradec (http://www.mjh.cz/)
Infocentrum, Panská 136/1, Jindřichův Hradec (http://www.jh.cz/)
ČD centrum Jindřichův Hradec (http://www.ceskedrahy.cz/tiskove-centrum/fotogalerie/nadrazi/-1208/)"
"265";"Zámek Litomyšl UNESCO";"Česká Republika";"Turistická známka";"Zámky";"Svitavy";"Pardubický kraj";"Zámek Litomyšl (www.zamek-litomysl.cz)
Zámecké Infocentrum, Jiráskova 133, Litomyšl (http://www.ticlitomysl.cz/)
Infocentrum, Smetanovo náměstí 72, Litomyšl (http://www.ticlitomysl.cz/)
Regionální muzeum, Jiráskova 9, Litomyšl"
"266";"Zámek Doudleby nad Orlicí";"Česká Republika";"Turistická známka";"Zámky";"Rychnov nad Kněžnou";"Královéhradecký kraj";"Zámek Doudleby nad Orlicí (http://www.zamek-doudleby.cz/)"
"267";"Zámek Slatiňany";"Česká Republika";"Turistická známka";"Zámky";"Chrudim";"Pardubický kraj";"Zámek Slatiňany - pokladna (zamek-slatinany.cz)
Infocentrum, T. G. Masaryka 36, Slatiňany (http://infocentrum.slatinany.cz/)"
"268";"Zámek Lemberk";"Česká Republika";"Turistická známka";"Zámky";"Liberec";"Liberecký kraj";"Zámek Lemberk - suvenýry (zamek-lemberk.cz)
Cukrárna, náměstí Míru 17, Jablonné v Podještědí"
"269";"Zámek Konopiště";"Česká Republika";"Turistická známka";"Zámky";"Benešov";"Středočeský kraj";"Turistické informační centrum Benešov (http://www.kicbenesov.cz)
Zámek Konopiště - pokladna (https://www.zamek-konopiste.cz/cs)
Muzeum motocyklů, Konopiště (http://www.motomuseum.cz/moto-muzea-v-cr/muzeum-motocyklu-konopiste/)
Snack bar na parkovišti, Konopiště (https://www.facebook.com/cafekonopiste/photos/a.1746045005608633/2820837634796026/)
Suvenýry a hračky na centrálním parkovišti Konopiště
Parkoviště Konopiště - Ferdinand bar"
"270";"Zámek Orlík nad Vltavou";"Česká Republika";"Turistická známka";"Zámky, Vltava";"Písek";"Jihočeský kraj";"Zámek Orlík nad Vltavou (www.schwarzenberg.cz)
Suvenýry u Toryka, Orlík nad Vltavou (http://www.ceske-hospudky.cz/restaurace-hospody/orlik-nad-vltavou)"
"271";"Zámek Jánský Vrch";"Česká Republika";"Turistická známka";"Zámky";"Jeseník";"Olomoucký kraj";"Zámek Jánský Vrch - pokladna (https://www.zamek-janskyvrch.cz/cs)
Soud - turistické centrum, Puškinova 7, Javorník (https://kulturnidumjavornik.cz/)
Trafika Richter, ul. Míru (parkoviště pod zámkem), Javorník"
"272";"Zámek Kravaře";"Česká Republika";"Turistická známka";"Zámky";"Opava";"Moravskoslezský kraj";"Zámek Kravaře - pokladna (http://www.kravare.cz/)"
"273";"Zámek Raduň";"Česká Republika";"Turistická známka";"Zámky";"Opava";"Moravskoslezský kraj";"Zámek Raduň - pokladna (zamek-radun.cz)"
"274";"Zámek Hradec nad Moravicí";"Česká Republika";"Turistická známka";"Zámky";"Opava";"Moravskoslezský kraj";"Zámek Hradec nad Moravicí - pokladna (https://www.zamek-hradec.cz/cs)
Informační centrum, Podolská 308, Hradec nad Moravicí (http://www.ichradec.cz/)"
"275";"Zámek Zákupy";"Česká Republika";"Turistická známka";"Zámky";"Česká Lípa";"Liberecký kraj";"Zámek Zákupy - pokladna (zamek-zakupy.cz)"
"276";"Zámek Telč UNESCO";"Česká Republika";"Turistická známka";"Zámky";"Jihlava";"Kraj Vysočina";"Zámek Telč (https://www.zamek-telc.cz/cs)
Informační středisko, nám. Zachariáše z Hradce, Telč (http://www.telc-etc.cz/)
Telčský dům, nám. Zachariáše z Hradce, Telč (http://www.telcsky-dum.cz)
Dárkové zboží, Nám. Zachariáše z Hradce 8, Telč
Panský dvůr Telč, Slavatovská 86, Telč (https://www.panskydvurtelc.cz/)
Dárky, Palackého 98, Telč
Tabák - Jaroslav Burian, nám. Zachariáše z Hradce 68, Telč"
"277";"Zámek Slavkov - Austerlitz";"Česká Republika";"Turistická známka";"Zámky";"Vyškov";"Jihomoravský kraj";"Zámek Slavkov - pokladna (www.slavkov.cz)
Zámek Slavkov - informační centrum (www.slavkov.cz)"
"278";"Zámek Častolovice";"Česká Republika";"Turistická známka";"Zámky";"Rychnov nad Kněžnou";"Královéhradecký kraj";"Zámek Častolovice (http://www.zamek-castolovice.cz/)
TIC, Palackého nám. 29, Kostelec nad Orlicí (https://www.rtic.cz/)"
"279";"Zámek Pardubice";"Česká Republika";"Turistická známka";"Zámky";"Pardubice";"Pardubický kraj";"Zámek Pardubice - pokladna (http://www.vcm.cz/)
TIC, třída Míru 60 - Machoňova pasáž - Pardubice (http://www.ipardubice.cz/)
Automatické mlýny Pardubice, U Mlýnů 1963 (https://automatickemlyny.eu/)"
"280";"Zámek Hrádek u Nechanic";"Česká Republika";"Turistická známka";"Zámky";"Hradec Králové";"Královéhradecký kraj";"Zámek Hrádek u Nechanic (https://www.zamek-hradekunechanic.cz/cs)"
"281";"Zámek Mikulov";"Česká Republika";"Turistická známka";"Zámky";"Břeclav";"Jihomoravský kraj";"Zámek Mikulov - suvenýry (http://www.rmm.cz/)
Turistické informační centrum, Náměstí 1, Mikulov (http://www.mikulov.cz)"
"282";"Zámek Veltrusy";"Česká Republika";"Turistická známka";"Zámky, Vltava";"Mělník";"Středočeský kraj";"Zámek Veltrusy - suvenýry (zamek-veltrusy.cz)"
"283";"Zámek Březnice";"Česká Republika";"Turistická známka";"Zámky";"Příbram";"Středočeský kraj";"Zámek Březnice (http://www.zamek-breznice.cz/)"
"284";"Zámek Děčín";"Česká Republika";"Turistická známka";"Zámky";"Děčín";"Ústecký kraj";"Zámek Děčín - pokladna (www.zamekdecin.cz)
Informační centrum Děčín, K.Čapka 1441/3 (http://idecin.cz/)
ČD Centrum Děčín (http://www.ceskedrahy.cz/tiskove-centrum/fotogalerie/nadrazi/-1208/)
Informační centrum Hlavní nádraží, Čsl. mládeže 89/4, Děčín (http://idecin.cz/)
Oblastní Muzeum, Čsl. mládeže 1/31, Děčín (https://www.muzeumdc.cz/)"
"285";"Zámek Žleby";"Česká Republika";"Turistická známka";"Zámky";"Kutná Hora";"Středočeský kraj";"Zámek Žleby (zamek-zleby.cz)
Restaurace U Kosů, Zámecké náměstí 64, Žleby (http://www.hospudkaukosu.cz/)
Informační centrum a knihovna, Zámecké nám. 67, Žleby (http://www.ouzleby.cz/?)"
"286";"Zámek Mnichovo Hradiště";"Česká Republika";"Turistická známka";"Zámky";"Mladá Boleslav";"Středočeský kraj";"Zámek Mnichovo Hradiště (https://www.zamek-mnichovohradiste.cz/en)"
"287";"Zámek Červená Lhota";"Česká Republika";"Turistická známka";"Zámky";"Jindřichův Hradec";"Jihočeský kraj";"Zámecká prodejna suvenýrů - Suvenýry WALLY
Stánek se suvenýry u cesty k zámku - Suvenýry WALLY
Občerstvení (u zámku), Červená Lhota
Kiosek na obecním parkovišti - Suvenýry WALLY"
"288";"Zámek Hořovice";"Česká Republika";"Turistická známka";"Zámky";"Beroun";"Středočeský kraj";"Zámek Hořovice (http://www.zamek-horovice.cz/)
Informační centrum Vrbovská, Hořovice (https://mkc-horovice.cz/)"
"289";"Zámek Třeboň";"Česká Republika";"Turistická známka";"Zámky";"Jindřichův Hradec";"Jihočeský kraj";"Zámek Třeboň (https://www.zamek-trebon.cz/en)
Unios tourist shop, Zámek Třeboň (velké zámecké nádvoří) (http://www.unios.cz/)
TIC, Masarykovo náměstí 1, Třeboň (http://www.itrebon.cz/)
Papírnictví - hračky, Masarykovo nám. 85, Třeboň
Sklo - porcelán, Masarykovo nám. 88, Třeboň
Schwarzenberská hrobka, Třeboň - Domanín (https://www.schwarzenberska-hrobka.cz/cs)"
"290";"Zámek Kačina";"Česká Republika";"Turistická známka";"Zámky";"Kutná Hora";"Středočeský kraj";"Zámek Kačina - pokladna (http://www.kacina.cz/)"
"291";"Ploskovice";"Česká Republika";"Turistická známka";"Zámky";"Litoměřice";"Ústecký kraj";"Zámek Ploskovice (zamek-ploskovice.cz)"
"292";"Zámek Libochovice";"Česká Republika";"Turistická známka";"Zámky, Ohře";"Litoměřice";"Ústecký kraj";"Zámek Libochovice (https://www.zamek-libochovice.cz/cs)
Informační centrum, nám. 5. května 48, Libochovice (http://www.libochovice.cz/)
Tabáček, náměstí 5. května 56, Libochovice"
"293";"Zámek Bruntál";"Česká Republika";"Turistická známka";"Zámky";"Bruntál";"Moravskoslezský kraj";"Zámek Bruntál (https://www.mubr.cz/page.php?name=ZamekBruntal)
Infocentrum, Náměstí Míru 64/7, Bruntál (http://www.mubruntal.cz/)
Gabrielův dům - Bruntál Shop (https://www.facebook.com/BruntalShop/)"
"294";"Hrad a zámek Frýdlant";"Česká Republika";"Turistická známka";"Zámky, Hrady";"Liberec";"Liberecký kraj";"Zámek Frýdlant (https://www.zamek-frydlant.cz/en)
Kaplanka - prodej suvenýrů na zámku
Městské informační centrum, Frýdlant (http://www.ticfno.cz/)"
"295";"Zámek Dačice";"Česká Republika";"Turistická známka";"Zámky";"Jindřichův Hradec";"Jihočeský kraj";"Zámek Dačice (https://www.zamek-dacice.cz/en)
Městské muzeum a galerie, Havlíčkovo náměstí, Dačice (https://muzeumdacice.cz/)
Infocentrum, Palackého náměstí 1, Dačice (http://www.dacice.cz)
Tabák Lovětínská Eva, Palackého nám. 55, Dačice"
"296";"Zámek Manětín";"Česká Republika";"Turistická známka";"Zámky";"Plzeň-sever";"Plzeňský kraj";"Zámek Manětín (zamek-manetin.cz)
Infocentrum Manětín (http://www.manetin.cz)"
"297";"Hrad a zámek Horšovský Týn";"Česká Republika";"Turistická známka";"Zámky";"Domažlice";"Plzeňský kraj";"Zámek Horšovský Týn (horsovsky-tyn.cz)
Regionální informační centrum, Horšovský Týn (www.mkzht.cz)"
"298";"Zámek Kynžvart";"Česká Republika";"Turistická známka";"Zámky, Slavkovský les";"Cheb";"Karlovarský kraj";"Zámek Kynžvart (https://www.zamek-kynzvart.cz/en)"
"299";"Zámek Nebílovy";"Česká Republika";"Turistická známka";"Zámky";"Plzeň-jih";"Plzeňský kraj";"Zámek Nebílovy (zamek-nebilovy.cz)"
"300";"Zámek Kozel";"Česká Republika";"Turistická známka";"Zámky";"Plzeň-jih";"Plzeňský kraj";"Zámek Kozel (https://www.zamek-kozel.cz/cs)"
"301";"Tvrz Žumberk";"Česká Republika";"Turistická známka";"Zámky";"České Budějovice";"Jihočeský kraj";"Prodejna suvenýrů - Nové Hrady (https://rillich.cz/)
KIC, náměstí Republiky 46, Nové Hrady (http://www.kicnovehrady.cz/)
Tvrz Žumberk (https://www.muzeumcb.cz/vyhledavani/?f_Act=Hledat&f_hledane=tvrz+%C5%BEumberk)"
"302";"Zámek Kratochvíle";"Česká Republika";"Turistická známka";"Zámky";"Prachatice";"Jihočeský kraj";"Zámek Kratochvíle - suvenýry (https://www.zamek-kratochvile.cz/cs)
Muzeum JUDr. O. Kudrny, Mírové Nám. 248, Netolice (https://www.muzeumnetolice.cz/)"
"303";"Zámek Náměšť na Hané";"Česká Republika";"Turistická známka";"Zámky";"Olomouc";"Olomoucký kraj";"Zámek Náměšť na Hané (http://www.zamek.namestnahane.cz/)"
"304";"Zámek Krásný Dvůr";"Česká Republika";"Turistická známka";"Zámky";"Louny";"Ústecký kraj";"Zámek Krásný Dvůr (https://www.zamek-krasnydvur.cz/cs)"
"305";"Zámek Blansko";"Česká Republika";"Turistická známka";"Zámky";"Blansko";"Jihomoravský kraj";"Muzeum - zámek Blansko (muzeum-blansko.cz)
Blanenská informační kancelář Blanka (http://www.blansko.cz/)"
"306";"Tvrz Čelákovice";"Česká Republika";"Turistická známka";"Zámky";"Praha-východ";"Středočeský kraj";"Městské muzeum Čelákovice (www.celmuz.cz)"
"307";"Zámek Brandýs nad Labem";"Česká Republika";"Turistická známka";"Zámky";"Praha-východ";"Středočeský kraj";"Zámek Brandýs nad Labem (brandyszamek.cz)
Staroboleslavská Brána, Stará Boleslav
Infocentrum - Kočárkovna, Plantáž 2480, Brandýs nad Labem (https://www.brandysko.cz/infocentrum-mesta-brandys-nad-labem-stara-boleslav/)
Muzeum Brandýs nad Labem, Masarykovo náměstí 97 (https://www.muzeumbrandys.cz/)"
"308";"Zámek Lysice";"Česká Republika";"Turistická známka";"Zámky";"Blansko";"Jihomoravský kraj";"Zámek Lysice (https://www.zamek-lysice.cz/en)"
"309";"Zámek Buchlovice";"Česká Republika";"Turistická známka";"Zámky";"Uherské Hradiště";"Zlínský kraj";"Zámek Buchlovice (zamek-buchlovice.cz)
Infocentrum Buchlovice (www.tic.buchlovice.cz)"
"310";"Poutní místo hora Říp";"Česká Republika";"Turistická známka";"Církevní památky";"Litoměřice";"Ústecký kraj";"Rotunda na hoře Říp (www.rotundarip.cz)
Turistická chata na Řípu (http://chatarip.eu/)
Suvenýry pod horou Říp, mobilní stánek na rozcestí (https://www.unicum-obchod.cz/)
Restaurace Mánes, Krabčice (https://www.restauracemanes.cz/cs/)
Infocentrum Podřipska, Arnoštova 88, Roudnice nad Labem (https://www.vyletnarip.cz/)
Občerstvení na úpatí
Čerpací stanice Benzina JSM Somac s.r.o."
"311";"Klášter Teplá";"Česká Republika";"Turistická známka";"Církevní památky, Slavkovský les";"Cheb";"Karlovarský kraj";"Klášter Teplá - pokladna (http://www.klastertepla.cz/)
Klášter Teplá - suvenýry
Obchůdek v klášteře Teplá"
"312";"Klášter Kladruby";"Česká Republika";"Turistická známka";"Církevní památky";"Tachov";"Plzeňský kraj";"Klášter Kladruby - pokladna (https://www.klaster-kladruby.cz/cs)"
"313";"Kaple Panny Marie Sněžné na Hvězdě, Broumovské stěny";"Česká Republika";"Turistická známka";"Církevní památky";"Náchod";"Královéhradecký kraj";"IC Broumovska, Mírové nám. 105, Broumov (http://www.broumov-mesto.cz/)
Klášterní kavárna Café Dientzenhofer, Broumov (https://www.baroque.cz/cafe_dientzenhofer/)
Infocentrum, Masarykovo nám. 75, Police nad Metují (www.policko.cz)
Knihkupectví, Komenského nám. 402, Police nad Metují
Knihkupectví - Papírnictví, Zámecká 21, Teplice nad Metují
Klášter Broumov – pokladna prohlídek (http://www.opatstvibroumov.cz/)"
"314";"Klášter Broumov";"Česká Republika";"Turistická známka";"Církevní památky";"Náchod";"Královéhradecký kraj";"IC Broumovska, Mírové nám. 105, Broumov (http://www.broumov-mesto.cz/)
Klášterní kavárna Café Dientzenhofer, Broumov (https://www.baroque.cz/cafe_dientzenhofer/)
Klášter Broumov – pokladna prohlídek (http://www.opatstvibroumov.cz/)"
"315";"Mariánská Týnice";"Česká Republika";"Turistická známka";"Církevní památky";"Plzeň-sever";"Plzeňský kraj";"Muzeum a galerie severního Plzeňska, Mariánská Týnice (www.marianskatynice.cz)"
"316";"Klášter Plasy";"Česká Republika";"Turistická známka";"Církevní památky";"Plzeň-sever";"Plzeňský kraj";"Klášter Plasy - suvenýry (klaster-plasy.cz)"
"317";"Nepomuk - Poutní město";"Česká Republika";"Turistická známka";"Církevní památky, Historická města";"Plzeň-jih";"Plzeňský kraj";"Infocentrum, náměstí A. Němejce 126, Nepomuk (http://www.nepomuk.cz/)"
"318";"Klášter Porta Coeli";"Česká Republika";"Turistická známka";"Církevní památky";"Brno-venkov";"Jihomoravský kraj";"Podhorácké muzeum, Předklášteří (predklasteri.muzeumbrnenska.cz)
Klášterní kavárna Porta Coeli (http://www.portacoeli.cz/)
Restaurace V Chaloupkách, U Sušírny 1070, Předklášteří
Turistické informační centrum, nám. Míru 120, Tišnov (https://www.tictisnov.cz/)"
"319";"Bazilika Velehrad";"Česká Republika";"Turistická známka";"Církevní památky";"Uherské Hradiště";"Zlínský kraj";"Karmelitánské nakladatelství, poutní prodejna, U lípy 302, Velehrad (kna.cz)
Turistické centrum Velehrad, Salašská 328, Velehrad (https://www.velehrad.cz/)
Infocentrum Velehrad, U Lípy 302 (velehradinfo.cz)
Stánek na parkovišti, Velehrad (https://zdeneksonntag.webnode.cz/#utm_source=mapy.cz&utm_medium=ppd&utm_campaign=firmy.cz-12900911)
Hotel Mlýn Velehrad, Na Hrádku 4 (https://www.hotelmlyn.cz/)"
"320";"Mohyla Míru Austerlitz";"Česká Republika";"Turistická známka";"Válečné památníky";"Brno-venkov";"Jihomoravský kraj";"Památník Mohyla Míru Austerlitz (http://mohylamiru.muzeumbrnenska.cz/)"
"321";"Památník Terezín";"Česká Republika";"Turistická známka";"Válečné památníky, Ohře";"Litoměřice";"Ústecký kraj";"Památník Terezín (pamatnik-terezin.cz)"
"322";"Pevnost Josefov";"Česká Republika";"Turistická známka";"Válečné památníky";"Náchod";"Královéhradecký kraj";"Pevnost Josefov (http://www.pevnostjosefov.cz/)
TIC, nám. Československé armády 16, Jaroměř (https://www.jaromer-josefov.cz/)"
"323";"Památník Jana Žižky - Trocnov";"Česká Republika";"Turistická známka";"Památníky";"České Budějovice";"Jihočeský kraj";"Památník Jana Žižky z Trocnova, Trocnov (http://www.muzeumcb.cz/)
Infocentrum, Žižkovo náměstí 1, Borovany (https://www.borovansko.cz/)"
"324";"Pevnost Dobrošov";"Česká Republika";"Turistická známka";"Válečné památníky";"Náchod";"Královéhradecký kraj";"Pevnost Kahan III., Dobrošov (https://www.kahan3.cz/)
Městské informační centrum, Masarykovo nám. 1, Náchod (https://mestonachod.cz/pro-turistu/infocentrum/)
Městské IC Malé lázně Běloves, U starých lázní 129, Náchod (https://mestonachod.cz/pro-turistu/infocentrum/)"
"325";"Památník II. Světové války, Slezské zemské muzeum";"Česká Republika";"Turistická známka";"Válečné památníky";"Opava";"Moravskoslezský kraj";"Národní památník II. světové války, Hrabyně 192 (http://www.szm.cz/rubrika/25/expozicni-arealy/pamatnik-ii-svetove-valky-hrabyne.html)"
"326";"Dělostřelecká tvrz Bouda";"Česká Republika";"Turistická známka";"Válečné památníky";"Ústí nad Orlicí";"Pardubický kraj";"Dělostřelecká tvrz Bouda, Těchonín (boudamuseum.com)"
"327";"Vojenské muzeum Králíky";"Česká Republika";"Turistická známka";"Válečné památníky";"Ústí nad Orlicí";"Pardubický kraj";"Vojenské Muzeum Králíky (https://www.armyfort.cz/cs)"
"328";"Památník Životické tragédie";"Česká Republika";"Turistická známka";"Válečné památníky";"Karviná";"Moravskoslezský kraj";"Památník Životické Tragédie (http://www.muzeumct.cz/zivotice/)
Infocentrum, nám. Republiky 7, Havířov (https://www.havirov-info.cz/)"
"329";"Památník Lidice";"Česká Republika";"Turistická známka";"Válečné památníky";"Kladno";"Středočeský kraj";"Památník Lidice (http://www.lidice-memorial.cz/)"
"330";"Litoměřice MPR";"Česká Republika";"Turistická známka";"Historická města, Ohře";"Litoměřice";"Ústecký kraj";"Městské informační centrum, Mírové náměstí, Litoměřice (https://www.litomerice.cz/)"
"331";"Polička MPZ";"Česká Republika";"Turistická známka";"Historická města";"Svitavy";"Pardubický kraj";"Městské muzeum Polička (cbmpolicka.cz)
Informační centrum Polička (http://www.kotour.cz/)"
"332";"Jáchymov";"Česká Republika";"Turistická známka";"Historická města, Krušné hory";"Karlovy Vary";"Karlovarský kraj";"Informační centrum, nám. Republiky 1, Jáchymov (https://www.mestojachymov.cz/volny-cas/informacni-a-kulturni-centrum/)"
"333";"Příbor";"Česká Republika";"Turistická známka";"Historická města";"Nový Jičín";"Moravskoslezský kraj";"Infocentrum, Příbor (https://www.pribor.eu/obcan/)
Rodný domek S. Freuda, Příbor (http://www.freudmuseum.cz/index.php)
Muzeum Novojičínska, Nový Jičín (https://www.muzeumnj.cz/)"
"334";"Zámek Nový Jičín";"Česká Republika";"Turistická známka";"Zámky";"Nový Jičín";"Moravskoslezský kraj";"Muzeum Nový Jičín, 28. října (muzeum.novy-jicin.cz)
Návštěvnické centrum, Masarykovo nám. 45/29, Nový Jičín (http://www.mestoklobouku.cz/)"
"335";"Město Olomouc";"Česká Republika";"Turistická známka";"Historická města";"Olomouc";"Olomoucký kraj";"Informační centrum Olomouc - radnice (olomouc-tourism.cz)
Turistické centrum, Švédská 10, Olomouc (tourist-centrum.cz)
ČD centrum, Olomouc (http://www.cd.cz/)"
"336";"Lipník nad Bečvou";"Česká Republika";"Turistická známka";"Historická města";"Přerov";"Olomoucký kraj";"Infocentrum, Náměstí T.G.Masaryka 13, Lipník nad Bečvou (mesto-lipnik.cz)"
"337";"Znojmo";"Česká Republika";"Turistická známka";"Historická města";"Znojmo";"Jihomoravský kraj";"Znojemské podzemí, Slepičí trh 2, Znojmo (https://www.znojemskabeseda.cz/)
TIC, Obroková ulice 10, Znojmo (https://www.znojemskabeseda.cz/)
TIC - Jižní přístupová cesta, Hradní ulice, Znojmo (https://www.znojemskabeseda.cz/)
Radniční věž, Obroková ul., Znojmo (https://www.znojemskabeseda.cz/)
GaP, Galerie a prostor, Kollárova 27, Znojmo (https://www.galerieaprostor.cz/)"
"338";"Město Fulnek";"Česká Republika";"Turistická známka";"Historická města";"Nový Jičín";"Moravskoslezský kraj";"Infocentrum Fulnek (http://www.ic-fulnek.cz/)"
"339";"Jihlava";"Česká Republika";"Turistická známka";"Historická města";"Jihlava";"Kraj Vysočina";"TIC - Jihlava, Věžní 1, Jihlava (https://www.jihlava.cz/tic/)
TIC - Brána Jihlavy, Matky Boží 22, Jihlava (https://www.jihlava.cz/tic/)
Muzeum Vysočiny, Benešová 2, Jihlava (muzeum.ji.cz)
Vodní ráj (městské koupaliště), Jihlava (vodniraj.cz)
ČD centrum, Jihlava (http://www.cd.cz/)
Kavárna Za Zrcadlem, Jihlava (www.kavarnazazrcadlem.webnode.cz)"
"340";"Velký Blaník 638 m n.m.";"Česká Republika";"Turistická známka";"Rozhledny a vyhlídky";"Benešov";"Středočeský kraj";"Rozhledna Velký Blaník (lounovicepodblanikem.cz)
Zámecká hospoda, Louňovice pod Blaníkem"
"341";"Kurzova věž Čerchov";"Česká Republika";"Turistická známka";"Rozhledny a vyhlídky";"Domažlice";"Plzeňský kraj";"Infocentrum, Chodské náměstí 96, Domažlice (http://www.idomazlice.cz/)
Kurzova věž Čerchov (http://www.na-rozhledny.cz/cerchov)
Autocamp Babylon č.p. 105 (https://www.autokempbabylon.cz/)"
"342";"Rozhledna H. Kudlicha - Úvalno";"Česká Republika";"Turistická známka";"Rozhledny a vyhlídky";"Bruntál";"Moravskoslezský kraj";"Rozhledna Hanse Kudlicha, Úvalno (uvalno.cz)
Restaurace Na Strážišti, Úvalno 271 (uvalno.cz)"
"343";"Rozhledna na Háji - Šumperk";"Česká Republika";"Turistická známka";"Rozhledny a vyhlídky";"Šumperk";"Olomoucký kraj";"Rozhledna Háj u Šumperka (kctsumperk.cz)"
"344";"Rozhledna Oslednice";"Česká Republika";"Turistická známka";"Rozhledny a vyhlídky";"Jihlava";"Kraj Vysočina";"Rozhledna Oslednice, Telč (kcttelc.cz)
Dárky, Palackého 98, Telč"
"345";"Rozhledna Kožova Hora";"Česká Republika";"Turistická známka";"Rozhledny a vyhlídky";"Kladno";"Středočeský kraj";"Restaurace Rozhledna Kožova Hora"
"346";"Rozhledna Hýlačka";"Česká Republika";"Turistická známka";"Rozhledny a vyhlídky";"Tábor";"Jihočeský kraj";"Rozhledna Hýlačka (kct-tabor.cz)
Vyhlídková věž děkanského kostela, Tábor (https://www.visittabor.eu/vyhlidkova-vez-kostela)
Infocentrum, Žižkovo nám. 2, Tábor (https://www.visittabor.eu/)"
"347";"Rozhledna - Chata Svatobor";"Česká Republika";"Turistická známka";"Rozhledny a vyhlídky, Horské chaty a boudy";"Klatovy";"Plzeňský kraj";"Chata Svatobor, Sušice (https://www.rozhlednasvatobor.cz/)
Infocentrum, Poštovní 10, Sušice (https://www.mestosusice.cz/)
Trafika u Fíka s.r.o., nám. Svobody 5, Sušice"
"348";"Andrlův Chlum - Hvězda";"Česká Republika";"Turistická známka";"Rozhledny a vyhlídky, Horské chaty a boudy";"Ústí nad Orlicí";"Pardubický kraj";"Chata Hvězda, Andrlův Chlum (http://chata-hvezda.cz/)
Infocentrum, Sychrova 16, Ústí nad Orlicí (https://www.ustinadorlici.cz/cs/turista-a-volny-cas/informacni-centrum)"
"349";"Rozhledna Suchý Vrch";"Česká Republika";"Turistická známka";"Rozhledny a vyhlídky, Horské chaty a boudy";"Ústí nad Orlicí";"Pardubický kraj";"Kramářova chata (http://www.suchak.cz/)"
"350";"Úzkokolejka Kamenice nad Lipou";"Česká Republika";"Turistická známka";"Technické památky, Železnice";"Pelhřimov";"Kraj Vysočina";"Nádraží, Kamenice nad Lipou (http://jhmd.cz/)
Turistické informační centrum, Kamenice nad Lipou (http://www.kamenicenl.cz/index.asp)"
"351";"Úzkokolejka Nová Bystřice";"Česká Republika";"Turistická známka";"Technické památky, Železnice";"Jindřichův Hradec";"Jihočeský kraj";"Nádraží, Nová Bystřice (jhmd.cz)
TIC, Mírové náměstí 54, Nová Bystřice (https://www.novabystrice.cz/)"
"352";"Technická památka - Buškův Hamr";"Česká Republika";"Turistická známka";"Technické památky";"České Budějovice";"Jihočeský kraj";"Buškův Hamr - Domeček (http://www.buskuv-hamr.cz/index.php)
Infocentrum Trhové Sviny (http://www.tsviny.cz/)"
"353";"Větrný mlýn Rudice";"Česká Republika";"Turistická známka";"Technické památky";"Blansko";"Jihomoravský kraj";"Muzeum Rudice (http://www.rudice.cz/)
Zámek Křtiny - infocentrum (https://www.zamek-krtiny.cz/)"
"354";"Ruční papírna Velké Losiny";"Česká Republika";"Turistická známka";"Technické památky";"Šumperk";"Olomoucký kraj";"Ruční papírna, Velké Losiny (http://www.rucnipapirna.cz/)"
"355";"Železniční expozice Lužná";"Česká Republika";"Turistická známka";"Technické památky, Železnice";"Rakovník";"Středočeský kraj";"ČD Muzeum Lužná u Rakovníka (https://www.cdnostalgie.cz/muzeum-luzna/muzeum/-32734/)"
"356";"Zlatorudné mlýny Zlaté Hory";"Česká Republika";"Turistická známka";"Technické památky";"Jeseník";"Olomoucký kraj";"Zlatokopecký skanzen, Zlaté Hory (https://zlatehory.cz/#utm_source=mapy.cz&utm_medium=ppd&utm_content=hledani&utm_term=Zlatokopeck%c3%bd%20skanzen%2c%20Zlat%c3%a9%2)
Rozhledna - Biskupská Kupa (zlatehory.cz)
Městské informační centrum, Zlaté Hory (zlatehory.cz)"
"357";"Hvězdárna Ondřejov";"Česká Republika";"Turistická známka";"Technické památky";"Praha-východ";"Středočeský kraj";"Astronomický ústav - pokladna, Ondřejov (asu.cas.cz)"
"358";"Františčina Huť u Adamova";"Česká Republika";"Turistická známka";"Technické památky";"Blansko";"Jihomoravský kraj";"Muzeum, Františčina Huť u Adamova (technicalmuseum.cz)"
"359";"Obří sud - Lázně Libverda";"Česká Republika";"Turistická známka";"Technické památky";"Liberec";"Liberecký kraj";"Obří Sud Libverda (https://www.obrisudlibverda.cz/)
Kiosek - suvenýry na parkovišti Obří Sud, Lázně Libverda
Infocentrum, Lázně Libverda 17 (http://www.laznelibverda.cz/cs/volny-cas/turisticke-informace/informacni-centrum.html)
Cukrárna u kostela, Klášterní, Hejnice (https://www.facebook.com/cukrarnaukostela/)
Balustráda Restaurant & Café, Libverda (https://www.facebook.com/people/Cukr%C3%A1rna-Balustr%C3%A1da-L%C3%A1zn%C4%9B-Libverda/100093144398054/)"
"360";"Poutní místo Sv. Hostýn";"Česká Republika";"Turistická známka";"Církevní památky";"Kroměříž";"Zlínský kraj";"Restaurace Poutní dům č. 2, Svatý Hostýn 115
Recepce Poutní dům č.3, Svatý Hostýn 115, Chvalčov (hostyn.cz)
Knihkupectví HOSANA, Poutní dům č.1, Svatý Hostýn (https://www.hosanavm.cz/)
Poutní stánky č. 20, č.33, Svatý Hostýn
Prodejní stánek u kostela a stánek č.3, č.6, č.15
Prodejní stánek č. 19, Svatý Hostýn"
"361";"Klášter Kostelní Vydří";"Česká Republika";"Turistická známka";"Církevní památky";"Jindřichův Hradec";"Jihočeský kraj";"Klášter Kostelní Vydří - suvenýry (ikarmel.cz)
Infocentrum, Palackého náměstí 1, Dačice (http://www.dacice.cz)
Dárkové zboží, Nám. Zachariáše z Hradce 8, Telč"
"362";"Poutní místo Klokoty";"Česká Republika";"Turistická známka";"Církevní památky, Lužnice";"Tábor";"Jihočeský kraj";"Klášter - Poutní místo Klokoty (klokoty.cz)
Vyhlídková věž děkanského kostela, Tábor (https://www.visittabor.eu/vyhlidkova-vez-kostela)
Infocentrum, Žižkovo nám. 2, Tábor (https://www.visittabor.eu/)"
"363";"Románský kostel Řeznovice";"Česká Republika";"Turistická známka";"Církevní památky";"Brno-venkov";"Jihomoravský kraj";"Románský kostel Řeznovice (u průvodce) (ivancice.cz)
Infocentrum, Palackého 9, Ivančice, (https://ivancice.colosseum.eu/)"
"364";"Děkanský kostel Most";"Česká Republika";"Turistická známka";"Církevní památky, Technické památky";"Most";"Ústecký kraj";"Děkanský kostel, Kostelní 289, Most (kostel-most.cz)
Turistické informační centrum, Radniční 1/2, Most (https://www.imostecko.cz/)
ČD Centrum Most (http://www.ceskedrahy.cz/tiskove-centrum/fotogalerie/nadrazi/-1208/)"
"365";"Vyšehrad NKP - Praha";"Česká Republika";"Turistická známka";"Církevní památky, Vltava";"Praha";"Hlavní město Praha";"Informační centrum Vyšehrad, V pevnosti 40/5 (praha-vysehrad.cz)
Tourist point s.r.o, Wilsonova 300/8, Praha 2 (www.touristpoint.cz)"
"366";"Rotunda Starý Plzenec";"Česká Republika";"Turistická známka";"Církevní památky";"Plzeň-jih";"Plzeňský kraj";"Hrad Radyně - IC pod hradem (http://www.staryplzenec.cz/)
Infocentrum, Smetanova 932, Starý Plzenec (staryplzenec.cz)"
"367";"Žďár nad Sázavou Zelená Hora UNESCO";"Česká Republika";"Turistická známka";"Církevní památky, Sázava";"Žďár nad Sázavou";"Kraj Vysočina";"Infocentrum, Havlíčkovo nám. 253/5, Žďár nad Sázavou (https://www.zdarns.cz/cestovni-ruch/informacni-centrum)
Infocentrum Zámek, Žďár nad Sázavou (zamekzdar.cz)
Kostel sv. Jana Nepomuckého na Zelené Hoře, pokladna (http://www.zelena-hora.cz/)
ČD centrum, Žďár nad Sázavou (http://www.ceskedrahy.cz/tiskove-centrum/fotogalerie/nadrazi/-1208/)
Hotel Tálský mlýn, Žďár nad Sázavou (https://www.talskymlyn.cz/)
Hotelový dům Morava, Žďár nad Sázavou (https://www.sportispo.cz/index.aspx)
Autokemp Pilák, Žďár nad Sázavou (https://www.sportispo.cz/index.aspx)
Modelové království Žďár nad Sázavou, Dolní 30 (http://www.mkzdar.cz/)"
"368";"Klášter zámek Zbraslav, Praha";"Česká Republika";"Turistická známka";"Církevní památky, Zámky, Vltava";"Praha";"Hlavní město Praha";"Městský dům, U Malé řeky 3, Zbraslav (http://www.mc-zbraslav.cz/mestska-cast/turistika/)
Informační centrum na Zbraslavském náměstí (u cukrárny) (http://www.mc-zbraslav.cz/kultura-a-volny-cas/turisticke-informace/)"
"369";"Klášter Milevsko";"Česká Republika";"Turistická známka";"Církevní památky";"Písek";"Jihočeský kraj";"Expozice Milevského kláštera (http://www.klastermilevsko.cz/)
TIC, náměstí E. Beneše 6, Milevsko (https://www.milevskem.cz/turistika/infocentrum)
Milevské muzeum, Klášter 563, Milevsko (muzeumvmilevsku.cz)"
"370";"Karlova Koruna";"Česká Republika";"Turistická známka";"Zámky";"Hradec Králové";"Královéhradecký kraj";"Zámek Karlova Koruna, Chlumec nad Cidlinou (kinsky-dal-borgo.cz)
Infocentrum, Jungmannova 61, Chlumec nad Cidlinou (https://ic.chlumecnc.cz/)"
"371";"Zámek Rychnov nad Kněžnou";"Česká Republika";"Turistická známka";"Zámky";"Rychnov nad Kněžnou";"Královéhradecký kraj";"Zámek Rychnov nad Kněžnou (kolowrat.com)
Infocentrum, Staré náměstí 68, Rychnov nad Kněžnou (https://www.rychnovsko.info/)"
"372";"Zámek Bučovice";"Česká Republika";"Turistická známka";"Zámky";"Vyškov";"Jihomoravský kraj";"Infocentrum, Bučovice, ul. Jiráskova (bucovice.cz)
Zámek Bučovice (https://www.zamek-bucovice.cz/cs)"
"373";"Zámek Rájec nad Svitavou";"Česká Republika";"Turistická známka";"Zámky";"Blansko";"Jihomoravský kraj";"Zámek Rajec nad Svitavou (https://www.zamek-rajec.cz/cs)
Infocentrum, Komenského 620, Rajec - Jestřebí (rajecjestrebi.cz)"
"374";"Benešov nad Ploučnicí";"Česká Republika";"Turistická známka";"Zámky";"Děčín";"Ústecký kraj";"Zámek Benešov nad Ploučnicí, Zámecká 51 (https://zamek-benesov.cz)
Trafika na náměstí, Nám. Míru 42, Benešov nad Ploučnicí
Infocentrum, nám. Míru 1, Benešov nad Ploučnicí (https://benesovnpl.cz/)"
"375";"Zámek Duchcov";"Česká Republika";"Turistická známka";"Zámky";"Teplice";"Ústecký kraj";"Zámek Duchcov (https://www.zamek-duchcov.cz/cs)
Infocentrum, Masarykova 7, Duchcov (http://www.infoduchcov.cz/)"
"376";"Zámek Jezeří";"Česká Republika";"Turistická známka";"Zámky";"Most";"Ústecký kraj";"Zámek Jezeří, Horní Jiřetín (zamek-jezeri.cz)"
"377";"Zámek Velké Březno";"Česká Republika";"Turistická známka";"Zámky";"Ústí nad Labem";"Ústecký kraj";"Zámek Velké Březno (zamek-vbrezno.cz)"
"378";"Zámek Plumlov";"Česká Republika";"Turistická známka";"Zámky";"Prostějov";"Olomoucký kraj";"Zámek Plumlov (https://www.plumlov-zamek.cz/)
Suvenýry - keramika, Plumlov (https://cafe-walenta.cz/)"
"379";"Zámek Hrubý Rohozec";"Česká Republika";"Turistická známka";"Zámky";"Semily";"Liberecký kraj";"Zámek Hrubý Rohozec - pokladna (hruby-rohozec.eu)"
"380";"Paprsek";"Česká Republika";"Turistická známka";"Pohoří, Horské chaty a boudy, Rychlebské hory";"Šumperk";"Olomoucký kraj";"Chata Paprsek (http://www.paprsek.net/)"
"381";"Návrší";"Česká Republika";"Turistická známka";"Pohoří, Horské chaty a boudy, Skupina Králického Sněžníku";"Šumperk";"Olomoucký kraj";"Chata Návrší - Staré Město (http://www.navrsi.eu/)"
"382";"Tesák";"Česká Republika";"Turistická známka";"Pohoří, Horské chaty a boudy, Hostýnské vrchy";"Kroměříž";"Zlínský kraj";"Restaurace Chata Tesák (https://restauracetesak.websnadno.cz/)
Stánek u Chaty Tesák (https://restauracetesak.websnadno.cz/)"
"383";"Čeřínek";"Česká Republika";"Turistická známka";"Pohoří, Horské chaty a boudy, Jihlavské vrchy";"Jihlava";"Kraj Vysočina";"Turistická chata Čeřínek, Horní Hutě (https://www.cerinek.cz/)"
"384";"Křemešník";"Česká Republika";"Turistická známka";"Pohoří, Rozhledny a vyhlídky, Církevní památky, Jihlavské vrchy";"Pelhřimov";"Kraj Vysočina";"Poutní hotel Křemešník (http://www.nakremesniku.cz/)
Poutní kostel Nejsvětější Trojice na Křemešníku (http://www.matice-kremesnicka.cz/)
Rozhledna Pípalka (http://rozhledny.webzdarma.cz/pipalka.htm)"
"385";"U Veličků";"Česká Republika";"Turistická známka";"Horské chaty a boudy, Pohoří, Beskydy";"Frýdek-Místek";"Moravskoslezský kraj";"Hospoda U Veličků, Malenovice pod Lysou Horou (https://www.facebook.com/uvelicku/?ref=page_internal)"
"386";"Horská chata Gírová - Slezské beskydy";"Česká Republika";"Turistická známka";"Pohoří, Horské chaty a boudy, Beskydy";"Frýdek-Místek";"Moravskoslezský kraj";"Horská chata Gírová, Bukovec (https://www.facebook.com/Chata-G%C3%ADrov%C3%A1-101630122634432)"
"387";"Benecko - Krkonoše";"Česká Republika";"Turistická známka";"Pohoří, Památná místa a obce, Krkonoše";"Semily";"Liberecký kraj";"Hotel Diana, Benecko 46 (http://hotel-diana.cz/)
Hotel Skalka, Benecko 196 (skalkabenecko.cz)
Hotel Bára, Benecko 132 (https://www.hotelbara.cz/)
Infocentrum, Benecko 148 (http://schoolpark.cz/)
Návštěvnické centrum KRNAP, Nám. Míru 223, Vrchlabí (https://www.krnap.cz/ic-vrchlabi/)
Dílnička pro šikovné ručičky na náměstí Benecko"
"388";"Jilemnice";"Česká Republika";"Turistická známka";"Pohoří, Historická města, Krkonoše";"Semily";"Liberecký kraj";"Návštěvnické centrum KRNAP, Nám. Míru 223, Vrchlabí (https://www.krnap.cz/ic-vrchlabi/)
Infocentrum, Kavánova 140, Jilemnice (http://www.ic.mestojilemnice.cz/cz/)"
"389";"Mumlavský vodopád";"Česká Republika";"Turistická známka";"Pohoří, Přírodní útvary a místa, Krkonoše";"Semily";"Liberecký kraj";"Mumlavská Bouda, od. Suvenýry- mincovna
Suvenýry - autobusové nádraží Harrachov
Infoservis Fremr, Harrachov 478 (http://www.harrachov.cz/fremr/)
Infocentrum Správy KRNAP, Harrachov 442 (https://www.krnap.cz/ic-harrachov/)
Turistické informační centrum, Harrachov 150 (http://info.harrachov.cz/aktivity/harrachov/turisticke-infomacni-centrum/)
Suvenýry Eva (před hotelem Bílý Hořec), Harrachov
Suvenýry- lyžařská půjčovna 633, Harrachov
Penzion Rotunda, Harrachov 609 (rotunda-harrachov.cz)
Chata u Lišáka, Harrachov 625, 512 46"
"390";"Rýchorská bouda";"Česká Republika";"Turistická známka";"Pohoří, Horské chaty a boudy, Krkonoše";"Trutnov";"Královéhradecký kraj";"Rýchorská Bouda (http://www.rychorskabouda.cz/)"
"391";"Kohútka";"Česká Republika";"Turistická známka";"Pohoří, Horské chaty a boudy, Javorníky";"Vsetín";"Zlínský kraj";"Horský hotel Kohútka (kohutka.cz)
Infocentrum Kohútka (http://www.kohutka.cz/)"
"392";"Obří důl - Krkonoše";"Česká Republika";"Turistická známka";"Pohoří, Stezky a trasy, Přírodní útvary a místa, Krkonoše";"Trutnov";"Královéhradecký kraj";"Bouda v Obřím Dole, Pec pod Sněžkou (boudavobrimdole.cz)
Informační centrum Turista, Pec pod Sněžkou (http://turistapec.cz/)
Návštěvnické centrum KRNAP, Nám. Míru 223, Vrchlabí (https://www.krnap.cz/ic-vrchlabi/)
Infocentrum Veselý Výlet, Horní Maršov - Temný Důl 46 (http://www.veselyvylet.cz/)
Trafika KAČA Pec pod Sněžkou
Chata pod Studničnou, Pec p. Sněžkou (https://www.podstudnicnoukct.cz/)
Infocentrum Veselý Výlet, Hlavní ulice 196, Pec pod Sněžkou (http://www.veselyvylet.cz/cz/vv5.html)
Penzion Rotunda, Harrachov 609 (rotunda-harrachov.cz)"
"393";"Vrbatova bouda";"Česká Republika";"Turistická známka";"Pohoří, Horské chaty a boudy, Krkonoše";"Semily";"Liberecký kraj";"Vrbatova bouda (https://www.facebook.com/VRBATOVA-BOUDA-425010054356521)
TIC, Svatopetrská 173, Špindlerův Mlýn (https://www.mestospindleruvmlyn.cz/)
Infocentrum Michlův Mlýn, Přední Labská 47, Špindlerův Mlýn (spindleruv-mlyn.cz)
Infocentrum SPINDL.INFO, Špindlerův Mlýn 10 (https://www.spindleruv-mlyn.com/cz/)
Infoservis Fremr, Harrachov 478 (http://www.harrachov.cz/fremr/)"
"394";"Brádlerovy boudy";"Česká Republika";"Turistická známka";"Pohoří, Horské chaty a boudy, Krkonoše";"Trutnov";"Královéhradecký kraj";"Brádlerovy boudy, Špindlerův Mlýn (http://www.bradlerovy-boudy.cz)"
"395";"Petřvald - CHKO Poodří";"Česká Republika";"Turistická známka";"CHKO a rezervace, Přírodní útvary a místa";"Nový Jičín";"Moravskoslezský kraj";"Obecní úřad, Petřvald (petrvaldobec.cz)
Cukrárna U Dobroty, Petřvald (http://www.udedousku.com/)"
"396";"Jeskyně Blanických rytířů";"Česká Republika";"Turistická známka";"Památná místa a obce";"Blansko";"Jihomoravský kraj";"Infocentrum, nám. Krále Jiřího 105, Kunštát (http://www.kunstat-mesto.cz/)
Jeskyně Blanických rytířů - pokladna (rudka.cz)"
"397";"Přírodní rezervace Soos";"Česká Republika";"Turistická známka";"Přírodní útvary a místa, CHKO a rezervace";"Cheb";"Karlovarský kraj";"Infocentrum, Máchova 8/373, Františkovy Lázně (www.frantiskovy-lazne.info)
Rezervace Soos - pokladna Muzeum (muzeum-frantiskovylazne.cz)"
"398";"Besedické skály";"Česká Republika";"Turistická známka";"Pohoří, Přírodní útvary a místa, Český ráj";"Jablonec nad Nisou";"Liberecký kraj";"Občerstvení u Parkoviště, Besedice (http://www.skalnimesta.cz/cz/besedicke-skaly-skalni-mesto.html)
Infoshop Vejměnek, Malá Skála 12 (http://www.vejmenek.cz/)
Občerstvení na rozcestí, Michovka 9"
"399";"Drábské světničky - Český ráj";"Česká Republika";"Turistická známka";"Pohoří, Přírodní útvary a místa, Český ráj";"Mladá Boleslav";"Středočeský kraj";"Autocamp Příhrazy (www.camp-prihrazy.cz)
Restaurant KRÁSNÁ VYHLÍDKA, Mužský 40, Boseň (https://www.nakrasnevyhlidce.cz/)
Hrad Valečov (http://bosen-obec.cz/)
Informační středisko, Kněžmost (knezmost.cz)
Chatová osada Lemberk - kemp, Branžež (https://slukova25.wixsite.com/lemberk)
Kiosek pod Drábkami
Tabák a noviny, Masarykovo nám. 240, Mnichovo Hradiště"
"400";"Holašovice UNESCO";"Česká Republika";"Turistická známka";"Skanzeny a muzea";"České Budějovice";"Jihočeský kraj";"Infocentrum, Holašovice 43 (http://www.holasovice.eu/)
Špejchar U Vojty, Holašovice 3 (http://www.holasovice.cz/)
Keramická dílna, Holašovice 26 (https://www.facebook.com/keramika.holasovice/)"
"401";"Slavonice";"Česká Republika";"Turistická známka";"Historická města";"Jindřichův Hradec";"Jihočeský kraj";"TIC Slavonice, náměstí Míru 476, Slavonice (i.slavonice-mesto.cz)
Městská Věž, Slavonice
Knihkupectví nám. Míru 461, Slavonice (slavonice.cz)"
"402";"Letohrad";"Česká Republika";"Turistická známka";"Historická města";"Ústí nad Orlicí";"Pardubický kraj";"Infocentrum, Václávské náměstí 77, Letohrad (muzeum.letohrad.eu)
Hotel na Zámku, Letohrad, Václavské náměstí 1 (https://hotelnazamku.cz/)"
"403";"Úštěk MPR";"Česká Republika";"Turistická známka";"Historická města";"Litoměřice";"Ústecký kraj";"Infocentrum, Mírové náměstí 47, Úštěk (mesto-ustek.cz)
Galerie U brány, Úštěk (https://www.galerie-ubrany.cz/)
Úštěcká Šatlava (historicky-ustek.wbs.cz)
Víno dárky čaje, 1. máje 5, Úštěk (https://www.vinodarkycaje.cz/)"
"404";"Klatovy";"Česká Republika";"Turistická známka";"Historická města";"Klatovy";"Plzeňský kraj";"Informační centrum, Vídeňská 66, Klatovy (https://www.klatovy.cz/icklatovy/)
Klatovské katakomby, Divadelní 148, Klatovy (http://www.katakomby.cz/katakombyklatovy)
Galerie U Bílého jednorožce, Klatovy (gkk.cz)
Galerie ŠIWA, Náměstí Míru 63, 33901 Klatovy 1. (https://www.facebook.com/www.siwa.cz)"
"405";"České Budějovice";"Česká Republika";"Turistická známka";"Historická města, Vltava";"České Budějovice";"Jihočeský kraj";"ČD centrum, České Budějovice
Černá Věž, České Budějovice (c-budejovice.cz)
Turistické informačním centrum, nám. Přemysla Otakara II., České Budějovice, radnice, vchod č.2 (c-budejovice.cz)
Souvenir Milenky šperky, Dům Kultury Metropol České Budějovice - přízemí
Potraviny Flop, Hrdějovice"
"406";"Lázně Bělohrad";"Česká Republika";"Turistická známka";"Historická města, Lázně";"Jičín";"Královéhradecký kraj";"Turistické informační centrum - náměstí K. V. Raise, Lázně Bělohrad (http://www.lazne-belohrad.cz/mesto/informacni-centrum/)"
"407";"Poděbrady";"Česká Republika";"Turistická známka";"Historická města, Lázně";"Nymburk";"Středočeský kraj";"TIC, Nám. T.G. Masaryka 210/17 (budova vlakového nádraží), Poděbrady (https://www.facebook.com/ticpodebrady/)
Polabské muzeum, Na Dláždění 68/25, Poděbrady (https://www.polabskemuzeum.cz/)
Prodejna tisku a upomínkových předmětů, Divadelní ulice
Galerie Ludvíka Kuby Poděbrady
Restaurace Na kempu, Poděbrady"
"408";"Pelhřimov";"Česká Republika";"Turistická známka";"Historická města";"Pelhřimov";"Kraj Vysočina";"Infocentrum, Pelhřimov, Masarykovo nám. 10 (http://www.pelhrimovsko.cz/cz/turisticky-servis/turisticke-informacni-centrum.htm)
Muzeum rekordů a kuriozit, Palackého 47, Pelhřimov (https://www.dobryden.cz/)
Muzeum rekordů a kuriozit, nábřeží Rekordů a kuriozit 811, Pelhřimov (https://www.dobryden.cz/)"
"409";"Rakovník";"Česká Republika";"Turistická známka";"Historická města";"Rakovník";"Středočeský kraj";"Informační centrum Rakovník, Husovo náměstí 114 (knihovna-rakovnik.cz)
Muzeum T.G.M., Vysoká 95, Rakovník (muzeumtgm.cz)"
"410";"Horažďovice - město";"Česká Republika";"Turistická známka";"Historická města, Vodácké řeky, Otava";"Klatovy";"Plzeňský kraj";"Městské muzeum Horažďovice, TIC - zámek (http://www.muzeumhd.cz/)"
"411";"Zámek Vsetín";"Česká Republika";"Turistická známka";"Zámky, Historická města";"Vsetín";"Zlínský kraj";"Infocentrum, Dolní náměstí 1356, Vsetín (http://www.ic-vsetin.cz/)
Muzeum regionu Valašsko, Horní náměstí 2, Vsetín (http://www.muzeumvalassko.cz/)"
"412";"Zámek Kinských Valašské Meziříčí";"Česká Republika";"Turistická známka";"Zámky";"Vsetín";"Zlínský kraj";"Zámek Valašské Meziříčí, Zámecká 3 (rekonstrukce do cca 11/2021) (http://www.muzeumvalassko.cz/)
TIC, Komenského 169, Valašské Meziříčí (http://www.info-vm.cz/)"
"413";"Tvrz Bošovice";"Česká Republika";"Turistická známka";"Zámky";"Vyškov";"Jihomoravský kraj";"Obecní úřad Bošovice (obec-bosovice.cz)
Papouščí Zoologická zahrada Bošovice - pokladna (papouscizoo.cz)"
"414";"Zámek Nelahozeves";"Česká Republika";"Turistická známka";"Zámky, Vltava";"Mělník";"Středočeský kraj";"Zámecká prodejní galerie, Nelahozeves (https://www.lobkowicz.cz/nelahozeves)
Infocentrum Nelahozeves (https://infocentrum.nelahozeves.cz/)"
"415";"Zámek Zbiroh";"Česká Republika";"Turistická známka";"Zámky";"Rokycany";"Plzeňský kraj";"Zámek Zbiroh - pokladna (http://www.zbiroh.com/cz/)
Infocentrum, Masarykovo náměstí 624, Zbiroh (http://www.zbiroh.com/cz/)"
"416";"Zámek Brtnice";"Česká Republika";"Turistická známka";"Zámky";"Jihlava";"Kraj Vysočina";"Hoffmannův dům, náměstí Svobody 263, Brtnice (http://www.moravska-galerie.cz/)"
"417";"Zámek Jaroměřice nad Rokytnou";"Česká Republika";"Turistická známka";"Zámky";"Třebíč";"Kraj Vysočina";"Zámek Jařoměřice nad Rokytnou (zamek-jaromerice.cz)
Infocentrum, Jaroměřice nad Rokytnou (jaromericenr.cz)
Hotel Opera, Komenského 996, Jaroměřice nad Rokytnou (https://hotelopera.cz/)"
"418";"Lovecký zámek Ohrada";"Česká Republika";"Turistická známka";"Zámky";"České Budějovice";"Jihočeský kraj";"Zámek Ohrada, Hluboká nad Vltavou (nzm.cz/ohrada/)
Infocentrum, Zborovská 80, Hluboká nad Vltavou (https://www.hluboka.cz/)
Knihkupectví - antikvariát, Hluboká nad Vltavou
Hračky, Masarykova 976, Hluboká nad Vltavou (http://www.suvenyryhluboka.cz/)
Velké parkoviště, Hluboká nad Vltavou (hluboka.cz)"
"419";"Zámek Třebíč";"Česká Republika";"Turistická známka";"Zámky";"Třebíč";"Kraj Vysočina";"Zámek Třebíč - pokladna (zamek-trebic.cz)
TIC Zadní synagoga, Subakova 1/44, Třebíč (https://www.mkstrebic.cz/turisticka-informacni-centra/)
TIC Národní dům, Karlovo náměstí 47, Třebíč (stará verze) (https://www.mkstrebic.cz/turisticka-informacni-centra/)"
"420";"Velké Meziříčí - zámek";"Česká Republika";"Turistická známka";"Zámky";"Žďár nad Sázavou";"Kraj Vysočina";"Muzeum Velké Meziříčí, Zámecké schody 1200/4 (muzeumvm.cz)
Infocentrum Velké Meziříčí, Radnická 29/1 (mestovm.cz)"
"421";"Zámek Vlašim";"Česká Republika";"Turistická známka";"Zámky";"Benešov";"Středočeský kraj";"Kulturní dům Blaník - Podblanické Infocentrum, Zámek 4, Vlašim (http://www.vlasimskypark.cz/)
Muzeum Podblanicka, ul. Zámek 1/6, Vlašim (muzeumpodblanicka.cz)
Muzeum Podblanicka - Secesní dům, Malé náměstí 74, Benešov (muzeumpodblanicka.cz/)
Na Koupáku, Na lukách 1921, Vlašim (http://www.nakoupaku.cz/)"
"422";"Zámek Vrchlabí";"Česká Republika";"Turistická známka";"Zámky";"Trutnov";"Královéhradecký kraj";"Návštěvnické centrum KRNAP, Nám. Míru 223, Vrchlabí (https://www.krnap.cz/ic-vrchlabi/)
Regionální turistické informační centrum, Husova 210, Vrchlabí (krkonose.eu)"
"423";"Stará Ves nad Ondřejnicí";"Česká Republika";"Turistická známka";"Zámky";"Ostrava-město";"Moravskoslezský kraj";"Obecní úřad Stará Ves nad Ondřejnicí (staraves.cz)
Zámecká restaurace, Stará Ves nad Ondřejnicí (zameckastaraves.cz)
Cukrárna U Dědoušků, Nad školou 444, Stará Ves nad Ondřejnicí (staraves.cz)"
"424";"Zámek Vrchotovy Janovice";"Česká Republika";"Turistická známka";"Zámky";"Benešov";"Středočeský kraj";"Zámek Vrchotovy Janovice (https://www.nm.cz/navstivte-nas/objekty/zamek-vrchotovy-janovice)
Restaurace na Rychtě, Vrchotovy Janovice č. p. 2 (https://www.facebook.com/Restaurace-Na-Rycht%C4%9B-1517718038548291/)
Průmyslové zboží, Vrchotovy Janovice 218"
"425";"Benátky nad Jizerou";"Česká Republika";"Turistická známka";"Zámky";"Mladá Boleslav";"Středočeský kraj";"Infocentrum Benátky nad Jizerou (http://is.benatky.cz/)
Muzeum Benátky nad Jizerou (http://www.muzeumbenatky.cz/)"
"426";"Bělá pod Bezdězem";"Česká Republika";"Turistická známka";"Zámky";"Mladá Boleslav";"Středočeský kraj";"Zámek Bělá pod Bezdězem (https://www.mkzbela.cz/zamek/)
Infocentrum, Masarykovo nám. 140, Bělá pod Bezdězem (mkzbela.cz)"
"427";"Zámek Mělník";"Česká Republika";"Turistická známka";"Zámky, Vltava";"Mělník";"Středočeský kraj";"Zámek Mělník - Butique (lobkowicz-melnik.cz)
Regionální muzeum, náměstí Míru 54, Mělník (muzeum-melnik.cz)
Turistické informační centrum, Legionářů 51, Mělník (https://ticmelnik.cz/)
Kostel sv. Petra a Pavla - kostnice (http://www.farnostmelnik.cz/#utm_source=mapy.cz&utm_medium=ppd&utm_campaign=firmy.cz-13261085)
Věž kostela Mělník - pokladna (http://www.farnostmelnik.cz/#utm_source=mapy.cz&utm_medium=ppd&utm_campaign=firmy.cz-13261085)"
"428";"Rybniční zámeček Lednice";"Česká Republika";"Turistická známka";"Zámky, Lednicko-valtický areál";"Břeclav";"Jihomoravský kraj";"Lednice - Rybniční zámeček (při konání kultu. akcí)
Turistické informační centrum Nový Dvůr u Břeclavi (http://www.novydvur.eu/)
Turistické Infocentrum, Malinovského 25, Lednice (https://www.lednice.cz/obec/turista/turisticke-informacni-centrum/)
Obchod se suvenýry u pokladny II. okruhu, Zámek Lednice
Suvenýry na zámku Dekora, Lednice
Suvenýry ve Světě pohádek a strašidel, Valtice (https://svetpohadek.cz/)"
"429";"Zámek Boskovice";"Česká Republika";"Turistická známka";"Zámky";"Blansko";"Jihomoravský kraj";"Zámek Boskovice, Hradní 6 (zamekboskovice.cz)
Infocentrum, Masarykovo nám. 1, Boskovice (boskovice.cz)"
"430";"Spálené Poříčí";"Česká Republika";"Turistická známka";"Zámky";"Plzeň-jih";"Plzeňský kraj";"Infocentrum, nám.Svobody 138, Spálené Poříčí (http://www.spaleneporici.cz/)"
"431";"Frýdštejn";"Česká Republika";"Turistická známka";"Hrady";"Jablonec nad Nisou";"Liberecký kraj";"Hrad Frýdštejn (http://www.frydstejn.cz/)
Informační centrum Maloskalsko, Labe 687, Malá Skála (https://www.infocentrum-maloskalsko.cz/)
Infoshop Vejměnek, Malá Skála 12 (http://www.vejmenek.cz/)
Hrad Vranov Pantheon - kasa
Penzion Vila Frýdštejn (https://penzion-frydstejn.cz/)"
"432";"Hrad Skály - Štarkov";"Česká Republika";"Turistická známka";"Hrady";"Žďár nad Sázavou";"Kraj Vysočina";"Penzion Kukla, Kuklík 73 (http://www.penzionkukla.cz/)
TIC, Masarykovo nám. 1, Bystřice nad Pernštejnem (https://info.bystricenp.cz/)
Bistro K + C, Náměstí J. Karafiátka 18, Jimramov
Hospůdka u Trakaře, Javorek 6 (https://www.hospudkautrakare.cz/)"
"433";"Cimburk - Městečko Trnávka";"Česká Republika";"Turistická známka";"Hrady";"Svitavy";"Pardubický kraj";"Průmyslové zboží, Městečko Trnávka 201 (regionmtj.cz)
Městské informační centrum, náměstí T. G. Masaryka 29 (https://ic.moravskatrebova.cz/)
Městečko Trnávka - obecní úřad"
"434";"Hrad Helfenburk u Bavorova";"Česká Republika";"Turistická známka";"Hrady";"Strakonice";"Jihočeský kraj";"Infocentrum, nám. Svobody 18, Vodňany (http://www.infocentrumvodnany.cz/infocentrum)
Hrad Helfenburk"
"435";"Hrad Choustník";"Česká Republika";"Turistická známka";"Hrady";"Tábor";"Jihočeský kraj";"Hrad Choustník - pokladna (obec-choustnik.cz)
Obecní úřad, Choustník (obec-choustnik.cz)"
"436";"Hrad Vítkův Hrádek";"Česká Republika";"Turistická známka";"Hrady";"Český Krumlov";"Jihočeský kraj";"Hrad Vítkův Hrádek (http://www.vitkuvhradek.eu/)
Obchodní domek Rillich, Frymburk (https://www.rillich.cz/)
Infocentrum, Náměstí 8, Horní Planá (https://www.sumava-lipno.eu/)
Klientské informační centrum, Lipno nad Vltavou 307 (https://www.lipno.info/)
Lipno Info Point, Lipno nad Vltavou 124"
"437";"Hrad Střekov";"Česká Republika";"Turistická známka";"Hrady";"Ústí nad Labem";"Ústecký kraj";"Hrad Střekov (hradstrekov.cz)"
"438";"Příběnice";"Česká Republika";"Turistická známka";"Hrady, Lužnice";"Tábor";"Jihočeský kraj";"Penzion Příběnice (http://www.penzionpribenice.cz/)
Infocentrum a knihovna Malšice (www.malsice.eu)"
"439";"Hrad Dobronice";"Česká Republika";"Turistická známka";"Hrady, Lužnice";"Tábor";"Jihočeský kraj";"Penzion U Kaštanu (na návsi), Dobronice (http://penzionukastanu.cz/)
Občerstvení u hradu, Dobronice (http://dobronice.ubytovani.sweb.cz/)
Zámek Bechyně - suvenýry (http://www.panstvi-bechyne.cz/)
Touristinformation, náměstí T. G. M. 5, Bechyně (http://www.visitbechyne.cz/)"
"440";"Zámek a zřícenina hradu Kolštejn";"Česká Republika";"Turistická známka";"Hrady";"Šumperk";"Olomoucký kraj";"Hrad Kolštejn - pokladna, Branná (https://chateaugoldenstein.com/)
Relax centrum Kolštejn (relaxkolstejn.cz)
Informační centrum, Branná 62 (http://www.icbranna.cz/)"
"441";"Hrad Krašov";"Česká Republika";"Turistická známka";"Hrady, Berounka";"Plzeň-sever";"Plzeňský kraj";"Hrad Krašov - pokladna (http://hradkrasov.cz/)
Areál na Rybárně, Rakolusky (narybarne.eu)
Hotel Berounka, Liblín 23 (https://hotelberounka.cz/)
Smíšené zboží na náměstí, Liblín
Infocentrum a muzeum, Radnice (muzeumradnice.cz)"
"442";"Hrad Michalovice";"Česká Republika";"Turistická známka";"Hrady";"Mladá Boleslav";"Středočeský kraj";"Hrad Michalovice
Infocentrum, Železná 107, Mladá Boleslav (https://www.mladoboleslavsko.eu/)"
"443";"Hrad Mladá Boleslav";"Česká Republika";"Turistická známka";"Hrady";"Mladá Boleslav";"Středočeský kraj";"Hrad Mladá Boleslav (https://www.muzeummb.cz/)
Infocentrum, Železná 107, Mladá Boleslav (https://www.mladoboleslavsko.eu/)"
"444";"Hrad Rýzmberk";"Česká Republika";"Turistická známka";"Hrady";"Domažlice";"Plzeňský kraj";"Rýzmberská hospůdka (https://hradryzmberk.webnode.cz/)
Infocentrum, Nádražní 314, Kdyně (http://www.kdyne.cz/mesto/informace-o-meste/kulturni-zarizeni/)"
"445";"Hrad Seeberg - Ostroh";"Česká Republika";"Turistická známka";"Hrady";"Cheb";"Karlovarský kraj";"Hrad Seeberg, Poustka - Ostroh (muzeum-frantiskovylazne.cz)
Hotel Seeberg, Ostroh (www.seeberg.cz)
Infocentrum, Máchova 8/373, Františkovy Lázně (www.frantiskovy-lazne.info)"
"446";"Hrad Helfenburk";"Česká Republika";"Turistická známka";"Hrady";"Litoměřice";"Ústecký kraj";"Hrad Helfenburk (http://www.hrady.cz/?OID=356)
Infocentrum, Mírové náměstí 47, Úštěk (mesto-ustek.cz)
Galerie U brány, Úštěk (https://www.galerie-ubrany.cz/)
Úštěcká Šatlava (historicky-ustek.wbs.cz)
Víno dárky čaje, 1. máje 5, Úštěk (https://www.vinodarkycaje.cz/)"
"447";"Hrad Hasištejn";"Česká Republika";"Turistická známka";"Hrady";"Chomutov";"Ústecký kraj";"Hrad Hasištejn - pokladna (http://www.hasistejn.cz/#utm_source=mapy.cz&utm_medium=ppd&utm_campaign=firmy.cz-13298006)"
"448";"Hrad Vrškamýk - Kamýk nad Vltavou";"Česká Republika";"Turistická známka";"Hrady, Vltava";"Příbram";"Středočeský kraj";"Informační centrum Kamýk nad Vltavou (obeckamyk.cz)
Vorařská hospoda U Krůtů, Kamýk nad Vltavou (obeckamyk.cz)"
"449";"Hrad Buben";"Česká Republika";"Turistická známka";"Hrady";"Plzeň-sever";"Plzeňský kraj";"Restaurace Kotva, Hracholusky 98 (kotva-hracholusky.cz)
Suvenýry U hráze, Hracholusky"
"450";"Hrad Orlík u Humpolce";"Česká Republika";"Turistická známka";"Hrady";"Pelhřimov";"Kraj Vysočina";"Hrad Orlík, Humpolec - Rozkoš (http://www.hrad-orlik.cz)
Infocentrum, Havlíčkovo náměstí 91, Humpolec (infohumpolec.cz)"
"451";"Uherské Hradiště";"Česká Republika";"Turistická známka";"Historická města";"Uherské Hradiště";"Zlínský kraj";"Infocentrum, Masarykovo náměstí 21, Uherské Hradiště (https://www.slovacko.cz/)"
"452";"Slaný - město";"Česká Republika";"Turistická známka";"Historická města";"Kladno";"Středočeský kraj";"Infocentrum, Velvarská 136/1, Slaný (infoslany.cz)
Vlastivědné muzeum, Masarykovo nám. 159, Slaný (http://www.muzeum.slansko.cz/)"
"453";"Benešov";"Česká Republika";"Turistická známka";"Historická města";"Benešov";"Středočeský kraj";"Snack bar na parkovišti, Konopiště (https://www.facebook.com/cafekonopiste/photos/a.1746045005608633/2820837634796026/)
Muzeum Podblanicka - Secesní dům, Malé náměstí 74, Benešov (muzeumpodblanicka.cz/)
Parkoviště Konopiště - Ferdinand bar
Turistické informační centrum Benešov (http://www.kicbenesov.cz)"
"454";"Holice";"Česká Republika";"Turistická známka";"Historická města";"Pardubice";"Pardubický kraj";"Africké muzeum Dr. Emila Holuba, Holubova 768, Holice (holubovomuzeum.cz)"
"455";"Mladá Boleslav";"Česká Republika";"Turistická známka";"Historická města";"Mladá Boleslav";"Středočeský kraj";"Infocentrum, Železná 107, Mladá Boleslav (https://www.mladoboleslavsko.eu/)"
"456";"Humpolec";"Česká Republika";"Turistická známka";"Historická města";"Pelhřimov";"Kraj Vysočina";"Hrad Orlík, Humpolec - Rozkoš (http://www.hrad-orlik.cz)
Infocentrum, Havlíčkovo náměstí 91, Humpolec (infohumpolec.cz)
Muzeum Dr. Aleše Hrdličky, Horní náměstí 273, Humpolec (http://infohumpolec.cz/muzeum/)"
"457";"Kopřivnice";"Česká Republika";"Turistická známka";"Historická města";"Nový Jičín";"Moravskoslezský kraj";"Technické muzeum TATRA, Kopřivnice (tatramuseum.cz)
Muzeum Fojtství, Kopřivnice (tatramuseum.cz)
Informační centrum, Obránců míru 368, Kopřivnice (https://www.kdk.cz/)"
"458";"Mariánské Lázně";"Česká Republika";"Turistická známka";"Historická města, Lázně, Slavkovský les";"Cheb";"Karlovarský kraj";"Infocentrum, Hlavní 47, Mariánské Lázně (marianskelazne.cz)
Stánky u Karolininy kolonády, Mariánské Lázně
KV Suvenýr s.r.o., Lázeňská kolonáda, Mariánské Lázně
Tabák Columbus,Hlavní 668, Mariánské Lázně
Spa Products, Mariánské Lázně"
"459";"Chrudim";"Česká Republika";"Turistická známka";"Historická města";"Chrudim";"Pardubický kraj";"Muzeum loutkářských kultur, Chrudim (puppets.cz)
Infocentrum, Resselovo náměstí 1, Chrudim (http://www.chrudimsky.navstevnik.cz/sluzby/informacni-centrum/)"
"460";"Město Jeseník";"Česká Republika";"Turistická známka";"Historická města";"Jeseník";"Olomoucký kraj";"IC Katovna, Palackého 12, Jeseník (http://www.jesenik.org/ic)
Vlastivědné muzeum Jesenicka, Jeseník (muzeum.jesenik.net)
Recepce hotelu Slovan, Masarykovo nám. 23/4, Jeseník (priessnitz.cz)"
"461";"Rozhledna Kopanina";"Česká Republika";"Turistická známka";"Rozhledny a vyhlídky";"Jablonec nad Nisou";"Liberecký kraj";"Rozhledna Kopanina
Informační centrum Maloskalsko, Labe 687, Malá Skála (https://www.infocentrum-maloskalsko.cz/)
Infoshop Vejměnek, Malá Skála 12 (http://www.vejmenek.cz/)
Žlutá plovárna, Malá Skála (www.zlutaplovarna.cz)"
"462";"Rozhledna Černá Studnice";"Česká Republika";"Turistická známka";"Rozhledny a vyhlídky";"Jablonec nad Nisou";"Liberecký kraj";"Restaurace Černá Studnice (https://cernastudnice.eu/)
Řemeslná dílna v areálu Pěnčín (www.farmapencin.cz)
Infocentrum, nám. T. G. Masaryka 638, Smržovka (http://www.smrzovka.cz/mestska-knihovna-a-infocentrum-smrzovka/os-1058/p1=1006)"
"463";"Rozhledna nad Prosečí";"Česká Republika";"Turistická známka";"Rozhledny a vyhlídky";"Jablonec nad Nisou";"Liberecký kraj";"Infocentrum, Kostelní 1/6, Jablonec nad Nisou (http://www.jablonec.com)"
"464";"Rozhledna Frýdlant v Čechách";"Česká Republika";"Turistická známka";"Rozhledny a vyhlídky";"Liberec";"Liberecký kraj";"Rozhledna Frýdlantská výšina
Mechanický Betlém, Frýdlant v Čechách (https://www.mesto-frydlant.cz/cs/turista/zajimavosti-a-cile-ve-frydlantu/frydlantsky-betlem/)"
"465";"Rozhledna Sůkenická";"Česká Republika";"Turistická známka";"Rozhledny a vyhlídky";"Vsetín";"Zlínský kraj";"Hotel Sůkenická, Bílá, Staré Hamry (https://hotelsukenicka.cz/)
Bumbálka - Sýry Bumbálka"
"466";"Rozhledna Veselice - Podvrší";"Česká Republika";"Turistická známka";"Rozhledny a vyhlídky";"Blansko";"Jihomoravský kraj";"Rozhledna Podvrší (rozhledna-veselice.cz)
Infocentrumm, Veselice 17 (rozhledna-veselice.cz)"
"467";"Rozhledna Cvilín - Krnov";"Česká Republika";"Turistická známka";"Rozhledny a vyhlídky";"Bruntál";"Moravskoslezský kraj";"Rozhledna Cvilín, Krnov (https://www.infokrnov.cz/rozhledna-cvilin-uzavrena-2020/os-1326/p1=1491)
TIC, Hobzíkova 13/11, Krnov (https://www.infokrnov.cz/)"
"468";"Rozhledna Biskupská kupa";"Česká Republika";"Turistická známka";"Rozhledny a vyhlídky";"Jeseník";"Olomoucký kraj";"Rozhledna - Biskupská Kupa (zlatehory.cz)
Městské informační centrum, Zlaté Hory (zlatehory.cz)
Zlatokopecký skanzen, Zlaté Hory (https://zlatehory.cz/#utm_source=mapy.cz&utm_medium=ppd&utm_content=hledani&utm_term=Zlatokopeck%c3%bd%20skanzen%2c%20Zlat%c3%a9%2)"
"469";"Bohušův vrch - Planá";"Česká Republika";"Turistická známka";"Rozhledny a vyhlídky";"Tachov";"Plzeňský kraj";"Hornické muzeum Planá (https://www.hornickemuzeumplana.estranky.cz/)
Informační centrum Planá (http://www.plana.cz/)"
"470";"Petřín - Praha";"Česká Republika";"Turistická známka";"Rozhledny a vyhlídky";"Praha";"Hlavní město Praha";"Bufet Lanová Dráha na Petřín
Tourist point s.r.o, Wilsonova 300/8, Praha 2 (www.touristpoint.cz)
České muzeum hudby, Karmelitská 2, Praha 1 (https://www.nm.cz/navstivte-nas/objekty/ceske-muzeum-hudby)
TIC Středočeské centrály cest. ruchu, Husova 156/21, Praha 1 (https://www.centralbohemia.cz/)"
"471";"Tachov";"Česká Republika";"Turistická známka";"Historická města";"Tachov";"Plzeňský kraj";"Informační centrum, Náměstí Republiky 85, Tachov (http://www.mks.tachov.cz/)
Jízdárna Světce u Tachova (https://www.mkstc.cz/jizdarna-svetce.html)"
"472";"Přeštice";"Česká Republika";"Turistická známka";"Historická města";"Plzeň-jih";"Plzeňský kraj";"TIC, Masarykovo náměstí 311, Přeštice (http://kzprestice.cz/)
Dům historie Přešticka, Třebízského 24, Přeštice (dumhistorie.cz)"
"473";"Moravský Krumlov";"Česká Republika";"Turistická známka";"Historická města";"Znojmo";"Jihomoravský kraj";"Infocentrum, Moravský Krumlov (http://www.mkrumlov.cz/turisticke-informace.html)
Zámek Moravský Krumlov (http://www.mkrumlov.cz/pamatky-mesta.html)"
"474";"Plzeň";"Česká Republika";"Turistická známka";"Historická města";"Plzeň-město";"Plzeňský kraj";"Informační centrum města Plzeň, náměstí Republiky 41 (https://www.visitplzen.eu/)
Vyhlídková věž sv. Bartoloměje, Plzeň (https://www.bip.cz/cs/katedrala-sv-bartolomeje)
ČD Centrum Plzeň (http://www.ceskedrahy.cz/tiskove-centrum/fotogalerie/nadrazi/-1208/)
Tabák, Náměstí republiky 29, Plzeň
Sklo - porcelán, Prešovská 14, Plzeň (https://www.plzen-info.cz/crystal/)"
"475";"Lázně Bohdaneč";"Česká Republika";"Turistická známka";"Historická města, Lázně";"Pardubice";"Pardubický kraj";"Městsko-lázeňské informační centrum Lázně Bohdaneč, Masarykovo nám. 41 (bohdanec.cz)"
"476";"Rokycany";"Česká Republika";"Turistická známka";"Historická města";"Rokycany";"Plzeňský kraj";"Infocentrum, Masarykovo náměstí 1, Rokycany (rokycany.cz)
Muzeum na demarkační linii, Rokycany (http://www.bahna.eu/)"
"477";"Ivančice";"Česká Republika";"Turistická známka";"Historická města";"Brno-venkov";"Jihomoravský kraj";"Infocentrum, Palackého 9, Ivančice, (https://ivancice.colosseum.eu/)"
"478";"Velká Bíteš";"Česká Republika";"Turistická známka";"Historická města";"Žďár nad Sázavou";"Kraj Vysočina";"Infocentrum, Masarykovo náměstí 67, Velká Bíteš (vbites.cz)
Restaurace U Raušů, Velká Bíteš (urausu.cz)"
"479";"Havlíčkův Brod";"Česká Republika";"Turistická známka";"Historická města, Sázava";"Havlíčkův Brod";"Kraj Vysočina";"Infocentrum, Havlíčkovo náměstí 87, Havlíčkův Brod (http://mic.muhb.cz/)
Muzeum Vysočiny, Havlíčkovo nám. 48, Havlíčkův Brod (muzeumhb.cz)
Knihkupectví a kavárna Vysočina, Havlíčkovo nám. 180, Havlíčkův Brod (http://www.knihyhb.cz/obchod/)"
"480";"Město Brno";"Česká Republika";"Turistická známka";"Historická města";"Brno-město";"Jihomoravský kraj";"Infocentrum POD KROKODÝLEM, Radnická 8, Brno (https://ticbrno.cz/informacni-centra/informacni-centrum-pod-krokodylem)
Infocentrum HLAVNÍ NÁDRAŽÍ, Brno (https://ticbrno.cz/informacni-centra/tic-brno-informacni-centrum-na-hlavnim-nadrazi)
IC Zámečnická, Zámečnická 90/2, Brno (https://ticbrno.cz/informacni-centra/informacni-centrum-to-je-brno)
ČD Centrum Brno (http://www.ceskedrahy.cz/tiskove-centrum/fotogalerie/nadrazi/-1208/)
Špilberk, pokladna - infocentrum (ticbrno.cz)
Diecézní muzeum, Petrov (petrovinfo.cz)
Knihkupectví a prodejna círk. potřeb, u katedrály sv. Petra a Pavla (http://www.donum.cz/)"
"481";"Hrad Oparno";"Česká Republika";"Turistická známka";"Hrady, Pohoří, České středohoří";"Litoměřice";"Ústecký kraj";"Penzion Oráč, Oparno 57 (http://www.penzion-orac.cz/)
Informační centrum Lovosice (http://www.meulovo.cz/)"
"482";"Hrad Skalka";"Česká Republika";"Turistická známka";"Hrady, Pohoří, České středohoří";"Litoměřice";"Ústecký kraj";"Zámek Skalka, Vlastislav 9 (https://www.obec-vlastislav.cz/)
Hospoda - občerstvení, Vlastislav 8 (https://www.obec-vlastislav.cz/)
Informační centrum Lovosice (http://www.meulovo.cz/)"
"483";"Hrad Ostrý";"Česká Republika";"Turistická známka";"Hrady, Pohoří, České středohoří";"Litoměřice";"Ústecký kraj";"Hostinec U mušketýra, Milešov
Občerstvení Chata Milešovka (http://ceskestredohori.info/labskastezka)
Informační centrum Lovosice (http://www.meulovo.cz/)
Infocentrum, nám. Míru 1, Benešov nad Ploučnicí (https://benesovnpl.cz/)"
"484";"Zámek Milešov";"Česká Republika";"Turistická známka";"Zámky, Pohoří, České středohoří";"Litoměřice";"Ústecký kraj";"Informační centrum Lovosice (http://www.meulovo.cz/)"
"485";"Hrad Kostomlaty";"Česká Republika";"Turistická známka";"Hrady, Pohoří, České středohoří";"Teplice";"Ústecký kraj";"Hrad Kostomlaty (https://www.facebook.com/SpolekprozachranuhraduKostomlaty)
Informační centrum Lovosice (http://www.meulovo.cz/)
Občerstvení Chata Milešovka (http://ceskestredohori.info/labskastezka)"
"486";"Třebenice";"Česká Republika";"Turistická známka";"Historická města, Pohoří, České středohoří";"Litoměřice";"Ústecký kraj";"Muzeum Českého Granátu, Třebenice (https://www.mesto-trebenice.cz/muzeum-ceskeho-granatu/d-83458)
Infocentrum, Masarykova 2, Třebenice (mesto-trebenice.cz)"
"487";"Bořeň";"Česká Republika";"Turistická známka";"Přírodní útvary a místa, CHKO a rezervace, Pohoří, České středohoří";"Teplice";"Ústecký kraj";"Informační centrum, Břežánská 50/4, Bílina (https://www.icbilina.cz/)"
"488";"Porta Bohemica";"Česká Republika";"Turistická známka";"Přírodní útvary a místa, Pohoří, České středohoří";"Litoměřice";"Ústecký kraj";"Městské informační centrum, Mírové náměstí, Litoměřice (https://www.litomerice.cz/)
Chata Lovoš, Lovosice (http://chatalovos.eu/)
Informační centrum Lovosice (http://www.meulovo.cz/)
Infocentrum, Velké Žernoseky (velke-zernoseky.cz)"
"489";"Turistická chata na Lovoši";"Česká Republika";"Turistická známka";"Pohoří, Horské chaty a boudy, CHKO a rezervace, Rozhledny a vyhlídky, České středohoří";"Litoměřice";"Ústecký kraj";"Chata Lovoš, Lovosice (http://chatalovos.eu/)
Informační centrum Lovosice (http://www.meulovo.cz/)"
"490";"Milešovka";"Česká Republika";"Turistická známka";"Pohoří, Rozhledny a vyhlídky, Přírodní útvary a místa, České středohoří";"Litoměřice";"Ústecký kraj";"Občerstvení Chata Milešovka (http://ceskestredohori.info/labskastezka)
Informační centrum Lovosice (http://www.meulovo.cz/)
Infocentrum Litoměřice (http://ceskestredohori.info/labskastezka)"
"491";"Žatec";"Česká Republika";"Turistická známka";"Historická města, Ohře";"Louny";"Ústecký kraj";"Infocentrum, náměstí Svobody 149, Žatec (http://www.infozatec.cz/informacni-centrum-zatec/)
Chmelařské muzeum, nám. Prokopa Velkého 1952, Žatec (http://www.chmelarskemuzeum.cz/)
IC Chrámu Chmele a Piva, nám. Prokopa Velkého 1951, Žatec (https://www.chchp.cz/)
Restaurace U Zlatého beránka, Hošťálkovo nám. 138, Žatec (https://u-zlateho-beranka.webnode.cz/)
Mlsná koza, Dvořákova 22, Žatec (https://www.facebook.com/mlsna.koza.zatec)"
"492";"Přerov";"Česká Republika";"Turistická známka";"Historická města";"Přerov";"Olomoucký kraj";"Infocentrum, Nám. T. G. Masaryka 7, Přerov (https://www.prerov.eu/)
Zámek, Horní náměstí 1/1, Přerov (prerovmuzeum.cz)
ČD centrum, Přerov (http://www.ceskedrahy.cz/tiskove-centrum/fotogalerie/nadrazi/-1208/)"
"493";"Město Bílovec";"Česká Republika";"Turistická známka";"Historická města";"Nový Jičín";"Moravskoslezský kraj";"Infocentrum, Zámecká 691/5, Bílovec (https://icko.kcbilovec.cz/cz/)"
"494";"Město Příbram";"Česká Republika";"Turistická známka";"Historická města";"Příbram";"Středočeský kraj";"Turistické informační centrum města Příbram, Pražská 129 (https://pribram.eu/)
Hornické muzeum, Příbram (muzeum-pribram.cz)
Důl Anna - Prokopská štola, Příbram (muzeum-pribram.cz)"
"495";"Beroun";"Česká Republika";"Turistická známka";"Historická města, Berounka";"Beroun";"Středočeský kraj";"Městské informační centrum, Husovo náměstí 69, Beroun (mkcberoun.cz/mic)
Muzeum Českého Krasu, Husovo náměstí 87, Beroun (muzeum-beroun.cz)
Bistro na Městské hoře, Beroun"
"496";"Kouřim";"Česká Republika";"Turistická známka";"Historická města";"Kolín";"Středočeský kraj";"Infocentrum, Mírové náměstí 1, Kouřim (https://www.mestokourim.cz/)
Turistické informační centrum Kolín, Karlovo náměstí 8, Kolín (http://www.muzeumkolin.cz/)
ČS EuroOil – čerpací stanice, Kolínská 437, Kouřim (https://mapy.cz/turisticka?q=lech%C5%AFv%20k%C3%A1men&source=base&id=1912751&ds=2&x=14.9862628&)"
"497";"Říčany";"Česká Republika";"Turistická známka";"Historická města";"Praha-východ";"Středočeský kraj";"TIC, Masarykovo nám. 83/1, Říčany (laduv-kraj.cz)"
"498";"Jílové u Prahy";"Česká Republika";"Turistická známka";"Historická města";"Praha-západ";"Středočeský kraj";"Regionální muzeum, Masarykovo nám. 16, Jílové u Prahy (http://muzeumjilove.cz/)"
"499";"Louny";"Česká Republika";"Turistická známka";"Historická města, Ohře";"Louny";"Ústecký kraj";"Infocentrum, Pražská 95, Louny (http://www.louny.eu/)
Bazén Louny, Prokopa Holého 2969, Louny (https://www.bazenlouny.cz/kontakt/)"
"500";"Hlavní město Praha";"Česká Republika";"Turistická známka";"Historická města";"Praha";"Hlavní město Praha";"Prague tourist information, Mostecká 4, Praha 1 (prague-information.eu/)
Tourist point s.r.o, Wilsonova 300/8, Praha 2 (www.touristpoint.cz)
Bufet Lanová Dráha na Petřín
ČD Centrum, hl. nádraží Praha (http://www.ceskedrahy.cz/tiskove-centrum/fotogalerie/nadrazi/-1208/)
Prodejna Kodak Expres,Axio - Celetná 3, Praha 1 (fotodarky.cz)
Café galerie, Zlatá ulička u Daliborky 32, Praha 1 (https://www.instagram.com/cafegalerie2020/)
TIC Středočeské centrály cest. ruchu, Husova 156/21, Praha 1 (https://www.centralbohemia.cz/)"
"501";"Vimperk";"Česká Republika";"Turistická známka";"Pohoří, Historická města, Hrady, Šumava";"Prachatice";"Jihočeský kraj";"Státní zámek Vimperk (https://www.zamek-vimperk.cz/cs)
Informační středisko, nám. Svobody 42, Vimperk (https://vimperk.cz/)
Trafika Camelie, Pivovarská 2, Vimperk
Železniční stanice Vimperk, Špidrova ul. (http://spzs.sweb.cz/)"
"502";"Turnerova chata";"Česká Republika";"Turistická známka";"Stezky a trasy, Pohoří, Horské chaty a boudy, Šumava";"Klatovy";"Plzeňský kraj";"Turnerova chata a kiosek (http://www.turnerovachata.cz/)
Informační centrum, Srní 106 (sumava.net/srni)
Informační středisko, Horská Kvilda 40 (http://horskakvilda.eu/)"
"503";"Stožecká kaple";"Česká Republika";"Turistická známka";"Pohoří, Památná místa a obce, Šumava";"Prachatice";"Jihočeský kraj";"Informační středisko NP Šumava, Stožec (https://www.npsumava.cz/navstivte-sumavu/navstevnicka-centra/informacni-stredisko-stozec/)
Infocentrum, Horní Vltavice 119 (https://www.hornivltavice.cz/ouhornivltavice/)"
"504";"Horní Planá";"Česká Republika";"Turistická známka";"Pohoří, Památná místa a obce, Šumava, Vltava";"Český Krumlov";"Jihočeský kraj";"Infocentrum, Náměstí 8, Horní Planá (https://www.sumava-lipno.eu/)
Obchod ,, U Pešků "", Náměstí 50, Horní Planá (https://www.upesku.com/)
Klientské informační centrum, Lipno nad Vltavou 307 (https://www.lipno.info/)"
"505";"Frymburk";"Česká Republika";"Turistická známka";"Pohoří, Lodní doprava, Památná místa a obce, Šumava, Vltava";"Český Krumlov";"Jihočeský kraj";"Infocentrum, náměstí 5, Frymburk - budova Muzea (https://www.frymburk.info/)
Hotel Maxant, Frymburk 80 (https://www.hotelmaxant.cz/cs/)
Obchod se suvenýry ALDA, náměstí - Frymburk
Obchůdek Sluníčko, Frymburk 77
Obchodní domek Rillich, Frymburk (https://www.rillich.cz/)
Camping Resort Frymburk (https://www.campingfrymburk.cz/)
Klientské informační centrum, Lipno nad Vltavou 307 (https://www.lipno.info/)"
"506";"Prášilské jezero";"Česká Republika";"Turistická známka";"Pohoří, Přírodní útvary a místa, Šumava";"Klatovy";"Plzeňský kraj";"Infocentrum, Prášily 110 (https://sumavanet.cz/icprasily/)
Chata KČT, Prášily 100
Hostinec u Michala, Prášily 111 (https://www.prasilskyraj.cz/)
Inf. středisko NP Šumava, Sušická 399, Kašperské Hory (https://www.npsumava.cz/navstivte-sumavu/navstevnicka-centra/informacni-stredisko-kasperske-hory/)"
"507";"Město Hartmanice";"Česká Republika";"Turistická známka";"Pohoří, Historická města, Šumava";"Klatovy";"Plzeňský kraj";"Infocentrum, Hartmanice 40 (http://www.muhartmanice.cz/)
Horská synagoga - Hartmanice (www.hartmanice.cz)"
"508";"Bučina a Knížecí Pláně";"Česká Republika";"Turistická známka";"Pohoří, Památná místa a obce, Šumava";"Prachatice";"Jihočeský kraj";"Penzion Hájenka, Knížecí Pláně 1, Borová Lada (http://knizeciplane.cz/hajenka/)
Informační centrum Borová Lada č.p. 41 (https://www.facebook.com/ICBorovaLada)
Infocentrum, Horní Vltavice 119 (https://www.hornivltavice.cz/ouhornivltavice/)
Suvenýry U RYSA, Kvilda 18
Turistické centrum Chata Terezka, Kvilda 35 (https://chataterezka.cz/)
Informační středisko NP a CHKO Šumava, Kvilda (https://www.npsumava.cz/navstivte-sumavu/navstevnicka-centra/informacni-stredisko-kvilda/)
Informační středisko, Horská Kvilda 40 (http://horskakvilda.eu/)"
"509";"Schwarzenberský plavební kanál";"Česká Republika";"Turistická známka";"Pohoří, Technické památky, Šumava";"Prachatice";"Jihočeský kraj";"Občerstvení u Jirásků, Jelení 46, Nová Pec
Informační středisko NP Šumava, Stožec (https://www.npsumava.cz/navstivte-sumavu/navstevnicka-centra/informacni-stredisko-stozec/)
Infocentrum, Nové Chalupy 41, Nová Pec (https://www.novapec.eu/)
Občerstvení Říjiště, Nová Pec (https://www.rijiste.cz/)
Wellness Hotel Marlin, Nové Chalupy 1, Nová Pec (www.wellnesshotelmarlin.cz)
Infocentrum, Náměstí 8, Horní Planá (https://www.sumava-lipno.eu/)"
"510";"Pancíř - Šumava";"Česká Republika";"Turistická známka";"Pohoří, Ski areály, Rozhledny a vyhlídky, Horské chaty a boudy, Šumava";"Klatovy";"Plzeňský kraj";"Hotel Karl, sedlo Špičák (http://www.karl.cz/)
Informační centrum, 1. máje 12, Železná Ruda (http://www.sumavanet.cz/itcruda/)
Smíšený obchod Stará pošta, Hojsova Stráž 2, Železná Ruda
AdamOliver Dárky a dekorace (www.Adamolivertravel.CZ)"
"511";"Zámek Blatná";"Česká Republika";"Turistická známka";"Zámky";"Strakonice";"Jihočeský kraj";"Zámek Blatná (http://www.zamek-blatna.cz/)
Infocentrum, tř. J. P. Koubka 4, Blatná (http://www.mesto-blatna.cz/volny-cas/informacni-centrum/)"
"512";"Hradiště - Blovice";"Česká Republika";"Turistická známka";"Zámky";"Plzeň-jih";"Plzeňský kraj";"Zámek Hradiště, Zámek 1, Blovice (https://www.muzeum-blovice.cz/)"
"513";"Zámek Mníšek pod Brdy";"Česká Republika";"Turistická známka";"Zámky";"Praha-západ";"Středočeský kraj";"Zámek Mníšek pod Brdy (https://www.zamek-mnisek.cz/cs)
Městský úřad Mníšek pod Brdy (https://www.mnisek.cz/)"
"514";"Zámek Dobříš";"Česká Republika";"Turistická známka";"Zámky";"Příbram";"Středočeský kraj";"Zámek Dobříš (suvenýry) (https://zamekdobris.cz/cs/)
Informační středisko, Mírové náměstí 103, Dobříš (http://www.ic.mestodobris.cz/)"
"515";"Zámek Vysoká u Příbrami";"Česká Republika";"Turistická známka";"Zámky";"Příbram";"Středočeský kraj";"Turistické informační centrum města Příbram, Pražská 129 (https://pribram.eu/)
Muzeum Antonína Dvořáka, Vysoká u Příbrami (https://www.nm.cz/)"
"516";"Zámek Vysoký Chlumec";"Česká Republika";"Turistická známka";"Hrady, Zámky, Památná místa a obce";"Příbram";"Středočeský kraj";"Skanzen Vysoký Chlumec (https://muzeum-pribram.cz/cz/novinky/)
Infocentrum, Vysoký Chlumec 14 (https://www.vysokychlumec.eu/infocentrum/)"
"517";"Zámek Tochovice";"Česká Republika";"Turistická známka";"Zámky";"Příbram";"Středočeský kraj";"Hospůdka u Chocholouška, Tochovice 24 (http://www.uchocholouska.cz/)"
"518";"Zámek Zásmuky";"Česká Republika";"Turistická známka";"Zámky";"Kolín";"Středočeský kraj";"Infocentrum, Komenského 133, Zásmuky (https://www.zasmuky.cz/)"
"519";"Zámek Suchdol";"Česká Republika";"Turistická známka";"Zámky";"Kutná Hora";"Středočeský kraj";"Obecní úřad, Suchdol 1 (Suchdol u Kutné Hory) (https://www.obecsuchdol.cz/)"
"520";"Zámek Červená Řečice";"Česká Republika";"Turistická známka";"Zámky";"Pelhřimov";"Kraj Vysočina";"Městský úřad, Červená Řečice 19
Zámek Červená Řečice (www.cervenarecice.cz)"
"521";"Svatá Hora u Příbrami";"Česká Republika";"Turistická známka";"Církevní památky";"Příbram";"Středočeský kraj";"Turistické informační centrum města Příbram, Pražská 129 (https://pribram.eu/)
Svatohorské poutní muzeum a prodejna - Svatá Hora (svata-hora.cz)
Prodejna Charistella na Svaté Hoře (https://www.charistella.cz/)"
"522";"Klášter Želiv";"Česká Republika";"Turistická známka";"Církevní památky";"Pelhřimov";"Kraj Vysočina";"Klášter Želiv - Návštěvnické centrum (https://www.zeliv.eu/)"
"523";"Jiřetín pod Jedlovou";"Česká Republika";"Turistická známka";"Církevní památky, Památná místa a obce";"Děčín";"Ústecký kraj";"Štola sv. Jana Evangelisty, Jiřetín pod Jedlovou (jiretin.cz)
Informační centrum, Náměstí Jiřího 300, Jiřetín pod Jedlovou (http://www.jiretin.cz/)"
"524";"Křížový Vrch u Jeseníku";"Česká Republika";"Turistická známka";"Církevní památky, Památná místa a obce";"Jeseník";"Olomoucký kraj";"IC Katovna, Palackého 12, Jeseník (http://www.jesenik.org/ic)"
"525";"Hora Matky Boží Králíky";"Česká Republika";"Turistická známka";"Církevní památky";"Ústí nad Orlicí";"Pardubický kraj";"Obchod Peregrin - klášter, Kopeček - Králíky (http://www.klasterkraliky.cz/)
Poutní dům, Kopeček 2, Králiky (https://www.poutnidum.com/)"
"526";"Marie pomocná - Zlaté Hory";"Česká Republika";"Turistická známka";"Církevní památky";"Jeseník";"Olomoucký kraj";"Poutní místo Maria Hilf"
"527";"Chlum u Třeboně";"Česká Republika";"Turistická známka";"Církevní památky, Památná místa a obce";"Jindřichův Hradec";"Jihočeský kraj";"Informační středisko, Chlum u Třeboně 12 - budova České pošty (https://www.chlum-ut.cz/informacni-stredisko/os-1018/p1=1113)
Trafika u Hráze, Chlum u Třeboně
Resort Lesák, Chlum u Třeboně"
"528";"Kostel Panny Marie - Křtiny";"Česká Republika";"Turistická známka";"Církevní památky";"Blansko";"Jihomoravský kraj";"Zámek Křtiny - infocentrum (https://www.zamek-krtiny.cz/)
Infocentrum - obecní úřad, Křtiny (http://www.krtiny.cz/)
Hostinec U Farlíků, Křtiny 21 (farlikovi.websnadno.cz)
Pension U Faustů, Křtiny 62 (http://ufaustu.cz/)
Výletní cukrárna a Retro muzeum, Křtiny 28 (http://www.krtiny.cz/)
Školní lesní podnik Křtiny, Masarykův les - Arboretum Křtiny (www.slpkrtiny.cz)"
"529";"Svatý Jan pod Skalou";"Česká Republika";"Turistická známka";"Církevní památky";"Beroun";"Středočeský kraj";"Farní kostel, Svatý Jan pod Skalou (https://www.svatyjan.cz/)
Infocentrum, Svatý Jan pod Skalou 2 (https://www.svatyjan.cz/turistika-volny-cas/infocentrum/)
TCK7 – Turistické centrum Karlštejn 7 (https://www.karlstejnsko.cz/cs/)
Muzeum Betlémů, Karlštejn 11 (http://www.muzeumbetlemu.cz/)
Restaurace U Kapličky, Srbsko 209 (https://ukaplickysrbsko.cz/)"
"530";"Poutní areál Hejnice";"Česká Republika";"Turistická známka";"Církevní památky";"Liberec";"Liberecký kraj";"Klášter Hejnice, recepce (https://klasterhejnice.cz/cs/)
Cukrárna u kostela, Klášterní, Hejnice (https://www.facebook.com/cukrarnaukostela/)
Infocentrum, Klášterní 87, Hejnice (https://www.mestohejnice.cz/)
Kiosek - suvenýry na parkovišti Obří Sud, Lázně Libverda
Turistické informační centrum Hejnice"
"531";"Vysoká";"Česká Republika";"Turistická známka";"Rozhledny a vyhlídky";"Kutná Hora";"Středočeský kraj";"Rozhledna Vysoká, Miskovice (http://rozhledny.webzdarma.cz/vysoka.htm)
Obec úřad, Miskovice 26 (http://www.miskovice-kh.cz/)"
"532";"Toulovcova rozhledna";"Česká Republika";"Turistická známka";"Rozhledny a vyhlídky";"Chrudim";"Pardubický kraj";"Toulovcova rozhledna (https://www.mastale.cz/cs/toulovcova)
Turistické informační centrum Maštale, Borská 125, Proseč (https://www.mastale.cz/cs/tic-mastale-prosec)
Obecní úřad, Budislav 64 (https://www.obecbudislav.cz/obec/informace-o-obci/turistika-blizke-okoli/)"
"533";"Kozlovský kopec";"Česká Republika";"Turistická známka";"Rozhledny a vyhlídky";"Ústí nad Orlicí";"Pardubický kraj";"Rozhledna Kozlovský Kopec
Chaloupka Maxe Švabinského, Kozlov 58
ČD centrum, Česká Třebová
TIC, Klácelova 11, Česká Třebová (https://www.ceska-trebova.cz/)
Městské muzeum, Klácelova 11, Česká Třebová (http://www.mmct.cz/)"
"534";"Humboldtova vyhlídka - Buková hora";"Česká Republika";"Turistická známka";"Rozhledny a vyhlídky, Přírodní útvary a místa, Pohoří, České středohoří";"Ústí nad Labem";"Ústecký kraj";"Děčínská bouda, Buková hora (https://vernerice.cz/)
Obecní úřad, Mírové náměstí 138, Verneřice (https://vernerice.cz/)"
"535";"Rozhledna Zvičina";"Česká Republika";"Turistická známka";"Rozhledny a vyhlídky, Církevní památky, Horské chaty a boudy";"Trutnov";"Královéhradecký kraj";"Raisova chata, vrch Zvičina (http://raisovachata.cz)"
"536";"Rozhledna Bolfánek";"Česká Republika";"Turistická známka";"Rozhledny a vyhlídky";"Klatovy";"Plzeňský kraj";"Rozhledna Bolfánek
Občanské sdružení Otisk, Slatina u Chudenic 22 (http://www.otisk.org/)
Starý zámek Chudenice - Muzeum, U Černínského zámku 1 (https://www.zamekchudenice.cz/zamekchudenice/)"
"537";"Jiráskova chata Dobrošov";"Česká Republika";"Turistická známka";"Rozhledny a vyhlídky, Horské chaty a boudy";"Náchod";"Královéhradecký kraj";"Městské informační centrum, Masarykovo nám. 1, Náchod (https://mestonachod.cz/pro-turistu/infocentrum/)
Městské IC Malé lázně Běloves, U starých lázní 129, Náchod (https://mestonachod.cz/pro-turistu/infocentrum/)
Jiráskova chata Dobrošov"
"538";"Rozhledna Žalý";"Česká Republika";"Turistická známka";"Rozhledny a vyhlídky";"Semily";"Liberecký kraj";"Rozhledna Žalý (www.zaly.cz)
Hotel Diana, Benecko 46 (http://hotel-diana.cz/)
Infocentrum, Benecko 148 (http://schoolpark.cz/)
Návštěvnické centrum KRNAP, Nám. Míru 223, Vrchlabí (https://www.krnap.cz/ic-vrchlabi/)"
"539";"Rozhledna Lázek u Lanškrouna";"Česká Republika";"Turistická známka";"Rozhledny a vyhlídky, Horské chaty a boudy";"Ústí nad Orlicí";"Pardubický kraj";"Rozhledna Lázek, Cotkytle
Infocentrum, B. Němcové 124, Lanškroun (https://www.lanskroun.eu/)"
"540";"Rozhledna Karasín";"Česká Republika";"Turistická známka";"Rozhledny a vyhlídky";"Žďár nad Sázavou";"Kraj Vysočina";"TIC, Masarykovo nám. 1, Bystřice nad Pernštejnem (https://info.bystricenp.cz/)
Rozhledna Karasín, Lísek u Bystřice nad Pernštejnem (http://www.karasin.cz/)
Hrad Svojanov - pokladna (svojanov.cz)
TIC Továrna Vír (https://www.tovarnavir.cz)"
"541";"Tvrz Melechov";"Česká Republika";"Turistická známka";"Hrady";"Havlíčkův Brod";"Kraj Vysočina";"Konferenční hotel LUNA, Kouty 77, Ledeč nad Sázavou (http://www.hotelluna.cz/)
Penzion Stvořidla, Na Žižkově 289, Ledeč nad Sázavou (http://www.penzionstvoridla.cz/)
Infocentrum, Husovo náměstí 60, Ledeč nad Sázavou (http://www.ledecsko.cz/)
Hrad Ledeč nad Sázavou (www.hrad-ledec.cz)"
"542";"Hrad Roupov";"Česká Republika";"Turistická známka";"Hrady";"Plzeň-jih";"Plzeňský kraj";"Prodej dočasně pozastaven
Návštěvnické centrum Turistických známek, Rýmařov (http://www.turisticke-znamky.cz/)"
"543";"Hrad Talmberk";"Česká Republika";"Turistická známka";"Hrady";"Kutná Hora";"Středočeský kraj";"Informační centrum, nám. Voskovce a Wericha 280, Sázava (http://www.mestosazava.cz/)
Kostel sv. Prokopa, Sázava (https://www.svprokop-sazava.cz/)"
"544";"Pirkštejn - Rataje nad Sázavou";"Česká Republika";"Turistická známka";"Hrady, Sázava";"Kutná Hora";"Středočeský kraj";"Muzeum, Zámecká 1, Rataje nad Sázavou
Kostel sv. Prokopa, Sázava (https://www.svprokop-sazava.cz/)"
"545";"Hrad Sion";"Česká Republika";"Turistická známka";"Hrady";"Kutná Hora";"Středočeský kraj";"Obecní úřad, Chlístovice 66 (https://www.obec-chlistovice.cz/)"
"546";"Hrad Zbořený Kostelec";"Česká Republika";"Turistická známka";"Hrady, Sázava";"Benešov";"Středočeský kraj";"Hostinec U Holubů, Pecerady 172 (https://www.facebook.com/uholubu.zborenykostelec/)
TIC, Klusáčkova 2, Týnec nad Sázavou (https://www.mestotynec.cz/index.php)
Muzeum, Nádvoří Hodějovského 48, Týnec n. Sázavou (http://www.mestotynec.cz/)"
"547";"Hrad Zlenice";"Česká Republika";"Turistická známka";"Hrady, Sázava";"Benešov";"Středočeský kraj";"Baštírna- Senohraby
Hotel Kormorán, K Přívozu 24, Zlenice u Čerčan (www.kormoran-ubytovani.cz)"
"548";"Hrad Chřenovice";"Česká Republika";"Turistická známka";"Hrady, Sázava";"Havlíčkův Brod";"Kraj Vysočina";"Infocentrum, Husovo náměstí 60, Ledeč nad Sázavou (http://www.ledecsko.cz/)
Hrad Ledeč nad Sázavou (www.hrad-ledec.cz)"
"549";"Hrad Tolštejn";"Česká Republika";"Turistická známka";"Hrady";"Děčín";"Ústecký kraj";"Restaurace Jedlová Hora, Rozhled 79, Jiřetín pod Jedlovou (http://www.jedlova.cz/)
Hradní restaurace, Tolštejn (www.restaurace-tolstejn.cz)
Informační centrum, Náměstí Jiřího 300, Jiřetín pod Jedlovou (http://www.jiretin.cz/)"
"550";"Hrad Šelenburk";"Česká Republika";"Turistická známka";"Hrady";"Bruntál";"Moravskoslezský kraj";"TIC, Hobzíkova 13/11, Krnov (https://www.infokrnov.cz/)
Penzion Šelenburk, V Zálesí 658, Krnov (www.penzionselenburk.cz)
Rozhledna Cvilín, Krnov (https://www.infokrnov.cz/rozhledna-cvilin-uzavrena-2020/os-1326/p1=1491)"
"551";"Průhonice";"Česká Republika";"Turistická známka";"Zámky, Zahrady a parky";"Praha-západ";"Středočeský kraj";"Pokladna Průhonického parku, Zámek 1, Průhonice (www.parkpruhonice.cz)"
"552";"Zámek Komorní Hrádek";"Česká Republika";"Turistická známka";"Zámky, Sázava";"Benešov";"Středočeský kraj";"Krčma u Žraloka, Vlkovec 36, Chocerady (www.facebook.com/KrcmaUZraloka)
Hostinec U Kuželků, Hvězdonice 125 (http://ukuzelku.cz/)"
"553";"Zámek Svojšice";"Česká Republika";"Turistická známka";"Zámky";"Kolín";"Středočeský kraj";"Infocentrum, Mírové náměstí 1, Kouřim (https://www.mestokourim.cz/)"
"554";"Zelená hora - Nepomuk";"Česká Republika";"Turistická známka";"Zámky";"Plzeň-jih";"Plzeňský kraj";"Infocentrum, náměstí A. Němejce 126, Nepomuk (http://www.nepomuk.cz/)
Zámek Zelená Hora, Nepomuk (https://www.zelenahora.cz/cs/)"
"555";"Zámek Jemniště";"Česká Republika";"Turistická známka";"Zámky";"Benešov";"Středočeský kraj";"Zámek Jemniště (http://www.jemniste.cz/)"
"556";"Zámek Kácov";"Česká Republika";"Turistická známka";"Zámky, Sázava";"Kutná Hora";"Středočeský kraj";"Kemp U kouzelníka, Kácov (http://www.kemp-kacov.cz/)
Muzeum zámek Kácov - dočasně uzavřen (rekonstrukce) (www.kacov.cz)
Kácovská cukrárna (HusnikovaVladimira@seznam.cz)"
"557";"Hotel zámek Štiřín - Kamenice";"Česká Republika";"Turistická známka";"Zámky";"Praha-východ";"Středočeský kraj";"Kulturní centrum, Ringhofferovo nám. 434, Kamenice (http://kckamenice.cz/)"
"558";"Kostelec nad Černými Lesy";"Česká Republika";"Turistická známka";"Zámky";"Kolín";"Středočeský kraj";"Infocentrum, náměstí Smiřických 33, Kostelec (http://www.kostelecncl.cz/)
Muzeum hrnčířství, Náměstí Smiřických 41, Kostelec nad Černými lesy (http://www.kostelecncl.cz/)
Papírnictví na náměstí, Kostelec nad Černými Lesy
Školní lesní podnik v Kostelci nad Černými lesy (1. nádvoří zámku v kanceláři střediska služeb)"
"559";"Zámek Lnáře";"Česká Republika";"Turistická známka";"Zámky";"Strakonice";"Jihočeský kraj";"Zámek Lnáře - recepce (https://zameklnare.cz/)"
"560";"Zámek Kunín";"Česká Republika";"Turistická známka";"Zámky";"Nový Jičín";"Moravskoslezský kraj";"Zámek Kunín (www.muzeumnj.cz)"
"561";"Strážnice";"Česká Republika";"Turistická známka";"Historická města";"Hodonín";"Jihomoravský kraj";"Městské muzeum, nám. Svobody 486, Strážnice (www.muzeum-straznice.webnode.cz)
TIC Strážnicko, Vinohradská 35, Strážnice (http://www.straznice-mesto.cz/)
Prodejna Folklorika, Bzenecká 671, Strážnice (http://www.folklorika.cz)"
"562";"Nová Paka";"Česká Republika";"Turistická známka";"Historická města";"Jičín";"Královéhradecký kraj";"Klenotnice a TIC Nová Paka, F.F. Procházky 70 (https://muzeum.cz/)"
"563";"Sedlec - Prčice";"Česká Republika";"Turistická známka";"Historická města";"Benešov";"Středočeský kraj";"Infocentrum, Sedlec - Prčice, Vítkovo náměstí (http://www.sedlec-prcice.cz/)
Trafika, nám. 7. května 6, Sedlec"
"564";"Hořice v Podkrkonoší";"Česká Republika";"Turistická známka";"Historická města";"Jičín";"Královéhradecký kraj";"Městské muzeum, nám. Jiřího z Poděbrad 160, Hořice (https://muzeum.horice.org/)
Galerie plastik, Gothard 1639, Hořice (https://muzeum.horice.org/)
Informační centrum, nám. Jiřího z Poděbrad 3, Hořice (https://infocentrum.horice.org/)"
"565";"Sušice";"Česká Republika";"Turistická známka";"Historická města, Vodácké řeky, Otava";"Klatovy";"Plzeňský kraj";"Infocentrum, Poštovní 10, Sušice (https://www.mestosusice.cz/)
Trafika u Fíka s.r.o., nám. Svobody 5, Sušice
Tabák Švelch, náměstí Svobody 28, Sušice"
"566";"Přelouč";"Česká Republika";"Turistická známka";"Historická města";"Pardubice";"Pardubický kraj";"Informační centrum, Masarykovo nám. 26, Přelouč (http://www.kicmp.cz/)"
"567";"Polná";"Česká Republika";"Turistická známka";"Historická města, Církevní památky";"Jihlava";"Kraj Vysočina";"Informační centrum Polná, Husovo nám. 39 (https://www.infocentrumpolna.cz/)
Městské muzeum Polná, Zámek 486 (http://www.muzeum-polna.cz/)"
"568";"Čáslav";"Česká Republika";"Turistická známka";"Historická města";"Kutná Hora";"Středočeský kraj";"Infocentrum, náměstí J. Žižky 197, Čáslav (http://muzeumcaslav.cz/)"
"569";"Kolín";"Česká Republika";"Turistická známka";"Historická města";"Kolín";"Středočeský kraj";"Městské informační centrum, Na Hradbách 157, Kolín (http://www.mukolin.cz/)
Turistické informační centrum Kolín, Karlovo náměstí 8, Kolín (http://www.muzeumkolin.cz/)
Regionální muzeum v Kolíně, Červinkovský dům (https://www.bartolomejskenavrsi.cz/)"
"570";"Klenčí pod Čerchovem";"Česká Republika";"Turistická známka";"Historická města";"Domažlice";"Plzeňský kraj";"Turistické informační centrum, Klenčí pod Čerchovem (https://www.klenci.cz/)"
"571";"Zemědělský skanzen Rapotín";"Česká Republika";"Turistická známka";"Skanzeny a muzea";"Šumperk";"Olomoucký kraj";"Zemědělský skanzen Rapotín, U Lávky 34 (http://zemedelskyskanzen.svet-stranek.cz/)"
"572";"První vojenskohistorické muzeum M. Frosta";"Česká Republika";"Turistická známka";"Skanzeny a muzea, Válečné památníky";"Náchod";"Královéhradecký kraj";"Prodej dočasně pozastaven
Návštěvnické centrum Turistických známek, Rýmařov (http://www.turisticke-znamky.cz/)"
"573";"Kotulova dřevěnka";"Česká Republika";"Turistická známka";"Skanzeny a muzea";"Karviná";"Moravskoslezský kraj";"Kotulova Dřevěnka, Havířov - Bludovice, Hálkova (http://www.muzeumct.cz/kotulova_drevenka/)
Infocentrum, nám. Republiky 7, Havířov (https://www.havirov-info.cz/)"
"574";"Boučkův statek Malá skála";"Česká Republika";"Turistická známka";"Skanzeny a muzea";"Jablonec nad Nisou";"Liberecký kraj";"Infoshop Vejměnek, Malá Skála 12 (http://www.vejmenek.cz/)
Informační centrum Maloskalsko, Labe 687, Malá Skála (https://www.infocentrum-maloskalsko.cz/)"
"575";"Nový Dvůr Letohrad - Muzeum řemesel";"Česká Republika";"Turistická známka";"Skanzeny a muzea";"Ústí nad Orlicí";"Pardubický kraj";"Muzeum řemesel Nový Dvůr 143, Letohrad (http://www.muzeumremesel.cz/)"
"576";"Michalův statek - Pohleď";"Česká Republika";"Turistická známka";"Skanzeny a muzea, Sázava";"Havlíčkův Brod";"Kraj Vysočina";"Selské muzeum Michalův statek, Pohleď 16 (http://www.michaluvstatek.cz/)"
"577";"Třebíz";"Česká Republika";"Turistická známka";"Skanzeny a muzea";"Kladno";"Středočeský kraj";"Národopisné muzeum Slánska, Třebíz 2 (http://www.slansko.cz/)
Infocentrum, Velvarská 136/1, Slaný (infoslany.cz)
Vlastivědné muzeum, Masarykovo nám. 159, Slaný (http://www.muzeum.slansko.cz/)"
"578";"Skanzen Strážnice";"Česká Republika";"Turistická známka";"Skanzeny a muzea";"Hodonín";"Jihomoravský kraj";"TIC Strážnicko, Vinohradská 35, Strážnice (http://www.straznice-mesto.cz/)
Prodejna Folklorika, Bzenecká 671, Strážnice (http://www.folklorika.cz)"
"579";"Tuřanská zvonice -Tuřany";"Česká Republika";"Turistická známka";"Církevní památky";"Kladno";"Středočeský kraj";"Restaurace U Jezírka, Tuřany u Slaného 95 (www.ujezirka.cz)"
"580";"Manský dvůr Dolní Žandov";"Česká Republika";"Turistická známka";"Skanzeny a muzea, Slavkovský les";"Cheb";"Karlovarský kraj";"Prodej dočasně pozastaven
Návštěvnické centrum Turistických známek, Rýmařov (http://www.turisticke-znamky.cz/)"
"581";"Zámek Bartošovice";"Česká Republika";"Turistická známka";"Zámky";"Nový Jičín";"Moravskoslezský kraj";"TIC Regionu Poodří, Bartošovice čp. 1 - zámek (http://www.bartosovice.cz/)"
"582";"Zámek Nové Hrady";"Česká Republika";"Turistická známka";"Zámky";"Chrudim";"Pardubický kraj";"Nádvoří-expozice, cukrárna, restaurace, Nové Hrady (http://www.nove-hrady.cz/)
Zámek Nové Hrady u Litomyšle (http://www.mastale.cz/)"
"583";"Zámek Hrubšice";"Česká Republika";"Turistická známka";"Zámky";"Brno-venkov";"Jihomoravský kraj";"Infocentrum, Palackého 9, Ivančice, (https://ivancice.colosseum.eu/)"
"584";"Zámek Žinkovy";"Česká Republika";"Turistická známka";"Zámky";"Plzeň-jih";"Plzeňský kraj";"Informační centrum, Žinkovy 84 (http://www.zinkovy.cz/mestys-1/informace-o-mestysu/informacni-centrum/)
Zámek Žinkovy"
"585";"Zámek Chudenice";"Česká Republika";"Turistická známka";"Zámky";"Klatovy";"Plzeňský kraj";"Starý zámek Chudenice - Muzeum, U Černínského zámku 1 (https://www.zamekchudenice.cz/zamekchudenice/)"
"586";"Zámek Oslavany";"Česká Republika";"Turistická známka";"Zámky";"Brno-venkov";"Jihomoravský kraj";"Zámek Oslavany (pokladna MěÚ) (http://www.oslavany-mesto.cz/)
Hasičské muzeum Oslavany (https://cs-cz.facebook.com/pages/category/History-Museum/Hasi%C4%8Dsk%C3%A9-muzeum-Oslavany-946531185412346/)"
"587";"Zámek Vizovice";"Česká Republika";"Turistická známka";"Zámky";"Zlín";"Zlínský kraj";"Zámek Vizovice - pokladna, Palackého náměstí 376 (https://www.zamek-vizovice.cz/cs)
Galerie Mariette (předzámčí vizovického zámku) (https://www.mariette.cz/)"
"588";"Zámek Bor";"Česká Republika";"Turistická známka";"Zámky";"Tachov";"Plzeňský kraj";"Zámek Bor (https://www.mubor.cz/)"
"589";"Fryštát - Karviná";"Česká Republika";"Turistická známka";"Zámky, Lázně";"Karviná";"Moravskoslezský kraj";"Zámek Fryštát - pokladna (http://www.karvina.org/)
ČD Karviná (http://www.ceskedrahy.cz/tiskove-centrum/fotogalerie/nadrazi/-1208/)"
"590";"Valdštejnská lodžie - Jičín";"Česká Republika";"Turistická známka";"Zámky, Zahrady a parky";"Jičín";"Královéhradecký kraj";"Valdštejnská Lodžie, vstup (https://valdstejnskalodzie.cz/)
Café Loggie, Sedličky 4, Jičín (https://valdstejnskalodzie.cz/kavarna)"
"591";"Ladovy Hrusice";"Česká Republika";"Turistická známka";"Památná místa a obce";"Praha-východ";"Středočeský kraj";"Restaurace U Sejků, Hrusice 25 (www.hostinecusejku.cz)"
"592";"Toulovcovy maštale";"Česká Republika";"Turistická známka";"Přírodní útvary a místa";"Chrudim";"Pardubický kraj";"Turistické informační centrum Maštale, Borská 125, Proseč (https://www.mastale.cz/cs/tic-mastale-prosec)
Toulovcova rozhledna (https://www.mastale.cz/cs/toulovcova)
Obecní úřad, Budislav 64 (https://www.obecbudislav.cz/obec/informace-o-obci/turistika-blizke-okoli/)"
"593";"Muzeum Rapotínské sklárny";"Česká Republika";"Turistická známka";"Technické památky";"Šumperk";"Olomoucký kraj";"Muzeum rapotínské sklárny, Jesenická 842, Rapotín (https://www.muzeumrapotin.cz/)
Informační centrum, Šumperská 530, Rapotín (https://www.ticrapotin.cz/)"
"594";"Orlovská myslivna";"Česká Republika";"Turistická známka";"Památná místa a obce";"Pelhřimov";"Kraj Vysočina";"Kejžlická Hospůdka, Ke Světlé 161, Kejžlice
Orlovská myslivna"
"595";"Foglarova Sluneční zátoka";"Česká Republika";"Turistická známka";"Památná místa a obce, Vodácké řeky, Sázava";"Havlíčkův Brod";"Kraj Vysočina";"Infocentrum, Husovo náměstí 60, Ledeč nad Sázavou (http://www.ledecsko.cz/)
Penzion Stvořidla, Na Žižkově 289, Ledeč nad Sázavou (http://www.penzionstvoridla.cz/)
Hrad Ledeč nad Sázavou (www.hrad-ledec.cz)
Tábořiště Stvořidla - recepce č.1 (https://www.chatkystvoridla.cz/)"
"596";"Lázně Jeseník Gräfenberg";"Česká Republika";"Turistická známka";"Lázně, Pohoří, Jeseníky";"Jeseník";"Olomoucký kraj";"Lázeňské informační centrum, Priessnitzova 1349, Jeseník (http://www.priessnitz.cz)
Lázeňský obchůdek Priessnitz, Priessnitzova 78, Jeseník (http://www.priessnitz.cz)
Lázeňský hotel Bezruč, recepce (http://www.priessnitz.cz)
Lázeňský hotel Ripper - recepce
IC Katovna, Palackého 12, Jeseník (http://www.jesenik.org/ic)
Prodejna lázeňských oplatků a regionálních produktů - penzion ""PATRIK"""
"597";"Kamenný Přívoz";"Česká Republika";"Turistická známka";"Vodácké řeky, Sázava";"Praha-západ";"Středočeský kraj";"Restaurace U Vemenáče, Kamenný Přívoz č.p. 12 (http://www.kamennyprivoz.cz/)
Restaurace U Adenaura Kamenný Přívoz č.p.86 (http://www.kamennyprivoz.cz/)
Regionální muzeum, Masarykovo nám. 16, Jílové u Prahy (http://muzeumjilove.cz/)"
"598";"Kaliště - Gustav Mahler";"Česká Republika";"Turistická známka";"Skanzeny a muzea";"Pelhřimov";"Kraj Vysočina";"Dům Gustava Mahlera, Znojemská 1089/4, Jihlava (https://www.jihlava.cz/dgm/index.asp)"
"599";"Lázně Luhačovice";"Česká Republika";"Turistická známka";"Lázně";"Zlín";"Zlínský kraj";"Infocentrum, Masarykova 950, Luhačovice (http://www.mdkelektra.luhacovice.cz/)
Lázeňská večerka, Dr. Veselého 1042, Luhačovice
Kavárna Obývák, Luhačovice"
"600";"Lázně Darkov";"Česká Republika";"Turistická známka";"Lázně";"Karviná";"Moravskoslezský kraj";"Lázně Darkov (recepce), ČSL Armády 2954/2, Karviná - Hranice (https://www.laznedarkov.cz/)
ČD Karviná (http://www.ceskedrahy.cz/tiskove-centrum/fotogalerie/nadrazi/-1208/)"
"601";"Tvrz Hradenín";"Česká Republika";"Turistická známka";"Hrady";"Kolín";"Středočeský kraj";"Infocentrum, Mírové náměstí 1, Kouřim (https://www.mestokourim.cz/)
Turistické informační centrum Kolín, Karlovo náměstí 8, Kolín (http://www.muzeumkolin.cz/)
Podlipanské muzeum, Žitomířská 761, Český Brod (http://www.podlipanskemuzeum.cz/)"
"602";"Templštejn";"Česká Republika";"Turistická známka";"Hrady";"Znojmo";"Jihomoravský kraj";"Hradní pokladna Templštejn (http://www.templstejn.cz/)
Ubytovna občerstvení pod Templštýnem, Hrubšice
Rekreační středisko Pod Templštýnem (https://www.rspodtemplstynem.cz/)
Zámek Moravský Krumlov (http://www.mkrumlov.cz/pamatky-mesta.html)"
"603";"Levnov - Ketkovský hrad";"Česká Republika";"Turistická známka";"Hrady";"Brno-venkov";"Jihomoravský kraj";"Kantýna pod Ketkovákem, Řeznovice
Obecní úřad, Ketkovice 87 (http://ketkovice.cz/)"
"604";"Hrad Veveří";"Česká Republika";"Turistická známka";"Hrady";"Brno-město";"Jihomoravský kraj";"Hrad Veveří, hlavní pokladna (https://www.hrad-veveri.cz/cs)
Hrad Veveří - 1. nádvoří - občerstvení (http://www.veveri.cz/)
Infocentrum POD KROKODÝLEM, Radnická 8, Brno (https://ticbrno.cz/informacni-centra/informacni-centrum-pod-krokodylem)
IC Zámečnická, Zámečnická 90/2, Brno (https://ticbrno.cz/informacni-centra/informacni-centrum-to-je-brno)"
"605";"Vlčtejn";"Česká Republika";"Turistická známka";"Hrady";"Plzeň-jih";"Plzeňský kraj";"Obecní úřad, Vlčtejn 34 (http://www.vlctejn.wz.cz/)
Koloniál Kysela, Zdemyslice 59 (http://www.vlctejn.wz.cz/)"
"606";"Černá věž Drahanovice";"Česká Republika";"Turistická známka";"Hrady";"Olomouc";"Olomoucký kraj";"Hospoda U Černé věže, Drahanovice 41
Galerie U Kalicha, Drahanovice 190 (http://www.galerieukalicha.cz/)
Obecní úřad, Drahanovice 144 (https://www.obecdrahanovice.cz/)
Zahradní železnice Střížov, Střížov 101 (http://www.zahradnizeleznice.cz)
Černá věž Drahanovice (http://www.cernavez.cz/)"
"607";"Hrad Malenovice";"Česká Republika";"Turistická známka";"Hrady";"Zlín";"Zlínský kraj";"Muzeum a hrad Malenovice (http://www.muzeum-zlin.cz/cs/objekty/hrad-malenovice/)"
"608";"Hrad Brumov";"Česká Republika";"Turistická známka";"Hrady";"Zlín";"Zlínský kraj";"Hrad Brumov - Bylnice, Brumov, nám. H. Synkové (http://www.hradbrumov.cz/)
Městské muzeum, Podzámčí 861, Brumov - Bylnice (https://www.brumov-bylnice.cz/)"
"609";"Neuberg - Podhradí";"Česká Republika";"Turistická známka";"Hrady";"Cheb";"Karlovarský kraj";"Obecní úřad, Podhradí č. 55
Informační centrum, Hlavní 23, Aš (https://www.info-as.cz/)"
"610";"Hrad Přimda";"Česká Republika";"Turistická známka";"Hrady";"Tachov";"Plzeňský kraj";"Infocentrum, nám. Republiky 288, Přimda (https://www.mestoprimda.cz/)"
"611";"Rožmitál pod Třemšínem";"Česká Republika";"Turistická známka";"Historická města";"Příbram";"Středočeský kraj";"Kulturní středisko a infocentrum, Rožmitál pod Třemšínem (https://icentrum.tremsinsko.cz/)
Podbrdské muzeum, Rožmitál pod Třemšínem (https://www.podbrdskemuzeum.cz/)"
"612";"Vyškov";"Česká Republika";"Turistická známka";"Historická města";"Vyškov";"Jihomoravský kraj";"Infocentrum, Masarykovo náměstí 1, Vyškov (https://www.ticvyskov.cz/)
ZOO park Vyškov - prodej suvenýrů (https://www.zoo-vyskov.cz/)"
"613";"Stříbro";"Česká Republika";"Turistická známka";"Historická města";"Tachov";"Plzeňský kraj";"Infocentrum, Masarykovo nám. 20, Stříbro (http://www.muzeum-stribro.cz/)
Hotel U Branky, Plzeňská 420, Stříbro (http://www.hotelubranky.com/)"
"614";"Kašperské Hory";"Česká Republika";"Turistická známka";"Historická města";"Klatovy";"Plzeňský kraj";"Infocentrum, Náměstí 1, Kašperské Hory (https://www.kasphory.cz/turista/)
Inf. středisko NP Šumava, Sušická 399, Kašperské Hory (https://www.npsumava.cz/navstivte-sumavu/navstevnicka-centra/informacni-stredisko-kasperske-hory/)
Penzion na Habeši (chalupa na samotě pod hradem Kašperkem) (http://penzionnahabesi.cz/)"
"615";"Kosmonosy";"Česká Republika";"Turistická známka";"Historická města";"Mladá Boleslav";"Středočeský kraj";"Loreta (vstup), Linhartova 2-4, Kosmonosy (https://www.kosmonosy.cz/o-meste/historie/loreta-a-campanilla/)
Městský úřad, Debřská 223, Kosmonosy (https://www.kosmonosy.cz/)
Infocentrum, Železná 107, Mladá Boleslav (https://www.mladoboleslavsko.eu/)"
"616";"Frenštát pod Radhošťem";"Česká Republika";"Turistická známka";"Historická města";"Nový Jičín";"Moravskoslezský kraj";"Infocentrum, Havlíčkova 32, Frenštát pod Radhoštěm (http://frenstatinfo.cz/)
Muzeum, Horní 220, Frenštát pod Radhoštěm (https://www.muzeumnj.cz/)"
"617";"Nová Bystřice";"Česká Republika";"Turistická známka";"Historická města";"Jindřichův Hradec";"Jihočeský kraj";"TIC, Mírové náměstí 54, Nová Bystřice (https://www.novabystrice.cz/)"
"618";"Staré Město pod Sněžníkem";"Česká Republika";"Turistická známka";"Historická města";"Šumperk";"Olomoucký kraj";"TIC, náměstí Osvobození 166, Staré Město p. Sněžníkem (https://www.staremesto.info/)"
"619";"Kralice nad Oslavou";"Česká Republika";"Turistická známka";"Historická města";"Třebíč";"Kraj Vysočina";"Památník Bible Kralické, Kralice nad Oslavou (http://www.kralicenosl.cz/)"
"620";"Šluknov";"Česká Republika";"Turistická známka";"Historická města";"Děčín";"Ústecký kraj";"Infocentrum, Zámecká 642, Šluknov (https://zamek.mestosluknov.cz/)"
"621";"Klášter Chotěšov";"Česká Republika";"Turistická známka";"Církevní památky";"Plzeň-jih";"Plzeňský kraj";"Klášter (pokladna), Chotěšov, ul. Ostrovní (http://kct-chotesov.sweb.cz/)
Obecní úřad, Plzeňská 1, Chotěšov (http://kct-chotesov.sweb.cz/)
Restaurace pod klášterem, nám. 1. máje 230, Chotěšov (http://kct-chotesov.sweb.cz/)
Hospůdka ve dvorku, Plzeňská 631, Chotěšov (http://www.hospudkavedvorku.cz/)"
"622";"Svatý Kopeček u Olomouce";"Česká Republika";"Turistická známka";"Církevní památky";"Olomouc";"Olomoucký kraj";"Kavárna Na Kopečku, Sadové náměstí 3/3, Samotišky (https://www.kavarnanakopecku.eu/)
Svatý Kopeček u Olomouce (http://www.svatykopecek.cz/FixPage.asp?ID=108)"
"623";"Benediktinský klášter Rajhrad";"Česká Republika";"Turistická známka";"Církevní památky";"Brno-venkov";"Jihomoravský kraj";"Benediktinský klášter (klášterní obchůdek), Rajhrad (http://www.rajhrad.benediktini.cz/)
Památník písemnictví na Moravě, Rajhrad (https://www.muzeumbrnenska.cz/)"
"624";"Budeč u Zákolan";"Česká Republika";"Turistická známka";"Církevní památky";"Kladno";"Středočeský kraj";"Rotunda Sv. Petra a Pavla, Budeč u Zákolan (http://www.omk.cz/)
Prodejna Šopík, Zákolany č.p. 17"
"625";"Velká Lhota u Dačic";"Česká Republika";"Turistická známka";"Církevní památky";"Jindřichův Hradec";"Jihočeský kraj";"Památník české reformace, Velká Lhota u Dačic (http://www.veritas.evangnet.cz/)
Fara Velká Lhota u Dačic (http://www.veritas.evangnet.cz/)"
"626";"Jablonné v Podještědí";"Česká Republika";"Turistická známka";"Církevní památky, Historická města";"Liberec";"Liberecký kraj";"Klášter Dominikánů, Jablonné v Podještědí (https://www.zdislava.cz/)
Infocentrum, náměstí Míru 23, Jablonné v Podještědí (http://www.jablonnevp.cz/)
Cukrárna, náměstí Míru 17, Jablonné v Podještědí"
"627";"Dřevěný kostel Dobříkov";"Česká Republika";"Turistická známka";"Církevní památky";"Ústí nad Orlicí";"Pardubický kraj";"Obecní úřad, Dobříkov 29 (https://www.dobrikov.cz/)
Golf Klub Osyčina, Dobříkov (https://www.dobrikov.cz/)"
"628";"Kostel sv. Jiří Hradešín";"Česká Republika";"Turistická známka";"Církevní památky";"Kolín";"Středočeský kraj";"Infocentrum, nám. Arnošta z Pardubic 1, Český Brod (https://ic.cvik.info/)
Hospoda a letní BAR Na Hradě, Hradešín 69"
"629";"Kalvárie Moravská Třebová";"Česká Republika";"Turistická známka";"Církevní památky";"Svitavy";"Pardubický kraj";"Městské informační centrum, náměstí T. G. Masaryka 29 (https://ic.moravskatrebova.cz/)
Zámek Moravská Třebová (https://www.zamekmoravskatrebova.cz/)"
"630";"Valašské Meziříčí";"Česká Republika";"Turistická známka";"Historická města, Církevní památky";"Vsetín";"Zlínský kraj";"Zámek Valašské Meziříčí, Zámecká 3 (rekonstrukce do cca 11/2021) (http://www.muzeumvalassko.cz/)
Kostel Sv. Trojice, Valašské Meziříčí (červenec-srpen) (http://www.muzeumvalassko.cz/objekt-kostel-sv-trojice)
TIC, Komenského 169, Valašské Meziříčí (http://www.info-vm.cz/)"
"631";"Lanškroun";"Česká Republika";"Turistická známka";"Historická města";"Ústí nad Orlicí";"Pardubický kraj";"Infocentrum, B. Němcové 124, Lanškroun (https://www.lanskroun.eu/)
Městské muzeum, nám. A. Jiráska 1, Lanškroun (https://www.muzeumlanskroun.cz/)
Cukrárna U Čičimourka (https://www.facebook.com/cukrarnacicimourek)"
"632";"Velké Pavlovice";"Česká Republika";"Turistická známka";"Historická města";"Břeclav";"Jihomoravský kraj";"Infocentrum, Hlavní 6, Velké Pavlovice (http://www.velke-pavlovice.cz)
Občerstvení - areál Nad Zahradami - Rozhledna Slunečná, Velké Pavlovice
Vinařský penzion André, Velké Pavlovice, Pod Břehy 565/54 (www.penzion-andre.cz)"
"633";"Svitavy";"Česká Republika";"Turistická známka";"Historická města";"Svitavy";"Pardubický kraj";"Infocentrum, náměstí Míru 48, Svitavy (https://www.svitavy.cz/)"
"634";"Dobřany";"Česká Republika";"Turistická známka";"Historická města";"Plzeň-jih";"Plzeňský kraj";"Městské kulturní a informační středisko, Nám. T. G. M. 5, Dobřany (https://www.dobrany.cz/)"
"635";"Město Trutnov";"Česká Republika";"Turistická známka";"Historická města";"Trutnov";"Královéhradecký kraj";"Muzeum Podkrkonoší v Trutnově, Školní 150 (http://www.muzeumtrutnov.cz/)
Turistické informační centrum, Krakonošovo nám. 72, Trutnov (https://www.ictrutnov.cz/cz/trutnovske-informacni-centrum.html)"
"636";"Město Česká Lípa";"Česká Republika";"Turistická známka";"Historická města";"Česká Lípa";"Liberecký kraj";"Městské informační centrum, Nám. T.G.M. 2, Česká Lípa (http://www.mucl.cz/)
Hrad Lipý, Česká Lípa (http://www.lipy.cz/)
Vlastivědné muzeum a galerie, Nám. Osvobození 297, Česká Lípa (https://www.muzeumcl.cz/)"
"637";"Liberec";"Česká Republika";"Turistická známka";"Historická města";"Liberec";"Liberecký kraj";"Kiosek u Lanovky (parkoviště), Liberec
Městské informační centrum, nám. Dr. E. Beneše 183/23, Liberec (https://www.visitliberec.eu/)
Centrum Babylon, Nitranská 415/1, Liberec (https://www.centrumbabylon.cz/)
Občerstvení u Jezírka, Masarykova 1347, Liberec
ČD Centrum Liberec (http://www.ceskedrahy.cz/tiskove-centrum/fotogalerie/nadrazi/-1208/)"
"638";"Turnov - Český ráj";"Česká Republika";"Turistická známka";"Historická města, Pohoří, Český ráj";"Semily";"Liberecký kraj";"Muzeum Českého ráje v Turnově, Skálova 71, Turnov (https://www.muzeum-turnov.cz/)
Turistické informační centrum, 5. května 26 (http://www.infocentrum-turnov.cz/)
Kemp Dolánky u Turnova, 511 01 Turnov (https://www.kempdolanky.cz/cs/kontakt.html)"
"639";"Rovensko pod Troskami";"Česká Republika";"Turistická známka";"Historická města";"Semily";"Liberecký kraj";"Infocentrum, Rovensko pod Troskami, náměstí (http://www.rovensko.cz/)
Cukrárna na náměstí, Rovensko pod Troskami (http://www.nasceskyraj.cz/ubytovani/ubytovani-v-rovensku)"
"640";"Domažlice";"Česká Republika";"Turistická známka";"Historická města";"Domažlice";"Plzeňský kraj";"Chodský hrad (muzeum), Chodské náměstí 96, Domažlice (https://www.muzeum-chodska.com/)
Infocentrum, Chodské náměstí 96, Domažlice (http://www.idomazlice.cz/)
Laguna - tabák a dárkové zboží, nám. Míru 65, Domažlice"
"641";"Čížkovy kameny";"Česká Republika";"Turistická známka";"Pohoří, Přírodní útvary a místa, Jestřebí hory";"Trutnov";"Královéhradecký kraj";"Návštěvnické centrum Turistických známek, Rýmařov (http://www.turisticke-znamky.cz/)"
"642";"Žaltman 742 m";"Česká Republika";"Turistická známka";"Pohoří, Rozhledny a vyhlídky, Přírodní útvary a místa, Jestřebí hory";"Trutnov";"Královéhradecký kraj";"Pension Radvanice, Radvanice 170 (http://www.pensionradvanice.cz/)
Stánek u hotelu Lesní Zátiší, Adršpach (skalyadrspach.cz)
Muzeum bratří Čapků, Malé Svatoňovice (https://www.malesvatonovice.cz/muzeum/)"
"643";"Malé Svatoňovice";"Česká Republika";"Turistická známka";"Pohoří, Památná místa a obce, Jestřebí hory";"Trutnov";"Královéhradecký kraj";"Muzeum bratří Čapků, Malé Svatoňovice (https://www.malesvatonovice.cz/muzeum/)
Cukrárna a Kavárna, Nádražní 125, Malé Svatoňovice
Pizzerie Dášeňka, nám. Karla Čapka 51, Malé Svatoňovice"
"644";"Osada Paseka";"Česká Republika";"Turistická známka";"Pohoří, Historické budovy a stavby, Jestřebí hory";"Trutnov";"Královéhradecký kraj";"Jestřebí Bouda (http://www.jestrebibouda.cz/)"
"645";"Doubrava";"Česká Republika";"Turistická známka";"Skanzeny a muzea";"Cheb";"Karlovarský kraj";"Skanzen Doubrava (https://skanzendoubrava.webnode.cz/)"
"646";"Nový Drahov";"Česká Republika";"Turistická známka";"Skanzeny a muzea";"Cheb";"Karlovarský kraj";"Restaurace penzion Selský Dvůr, Nový Dvůr (http://bauernhof.cz/)"
"647";"Bitva u Lipan 30.5.1434";"Česká Republika";"Turistická známka";"Válečné památníky";"Kolín";"Středočeský kraj";"Infocentrum, Mírové náměstí 1, Kouřim (https://www.mestokourim.cz/)
Infocentrum, nám. Arnošta z Pardubic 1, Český Brod (https://ic.cvik.info/)
Podlipanské muzeum, Žitomířská 761, Český Brod (http://www.podlipanskemuzeum.cz/)
ČS EuroOil – čerpací stanice, Kolínská 437, Kouřim (https://mapy.cz/turisticka?q=lech%C5%AFv%20k%C3%A1men&source=base&id=1912751&ds=2&x=14.9862628&)
Regionální muzeum v Kolíně, Karlovo nám. 8, Veigertovský dům (http://www.muzeumkolin.cz/)"
"648";"Zábřeh";"Česká Republika";"Turistická známka";"Historická města";"Šumperk";"Olomoucký kraj";"Turistické informační centrum, Čs. armády 835/1, Zábřeh (http://tourism.zabreh.cz/)"
"649";"Teplice";"Česká Republika";"Turistická známka";"Lázně, Historická města";"Teplice";"Ústecký kraj";"Informační centrum, Benešovo nám. 840, Teplice (http://www.teplice.cz/)
VisitTeplice IC, Krupská 346/2, Teplice (https://visitteplice.com)
Svatební salon Kleopatra, Dlouhá 109, Teplice (http://www.satynasvatbu.cz/)"
"650";"Stochov";"Česká Republika";"Turistická známka";"Historická města, Památná místa a obce";"Kladno";"Středočeský kraj";"IC Městského úřadu, Jaroslava Šípka 486, Stochov (https://www.stochov.cz/)"
"651";"Jablonec nad Nisou";"Česká Republika";"Turistická známka";"Historická města";"Jablonec nad Nisou";"Liberecký kraj";"Infocentrum, Kostelní 1/6, Jablonec nad Nisou (http://www.jablonec.com)
Turisitcké informační centrum v radnici, Mírové náměstí 19, Jablonec nad Nisou (http://www.jablonec.com)"
"652";"Kladno";"Česká Republika";"Turistická známka";"Historická města";"Kladno";"Středočeský kraj";"Městské informační centrum, T. G. Masaryka 499, Kladno (https://mestokladno.cz/)
ČD Centrum Kladno (http://www.ceskedrahy.cz/tiskove-centrum/fotogalerie/nadrazi/-1208/)"
"653";"Frýdek-Místek";"Česká Republika";"Turistická známka";"Historická města";"Frýdek-Místek";"Moravskoslezský kraj";"TIC, Zámecké náměstí 1257, Frýdek-Místek (https://visitfm.cz/)
TIC, Náměstí Svobody 6, Frýdek-Místek (https://visitfm.cz/)
Pokladna Frýdeckého zámku, Frýdek-Místek (http://www.muzeumbeskyd.com/uvodni-strana/)
ČD centrum, Frýdek Místek (http://www.cd.cz/)"
"654";"Město betlémů Třešť";"Česká Republika";"Turistická známka";"Historická města";"Jihlava";"Kraj Vysočina";"Infocentrum, Rooseweltova 462/6, Třešť (https://www.trest.cz/)
Expozice betlémů, Schumpeterův dům (https://www.trest.cz/)
Muzeum Vysočiny, Benešová 2, Jihlava (muzeum.ji.cz)"
"655";"Prachatice";"Česká Republika";"Turistická známka";"Historická města";"Prachatice";"Jihočeský kraj";"Infocentrum, Velké náměstí 1, Prachatice (https://www.kisprachatice.cz/)
Prachatické muzeum, Velké náměstí 13, Prachatice (https://www.prachatickemuzeum.cz/)
Decoré, Velké náměstí 38, Prachatice"
"656";"Opava";"Česká Republika";"Turistická známka";"Historická města";"Opava";"Moravskoslezský kraj";"Infocentrum, Horní náměstí 67, Opava (https://www.opava-city.cz/)
ČD centrum, Opava (http://www.cd.cz/)"
"657";"Město Česká Kamenice";"Česká Republika";"Turistická známka";"Historická města";"Děčín";"Ústecký kraj";"Informační centrum, nám. Míru 122, Česká Kamenice (https://ceska-kamenice.cz/turista/)"
"658";"Hodonín";"Česká Republika";"Turistická známka";"Historická města";"Hodonín";"Jihomoravský kraj";"Infocentrum, Národní třída 36, Hodonín (http://www.hodonin.eu/informacni-centrum-mesta-hodonina/os-15238)
Masarykovo muzeum, Zámecké nám. 27, Hodonín (http://www.masaryk.info/)
Regionální centrum, Masarykovo nám. 27, Hodonín (https://www.facebook.com/Region%C3%A1ln%C3%AD-centrum-Hodon%C3%ADn)
Zoo (pokladna-suvenýry), Hodonín (http://www.zoo-hodonin.cz/)"
"659";"Smržovka";"Česká Republika";"Turistická známka";"Historická města";"Jablonec nad Nisou";"Liberecký kraj";"Infocentrum, nám. T. G. Masaryka 638, Smržovka (http://www.smrzovka.cz/mestska-knihovna-a-infocentrum-smrzovka/os-1058/p1=1006)"
"660";"Sobotka - Český ráj";"Česká Republika";"Turistická známka";"Historická města, Pohoří, Český ráj";"Jičín";"Královéhradecký kraj";"Zámek Humprecht - pokladna (http://www.humprecht.cz/)
Infocentrum, nám. Míru 3, Sobotka (http://www.sobotka.cz/)
Hotel Pošta, nám. Míru 215, Sobotka (https://www.hotelsobotka.cz/)"
"661";"Hornické muzeum Ostrava";"Česká Republika";"Turistická známka";"Technické památky";"Ostrava-město";"Moravskoslezský kraj";"Areál LANDEK PARK - Hornické muzeum (https://www.dolnivitkovice.cz/landek-park/)"
"662";"Důl Mayrau Vinařice u Kladna";"Česká Republika";"Turistická známka";"Technické památky";"Kladno";"Středočeský kraj";"Hornický skanzen Mayrau (http://dul-mayrau.cz/)"
"663";"Koněspřežka Bujanov";"Česká Republika";"Turistická známka";"Technické památky, Železnice";"Český Krumlov";"Jihočeský kraj";"Muzeum koněspřežní dráhy, Bujanov 31 (https://www.bujanov.cz/)
Obecní úřad, Bujanov 26 (https://www.bujanov.cz/)"
"664";"Sklářská osada Kristiánov";"Česká Republika";"Turistická známka";"Technické památky, Památná místa a obce";"Jablonec nad Nisou";"Liberecký kraj";"Sklářská osada Kristiánov, Památník sklářství (https://www.msb-jablonec.cz/)
Infocentrum, Josefův Důl 210 (http://josefuvdul.eu/)
Trafika, Josefův Důl č. 297 (u kostela) (www.trafikajosefuvdul.websnadno.cz)
Muzeum skla a bižuterie, U Muzea 398, Jablonec nad Nisou (https://www.msb-jablonec.cz/)"
"665";"Úzkokolejka Mladějov na Moravě";"Česká Republika";"Turistická známka";"Železnice, Technické památky";"Svitavy";"Pardubický kraj";"Průmyslové muzeum, Mladějov 121 (https://www.mladejov.cz/)
Městské informační centrum, náměstí T. G. Masaryka 29 (https://ic.moravskatrebova.cz/)"
"666";"Železniční muzeum Zubrnice";"Česká Republika";"Turistická známka";"Železnice, Technické památky";"Ústí nad Labem";"Ústecký kraj";"Železniční muzeum Zubrnice (https://www.zubrnickazeleznice.cz/)"
"667";"Vodní mlýn ve Slupi";"Česká Republika";"Turistická známka";"Technické památky";"Znojmo";"Jihomoravský kraj";"Vodní mlýn ve Slupi (https://www.technicalmuseum.cz/)"
"668";"Kovárna v Těšanech";"Česká Republika";"Turistická známka";"Technické památky";"Brno-venkov";"Jihomoravský kraj";"Kovárna, Těšany (https://www.technicalmuseum.cz/)"
"669";"Větrný mlýn v Kuželově";"Česká Republika";"Turistická známka";"Technické památky";"Hodonín";"Jihomoravský kraj";"Větrný mlýn, Kuželov (https://www.tmbrno.cz/)"
"670";"Posázavský Pacifik Čerčany";"Česká Republika";"Turistická známka";"Technické památky, Železnice, Sázava";"Benešov";"Středočeský kraj";"Infocentrum, Sokolská 28, Čerčany (https://www.cercany.cz/)
Městys Kácov 157 (https://www.kacov.cz/)
Duhová cukrárna, Kácov 27
Kemp U kouzelníka, Kácov (http://www.kemp-kacov.cz/)
Posázavský Pacifik, Čerčany, Havlíčkova (http://www.posazavsky-pacifik.cz/)"
"671";"Petrova bouda";"Česká Republika";"Turistická známka";"Pohoří, Horské chaty a boudy, Krkonoše";"Trutnov";"Královéhradecký kraj";"Moravská bouda- Špindlerův Mlýn (http://www.moravskabouda.cz/)
Infocentrum SPINDL.INFO, Špindlerův Mlýn 10 (https://www.spindleruv-mlyn.com/cz/)
TIC, Svatopetrská 173, Špindlerův Mlýn (https://www.mestospindleruvmlyn.cz/)"
"672";"Strážné";"Česká Republika";"Turistická známka";"Pohoří, Památná místa a obce, Krkonoše";"Trutnov";"Královéhradecký kraj";"Návštěvnické centrum KRNAP, Nám. Míru 223, Vrchlabí (https://www.krnap.cz/ic-vrchlabi/)
Obecní úřad, Strážné 129 (https://www.strazne.eu/)"
"673";"Pomezní boudy";"Česká Republika";"Turistická známka";"Pohoří, Krkonoše";"Trutnov";"Královéhradecký kraj";"Infocentrum, Horní Malá Úpa 129 (http://www.malaupa.cz/)"
"674";"Martinova bouda";"Česká Republika";"Turistická známka";"Pohoří, Horské chaty a boudy, Krkonoše";"Trutnov";"Královéhradecký kraj";"Martinova bouda (http://www.martinovka.cz/)"
"675";"Portášky";"Česká Republika";"Turistická známka";"Pohoří, Horské chaty a boudy, Krkonoše";"Trutnov";"Královéhradecký kraj";"Horská chata Portášky, Velká Úpa, Pec pod Sněžkou (http://www.portasky.cz/)
Infocentrum Veselý Výlet, Hlavní ulice 196, Pec pod Sněžkou (http://www.veselyvylet.cz/cz/vv5.html)
Infocentrum Veselý Výlet, Horní Maršov - Temný Důl 46 (http://www.veselyvylet.cz/)
SkiResort live, Půjčovna koloběžek Portášky (https://leto.skiresort.cz/)"
"676";"Temný Důl - Horní Maršov";"Česká Republika";"Turistická známka";"Pohoří, Přírodní útvary a místa, Krkonoše";"Trutnov";"Královéhradecký kraj";"Infocentrum Veselý Výlet, Horní Maršov - Temný Důl 46 (http://www.veselyvylet.cz/)
Trafika, Třída Josefa II. 140, Horní Maršov
Infocentrum Veselý Výlet, Hlavní ulice 196, Pec pod Sněžkou (http://www.veselyvylet.cz/cz/vv5.html)
TIC Infokoloniál DOTEK, Horní Maršov (https://www.dotek.eu/Uvodni-strana.html)"
"677";"Paseky nad Jizerou";"Česká Republika";"Turistická známka";"Pohoří, Stezky a trasy, Památná místa a obce, Krkonoše";"Semily";"Liberecký kraj";"Obecní úřad, Paseky nad Jizerou (po - pá) (https://www.paseky.cz/)
Památník zapadlých vlastenců, Paseky nad Jizerou (https://www.krnap.cz/pamatnik-zapadlych-vlastencu-paseky-nad-jizerou/)"
"678";"Černý Důl";"Česká Republika";"Turistická známka";"Pohoří, Památná místa a obce, Krkonoše";"Trutnov";"Královéhradecký kraj";"Turistické Informační Centrum, Černý Důl 48 (http://www.cernydul.cz/)
Smíšené zboží u Švandů, Černý Důl 98"
"679";"Lánov";"Česká Republika";"Turistická známka";"Pohoří, Památná místa a obce, Krkonoše";"Trutnov";"Královéhradecký kraj";"Venkovské infocentrum mikroregionu, Lánov (http://www.lanov.cz/)"
"680";"Vrbatovo Návrší";"Česká Republika";"Turistická známka";"Pohoří, Památníky, Krkonoše";"Semily";"Liberecký kraj";"Vrbatova bouda (https://www.facebook.com/VRBATOVA-BOUDA-425010054356521)
Infoservis Fremr, Harrachov 478 (http://www.harrachov.cz/fremr/)
TIC, Svatopetrská 173, Špindlerův Mlýn (https://www.mestospindleruvmlyn.cz/)
Infocentrum KRNAP, Špindlerův Mlýn 269 (https://www.krnap.cz/ic-spidleruv-mlyn/)
Suvenýry Eva (před hotelem Bílý Hořec), Harrachov"
"681";"Nové zámky Nesovice";"Česká Republika";"Turistická známka";"Zámky";"Vyškov";"Jihomoravský kraj";"Čerpací stanice RS + Synek, Nesovice"
"682";"Zámek Moravská Třebová";"Česká Republika";"Turistická známka";"Zámky";"Svitavy";"Pardubický kraj";"Zámek Moravská Třebová (https://www.zamekmoravskatrebova.cz/)
Městské informační centrum, náměstí T. G. Masaryka 29 (https://ic.moravskatrebova.cz/)"
"683";"Zámek Chudobín";"Česká Republika";"Turistická známka";"Zámky";"Olomouc";"Olomoucký kraj";"TIC, nám. Přemysla Otakara 762, Litovel (https://www.litovel.eu/)
Turistické infocentrum, Cholina 224 (https://www.obeccholina.cz/index.asp)"
"684";"Zámek Protivín";"Česká Republika";"Turistická známka";"Zámky";"Písek";"Jihočeský kraj";"Infocentrum, Masarykovo náměstí 37, Protivín (http://www.muprotivin.cz/)"
"685";"Sokolov";"Česká Republika";"Turistická známka";"Zámky, Vodácké řeky, Ohře";"Sokolov";"Karlovarský kraj";"Muzeum, Zámecká 1, Sokolov (http://www.omks.cz/main.php)
Infocentrum, 5. května 655, Sokolov (http://www.mdksokolov.cz/)"
"686";"Stráž nad Nežárkou";"Česká Republika";"Turistická známka";"Zámky";"Jindřichův Hradec";"Jihočeský kraj";"Cukrárna ROZINKA, nám. Emy Destinnové 12, Stráž nad Nežárkou
Zámek, nám. Emy Destinnové 1, Stráž nad Nežárkou (https://www.zamekstraz.cz/)"
"687";"Střela";"Česká Republika";"Turistická známka";"Zámky, Hrady, Otava";"Strakonice";"Jihočeský kraj";"Restaurace u Vondrášků, Husovo nám. 53, Katovice (http://www.uvondrasku.cz/)"
"688";"Zámek Milotice";"Česká Republika";"Turistická známka";"Zámky";"Hodonín";"Jihomoravský kraj";"Zámek Milotice (pokladna), Milotice u Kyjova (https://www.zamekmilotice.cz/cs)
Obecní úřad, Školní 72, Milotice (http://www.milotice.cz/)"
"689";"Zámek Červený Hrádek";"Česká Republika";"Turistická známka";"Zámky";"Chomutov";"Ústecký kraj";"Zámek Červený Hrádek (http://www.zamek-cerveny-hradek.cz)
Infocentrum, Tyršova 23, Jirkov (https://www.jirkov.cz/volny-cas/informacni-centrum/)"
"690";"Pluhův Žďár";"Česká Republika";"Turistická známka";"Zámky";"Jindřichův Hradec";"Jihočeský kraj";"Penzion U Zámku Pluhův Žďár, Pluhův Žďár 68 (https://pluhuvzdar.cz/)"
"691";"Tvrz Hanička";"Česká Republika";"Turistická známka";"Válečné památníky";"Rychnov nad Kněžnou";"Královéhradecký kraj";"Tvrz Hanička (pokladna) (http://www.hanicka.cz/)"
"692";"Ležáky";"Česká Republika";"Turistická známka";"Válečné památníky";"Chrudim";"Pardubický kraj";"Památník Ležáky, Miřetice (http://www.lezaky-memorial.cz/)"
"693";"Památník bitvy u Jankova";"Česká Republika";"Turistická známka";"Válečné památníky";"Benešov";"Středočeský kraj";"Obecmí úřad Jankov (http://obecjankov.cz/)
Čerpací stanice na okraji Jankova (směr Vlašim) (http://obecjankov.cz/)"
"694";"Pěchotní srub ""Na trati"" - Bohumín";"Česká Republika";"Turistická známka";"Válečné památníky";"Karviná";"Moravskoslezský kraj";"Pěchotní srub MO-S5 (https://www.bunkr-bohumin.cz/)"
"695";"Areál čs. opevnění Hlučín-Darkovičky, Slezské zemské muzeum";"Česká Republika";"Turistická známka";"Válečné památníky";"Opava";"Moravskoslezský kraj";"Informační Centrum Hlučín, Zámecká 286 (http://www.info.hlucin.com/)
Areál čs. opevnění, Hlučín- Darkovičky (http://www.szm.cz/)"
"696";"Army park Ořechov u Brna";"Česká Republika";"Turistická známka";"Válečné památníky";"Brno-venkov";"Jihomoravský kraj";"Turistická známka ZRUŠENA"
"697";"Muzeum tradičního bydlení a perleťářství Senetářov";"Česká Republika";"Turistická známka";"Skanzeny a muzea";"Blansko";"Jihomoravský kraj";"Muzeum, Senetářov (http://www.senetarov.cz/muzeum.php)
Obecní uřad, Senetářov (http://www.senetarov.cz/)"
"698";"Archeoskanzen Modrá";"Česká Republika";"Turistická známka";"Skanzeny a muzea";"Uherské Hradiště";"Zlínský kraj";"Živá Voda, Modrá - pokladna (http://www.zivavodamodra.cz/)
Prodejna + infocentrum, pokladna ve skanzenu"
"699";"Muzeum v přírodě Rymice";"Česká Republika";"Turistická známka";"Skanzeny a muzea";"Kroměříž";"Zlínský kraj";"Skanzen Rymice (https://www.muzeum-km.cz/)
Muzeum Kroměřížska, Kroměříž
Obecní úřad, Rymice 4 (http://www.rymice.cz/)"
"700";"Město Hulín";"Česká Republika";"Turistická známka";"Historická města";"Kroměříž";"Zlínský kraj";"Informačním centru Hulín, nám.Míru 123 (https://www.hulin.cz/pro-turisty/infocentrum/)"
"701";"Rozhledna Koráb na Šumavě";"Česká Republika";"Turistická známka";"Rozhledny a vyhlídky, Horské chaty a boudy";"Domažlice";"Plzeňský kraj";"Horská chata Koráb, Kdyně (http://www.horskachatakorab.estranky.cz/)
Infocentrum, Nádražní 314, Kdyně (http://www.kdyne.cz/mesto/informace-o-meste/kulturni-zarizeni/)"
"702";"Masarykova věž samostatnosti, Hořice";"Česká Republika";"Turistická známka";"Rozhledny a vyhlídky";"Jičín";"Královéhradecký kraj";"Rozhledna Masarykova Věž, pouze v létě
Galerie plastik, Gothard 1639, Hořice (https://muzeum.horice.org/)
Městské muzeum, nám. Jiřího z Poděbrad 160, Hořice (https://muzeum.horice.org/)
Informační centrum, nám. Jiřího z Poděbrad 3, Hořice (https://infocentrum.horice.org/)"
"703";"Rozhledna Libín u Prachatic";"Česká Republika";"Turistická známka";"Rozhledny a vyhlídky, Horské chaty a boudy";"Prachatice";"Jihočeský kraj";"Infocentrum, Velké náměstí 1, Prachatice (https://www.kisprachatice.cz/)
Decoré, Velké náměstí 38, Prachatice
Horská chata Libín"
"704";"Sokolov";"Česká Republika";"Turistická známka";"Rozhledny a vyhlídky, Vodácké řeky, Ohře";"Sokolov";"Karlovarský kraj";"Infocentrum, 5. května 655, Sokolov (http://www.mdksokolov.cz/)"
"705";"Rozhledna Rozálka - Žamberk";"Česká Republika";"Turistická známka";"Rozhledny a vyhlídky";"Ústí nad Orlicí";"Pardubický kraj";"Rozhledna Rozálka (http://www.zamberk.cz/)
Turistické informační centrum Žamberk Masarykovo náměstí 168 (http://www.zamberk.cz/)
Městské muzeum Žamberk (http://www.muzeumzamberk.cz/)
Autocamping Pod Černým Lesem, Žamberk (http://www.autocamping.cz/)"
"706";"Rozhledna Kleť - Blanský les";"Česká Republika";"Turistická známka";"Rozhledny a vyhlídky, Horské chaty a boudy";"Český Krumlov";"Jihočeský kraj";"Rozhledna Kleť (http://www.klet.com/)
Infocentrum, náměstí Svornosti 2, Český Krumlov (http://www.ckrumlov.cz/)
Kiosek - parkoviště, Krasetín (https://www.holubov.cz/lanovka-klet/)"
"707";"Rozhledna Chlum u Plzně";"Česká Republika";"Turistická známka";"Rozhledny a vyhlídky";"Plzeň-město";"Plzeňský kraj";"Informační centrum města Plzeň, náměstí Republiky 41 (https://www.visitplzen.eu/)
Rozhledna Chlum (http://www.rozhlednachlum.cz/)"
"708";"Rozhledna Babí lom - Lelekovice";"Česká Republika";"Turistická známka";"Rozhledny a vyhlídky";"Brno-venkov";"Jihomoravský kraj";"Restaurace Na Poňavě, Poňava 124/42 (https://www.restauracenaponave.cz/)
Samovýčep Pro Dobré lidi, Vranov 70 (https://www.penzionnagrunte.cz/)
Hospůdka Bylo Nebylo - Březina 24, Vranov (https://www.facebook.com/Hosp%C5%AFdka-Bylo-Nebylo-1924478211167590/?ref=page_internal)"
"709";"Klostermannova rozhledna";"Česká Republika";"Turistická známka";"Rozhledny a vyhlídky";"Prachatice";"Jihočeský kraj";"Hotel Krásná Vyhlídka, Vacov - Javorník 42 (http://www.hotel-vyhlidka.cz/)
Rozhledna Klostermannova, Javorník (http://www.javornik.cz/rozhledna.php)
Informační středisko Javorník na Šumavě (www.javornik.cz)
Penzion na Podlesí - Javorník 4, Šumava (http://www.napodlesi.cz/#utm_source=mapy.cz&utm_medium=ppd&utm_campaign=firmy.cz-13231298)"
"710";"Rozhledna Háj u Aše - Hainberg";"Česká Republika";"Turistická známka";"Rozhledny a vyhlídky";"Cheb";"Karlovarský kraj";"Sportovní areál vrch Háj, U Rozhledny 2933, Aš (http://www.lesy-as.cz/)
Informační centrum, Hlavní 23, Aš (https://www.info-as.cz/)"
"711";"Litovel";"Česká Republika";"Turistická známka";"Historická města";"Olomouc";"Olomoucký kraj";"TIC, nám. Přemysla Otakara 762, Litovel (https://www.litovel.eu/)"
"712";"Uničov";"Česká Republika";"Turistická známka";"Historická města";"Olomouc";"Olomoucký kraj";"Infocentrum, Masarykovo nám. 29, Uničov (http://www.mkzunicov.cz/mestske-informacni-centrum/)"
"713";"Týn nad Vltavou";"Česká Republika";"Turistická známka";"Historická města, Vltava";"České Budějovice";"Jihočeský kraj";"Infocentrum, náměstí Míru 1, Týn nad Vltavou (http://www.tnv.cz/)"
"714";"Doksy u Máchova jezera";"Česká Republika";"Turistická známka";"Historická města";"Česká Lípa";"Liberecký kraj";"Infocentrum, Valdštejnská 183, Doksy (http://www.doksy.com/)
Památník Karla Hynka Máchy - Doksy (http://www.muzeumcl.cz/)
Papírnictví a hračky, náměstí Republiky 212, Doksy
Infocentrum, Jana Roháče z Dubé 29, Staré Splavy (http://www.strediskorohac.cz/)
Hotel Port, Valdštejnská 530, Doksy (http://www.hotelport.cz/)
Penzion a restaurant Diana, Staré Splavy (http://diana.splavy.com/)
Stánek - Staré Splavy - Pod Borným (červenec - srpen)"
"715";"Jablonné nad Orlicí";"Česká Republika";"Turistická známka";"Historická města";"Ústí nad Orlicí";"Pardubický kraj";"Infocentrum, náměstí 5. května 30, Jablonné nad Orlicí (https://www.jablonneno.cz/)"
"716";"Vodňany";"Česká Republika";"Turistická známka";"Historická města";"Strakonice";"Jihočeský kraj";"Městské muzeum (bývalá synagoga), Vodňany (https://www.muzeumvodnany.cz/)
Infocentrum, nám. Svobody 18, Vodňany (http://www.infocentrumvodnany.cz/infocentrum)"
"717";"Roudnice nad Labem";"Česká Republika";"Turistická známka";"Historická města";"Litoměřice";"Ústecký kraj";"Infocentrum Podřipska, Arnoštova 88, Roudnice nad Labem (https://www.vyletnarip.cz/)"
"718";"Město Svratka";"Česká Republika";"Turistická známka";"Historická města";"Žďár nad Sázavou";"Kraj Vysočina";"Informační centrum, Palackého 30, Svratka (http://www.svratka.cz/informacni-centrum-svratka/)
Městské muzeum a galerie, U Zbrojnice 347, Svratka (http://www.svratka.cz/)
Hotel Svratka, Na Vyhlídce 41, Svratka (http://hotel-svratka.cz/)"
"719";"Hranice";"Česká Republika";"Turistická známka";"Historická města";"Přerov";"Olomoucký kraj";"Turistické informační centrum, Pernštejnské náměstí 1, Hranice (https://infocentrum-hranice.cz/)
Městské muzeum a galerie, Janáčkova 728, Hranice (http://www.mesto-hranice.cz/)
Infocentrum Hranická propast (https://infocentrum-hranice.cz/)"
"720";"Holešov";"Česká Republika";"Turistická známka";"Historická města";"Kroměříž";"Zlínský kraj";"Zámek - infocentrum, Holešov (https://www.holesov.info/)
Šachova Synagoga, Holešov (https://www.holesov.info/synagoga)"
"721";"Čeladná";"Česká Republika";"Turistická známka";"Pohoří, Památná místa a obce, Beskydy";"Frýdek-Místek";"Moravskoslezský kraj";"Knihovna a Informační centrum Čeladná (http://www.info-celadna.cz/)
Památník Josefa Kaluse, Čeladná"
"722";"Strž - Stará Huť u Dobříše";"Česká Republika";"Turistická známka";"Památníky, Skanzeny a muzea";"Příbram";"Středočeský kraj";"Památník Karla Čapka, Stará Huť u Dobříše (https://www.capek-karel-pamatnik.cz/)"
"723";"Památník Josefa Suka, Křečovice u Benešova";"Česká Republika";"Turistická známka";"Památníky";"Benešov";"Středočeský kraj";"Památník Josefa Suka, Křečovice (https://www.nm.cz/navstivte-nas/objekty/pamatnik-josefa-suka)"
"724";"Památník K.H.Máchy Doksy";"Česká Republika";"Turistická známka";"Památníky";"Česká Lípa";"Liberecký kraj";"Památník Karla Hynka Máchy - Doksy (http://www.muzeumcl.cz/)
Infocentrum, Valdštejnská 183, Doksy (http://www.doksy.com/)"
"725";"Vodopády Jedlová";"Česká Republika";"Turistická známka";"Pohoří, Přírodní útvary a místa, Jizerské hory";"Jablonec nad Nisou";"Liberecký kraj";"Trafika, Josefův Důl č. 297 (u kostela) (www.trafikajosefuvdul.websnadno.cz)
Infocentrum, Josefův Důl 210 (http://josefuvdul.eu/)"
"726";"Dolní Chřibská";"Česká Republika";"Turistická známka";"Pohoří, Památná místa a obce, Národní park České Švýcarsko";"Děčín";"Ústecký kraj";"Infocentrum Saula, Dolní Chřibská 284 (https://www.ceskesvycarsko.cz/cs/informace/informacni-strediska/saula-dolni-chribska-informacni-centrum)
Informační centrum, Chřibská 21, Chřibská (https://www.mesto-chribska.cz/)
Dům Českého Švýcarska, Křinické náměstí 10, Krásná Lípa (https://www.npcs.cz/informacni-strediska#dum-ceskeho-svycarska-v-krasne-lipe)"
"727";"Vrbno pod Pradědem";"Česká Republika";"Turistická známka";"Historická města, Pohoří, Jeseníky";"Bruntál";"Moravskoslezský kraj";"Turistické informační centrum, Jesenická 252, Vrbno pod Pradědem (https://www.strecha-vrbno.cz/)
Cukrárna Alfrédo, Vrbno pod Pradědem"
"728";"Zkamenělý zámek - Vojtěchov";"Česká Republika";"Turistická známka";"Přírodní útvary a místa";"Prostějov";"Olomoucký kraj";"Správa jeskyní, České republiky, Javoříčské jeskyně (https://www.caves.cz/)"
"729";"Keltská svatyně u Ludéřova";"Česká Republika";"Turistická známka";"Archeo";"Prostějov";"Olomoucký kraj";"Zámek Náměšť na Hané (http://www.zamek.namestnahane.cz/)
Občerstvení před hradem Černá Věž, Drahanovice
Turistické infocentrum, Cholina 224 (https://www.obeccholina.cz/index.asp)"
"730";"Rozhledna Slovanka";"Česká Republika";"Turistická známka";"Pohoří, Rozhledny a vyhlídky, Jizerské hory";"Jablonec nad Nisou";"Liberecký kraj";"Infocentrum, Bedřichov (http://www.bedrichov.cz/)
Chata Slovanka, Horní Maxov 8 (www.slovanka.eu)
B-sport Severák, Hrabětice 9 (bsport-hrabetice.cz)
Trafika, Josefův Důl č. 297 (u kostela) (www.trafikajosefuvdul.websnadno.cz)
Infocentrum, Josefův Důl 210 (http://josefuvdul.eu/)"
"731";"Sedlčany";"Česká Republika";"Turistická známka";"Historická města";"Příbram";"Středočeský kraj";"Městské muzeum, Tyršova 136, Sedlčany (http://www.muzeum-sedlcany.cz/)
TIC, náměstí T. G. Masaryka 34, Sedlčany (https://www.mesto-sedlcany.cz/)"
"732";"Rýmařov";"Česká Republika";"Turistická známka";"Historická města";"Bruntál";"Moravskoslezský kraj";"Informační centrum Rýmařov (https://www.inforymarov.cz/cz/)
Návštěvnické centrum Turistických známek, Rýmařov (http://www.turisticke-znamky.cz/)"
"733";"Ústí nad Labem";"Česká Republika";"Turistická známka";"Historická města, Církevní památky";"Ústí nad Labem";"Ústecký kraj";"Informační středisko, Mírové náměstí 1/1, Ústí nad Labem (https://www.usti-nad-labem.cz/cz/)
Bludiště na Větruši, Ústí nad Labem
Muzeum města Ústí nad Labem, Masarykova 3 (http://www.muzeumusti.cz/)"
"734";"Petrovice - kraj kamenů";"Česká Republika";"Turistická známka";"Historická města, Přírodní útvary a místa";"Příbram";"Středočeský kraj";"Obecní úřad, Petrovice 26 (http://www.petrovice-obec.cz/)
Rozhledna Kuníček u Petrovic (https://www.petrovice-obec.cz/vismo/dokumenty2.asp?id_org=11988&id=55636)"
"735";"Město Odry";"Česká Republika";"Turistická známka";"Historická města";"Nový Jičín";"Moravskoslezský kraj";"Informační centrum, Masarykovo náměstí 25, Odry (http://www.odry.cz/)"
"736";"Dvůr Králové nad Labem";"Česká Republika";"Turistická známka";"Historická města";"Trutnov";"Královéhradecký kraj";"Infocentrum, Švehlova 400, Dvůr Králové nad Labem (https://www.dvurkralove.cz/)
Městské muzeum, Sladkovského 530, Dvůr Králové nad Labem (muzeumdk.cz)"
"737";"Město Ostrava";"Česká Republika";"Turistická známka";"Historická města";"Ostrava-město";"Moravskoslezský kraj";"Infocentrum Věž, Prokešovo náměstí 1803/8, Ostrava (https://www.ostravainfo.cz/cz/info/infocentra/8566-infocentrum-vez.html)
Infocentrum Přívoz, Nádražní 215 (https://www.ostravainfo.cz/)
UNICUM - 28. října 3138/41, Ostrava (https://www.unicum-obchod.cz/)
Infocentrum Elektra, Jurečkova 1935/12, Ostrava (https://www.ostravainfo.cz/cz/info/infocentra/8560-infocentrum-elektra.html)
Infocentrum Svinov, Peterkova 1152/14, Ostrava (https://www.ostravainfo.cz/cz/info/infocentra/8565-infocentrum-svinov.html)
ČD centrum Ostrava (http://www.ceskedrahy.cz/tiskove-centrum/fotogalerie/nadrazi/-1208/)"
"738";"Jevíčko";"Česká Republika";"Turistická známka";"Historická města";"Svitavy";"Pardubický kraj";"Turistické informační centrum, Palackého náměstí 1, Jevíčko (https://www.jevicko.cz/)"
"739";"Hradec Králové";"Česká Republika";"Turistická známka";"Historická města";"Hradec Králové";"Královéhradecký kraj";"Infocentrum Hradec Králové, Eliščino nábřeží 626 (www.hkinfo.cz)
Kostel Sv. Mikuláše - Jiráskovy sady, Hradec Králové (www.hkinfo.cz)
Bílá věž, Franušova 168/1, Hradec Králové (https://www.bilavez.cz/)"
"740";"Česká Třebová";"Česká Republika";"Turistická známka";"Historická města";"Ústí nad Orlicí";"Pardubický kraj";"TIC, Klácelova 11, Česká Třebová (https://www.ceska-trebova.cz/)
Městské muzeum, Klácelova 11, Česká Třebová (http://www.mmct.cz/)"
"741";"Vysoké Mýto";"Česká Republika";"Turistická známka";"Historická města";"Ústí nad Orlicí";"Pardubický kraj";"TIC, nám. Přemysla Otakara II. 96, Vysoké Mýto (http://www.vysoke-myto.cz/)
Regionální muzeum, A.V.Šembery 125, Vysoké Mýto (https://www.muzeum-myto.cz/cs)
Café Bonviván, Tůmova 107, Vysoké Mýto (https://www.maisonbonvivan.cz/)"
"742";"Městečko Úterý";"Česká Republika";"Turistická známka";"Historická města";"Plzeň-sever";"Plzeňský kraj";"|Městský úřad, Úterý 1 (http://www.obecni-urad.net/utery/)
Hostinec U Kašny, Úterý 30"
"743";"Žamberk";"Česká Republika";"Turistická známka";"Historická města";"Ústí nad Orlicí";"Pardubický kraj";"Turistické informační centrum Žamberk Masarykovo náměstí 168 (http://www.zamberk.cz/)
Městské muzeum Žamberk (http://www.muzeumzamberk.cz/)
Rodný dům Prokopa Diviše, Betlém 326, Žamberk (http://www.muzeumzamberk.cz/)
Autocamping Pod Černým Lesem, Žamberk (http://www.autocamping.cz/)"
"744";"Zlín";"Česká Republika";"Turistická známka";"Historická města";"Zlín";"Zlínský kraj";"Městské informační a turistické středisko, náměstí Míru 12, Zlín (http://www.ic-zlin.cz/)
14|15 Baťův institut, Baťovský areál Zlín (https://www.14-15.cz/)"
"745";"Město Napajedla";"Česká Republika";"Turistická známka";"Historická města";"Zlín";"Zlínský kraj";"Informační centrum, Komenského 304, Napajedla (https://www.napajedla.cz/)
Rekreační středisko Pahrbek, Pahrbek 735, Napajedla (http://www.pahrbek.cz/)"
"746";"Riegrova stezka údolím Jizery";"Česká Republika";"Turistická známka";"Historická města, Stezky a trasy";"Semily";"Liberecký kraj";"Infocentrum, Husova 2, Semily (http://www.semily.cz/)"
"747";"Krásná Lípa";"Česká Republika";"Turistická známka";"Historická města";"Děčín";"Ústecký kraj";"Dům Českého Švýcarska, Křinické náměstí 10, Krásná Lípa (https://www.npcs.cz/informacni-strediska#dum-ceskeho-svycarska-v-krasne-lipe)"
"748";"Město Přibyslav";"Česká Republika";"Turistická známka";"Historická města, Sázava";"Havlíčkův Brod";"Kraj Vysočina";"Infocentrum, Bechyňovo náměstí 45, Přibyslav (https://www.kzmpribyslav.cz/)
Penzion a restaurace U Kubínů, Bechyňovo nám. 56, Přibyslav (http://www.ukubinu.cz/)"
"749";"Vyhlídková věž Hrádek, Varnsdorf";"Česká Republika";"Turistická známka";"Rozhledny a vyhlídky";"Děčín";"Ústecký kraj";"Vyhlídka Hrádek, Varnsdorf (https://www.regiavdf.cz/hradek-varnsdorf)
Městská knihovna, Otáhalova 1260, Varnsdorf (http://www.mkvdf.cz/)"
"750";"Františkovy Lázně";"Česká Republika";"Turistická známka";"Lázně, Historická města";"Cheb";"Karlovarský kraj";"Infocentrum, Máchova 8/373, Františkovy Lázně (www.frantiskovy-lazne.info)
Městské muzeum, Dlouhá 194/4, Františkovy Lázně (http://www.muzeum-frantiskovylazne.cz/)"
"751";"Chyše";"Česká Republika";"Turistická známka";"Zámky, Slavkovský les";"Karlovy Vary";"Karlovarský kraj";"Zámek Chyše (https://chyse.com/)"
"752";"Zámek Chropyně";"Česká Republika";"Turistická známka";"Zámky";"Kroměříž";"Zlínský kraj";"Zámek Chropyně, Velké náměstí (https://www.muzeum-km.cz/)"
"753";"Zámek Čechy pod Kosířem";"Česká Republika";"Turistická známka";"Zámky";"Prostějov";"Olomoucký kraj";"Obecní úřad, náměstí Svobody 289, Čechy pod Kosířem (https://www.cechypk.cz/)
Obchod U Parku, Komenského 224, Čechy pod Kosířem
Zámek Čechy pod Kosířem (https://www.zamekcechy.cz/)"
"754";"Konice";"Česká Republika";"Turistická známka";"Zámky";"Prostějov";"Olomoucký kraj";"Turistické informační centrum, Kostelní 46, Konice (http://www.mekskonice.cz/)"
"755";"Historická papírna, Doubrava u Aše";"Česká Republika";"Turistická známka";"Technické památky";"Cheb";"Karlovarský kraj";"Restaurace a penzion Magdalena, Doubrava 28 (http://www.restauracemagdalena.cz/)
Informační centrum, Hlavní 23, Aš (https://www.info-as.cz/)"
"756";"Lovecký zámeček Karlštejn";"Česká Republika";"Turistická známka";"Zámky";"Chrudim";"Pardubický kraj";"Lovecký zámeček Karlštejn (https://www.zamek-karlstejn.cz/)
Hotel Svratka, Na Vyhlídce 41, Svratka (http://hotel-svratka.cz/)
Informační centrum, Palackého 30, Svratka (http://www.svratka.cz/informacni-centrum-svratka/)"
"757";"Zámek Chrast";"Česká Republika";"Turistická známka";"Zámky";"Chrudim";"Pardubický kraj";"Městské muzeum Chrast, Náměstí 1, Chrast (https://www.mestochrast.cz/)
Infocentrum, knihovna, Náměstí 174, Chrast (https://www.mestochrast.cz/)"
"758";"Zámek Chanovice";"Česká Republika";"Turistická známka";"Zámky";"Klatovy";"Plzeňský kraj";"Zámek Chanovice - infocentrum (https://www.chanovice.cz/)"
"759";"Zámek Lysá nad Labem";"Česká Republika";"Turistická známka";"Zámky";"Nymburk";"Středočeský kraj";"Muzeum B. Hrozného, Nám. B. Hrozného 265, Lysá nad Labem (https://www.polabskemuzeum.cz/)
Infocentrum, Husovo náměstí 23/1, Lysá nad Labem (http://iclysa.cz/)
Domov Na Zámku, Zámek 21/1, Lysá nad Labem (https://www.domovnazamku.cz/)
Školní lesní podnik v Kostelci nad Černými lesy (1. nádvoří zámku v kanceláři střediska služeb)"
"760";"Zámek Chotěboř";"Česká Republika";"Turistická známka";"Zámky";"Havlíčkův Brod";"Kraj Vysočina";"Prodej dočasně pozastaven
Návštěvnické centrum Turistických známek, Rýmařov (http://www.turisticke-znamky.cz/)"
"761";"Lhota nad Moravou - Náklo";"Česká Republika";"Turistická známka";"Pohoří, CHKO a rezervace, Litovelské Pomoraví";"Olomouc";"Olomoucký kraj";"Pohostinství Pod Lipou, Náklo 4 (http://milan-spurny.webnode.cz/)"
"762";"Lipová-lázně";"Česká Republika";"Turistická známka";"Lázně, Pohoří, Jeseníky";"Jeseník";"Olomoucký kraj";"Informační centrum, Multifunkční středisko Muzea
Květinka, Lipová- Lázně 265
Penzion Slatina, Horní Lipová 7 (https://www.slatinahotel.cz/)
Textil, hračky, drogerie - Lipová-lázně 374"
"763";"Teplice nad Bečvou";"Česká Republika";"Turistická známka";"Lázně, Historická města";"Přerov";"Olomoucký kraj";"Obchod na lázeňské kolonádě, Teplice nad Bečvou 38
Infocentrum Hranická propast (https://infocentrum-hranice.cz/)"
"764";"Jeskyně Na Turoldu";"Česká Republika";"Turistická známka";"Jeskyně a propasti";"Břeclav";"Jihomoravský kraj";"Jeskyně na Turoldu, U Lomu 696, Mikulov (https://www.caves.cz/jeskyne/jeskyne-na-turoldu)
Turistické informační centrum, Náměstí 1, Mikulov (http://www.mikulov.cz)"
"765";"Hadcová step Mohelno";"Česká Republika";"Turistická známka";"Přírodní útvary a místa, Stezky a trasy, CHKO a rezervace";"Třebíč";"Kraj Vysočina";"Knihovna - obecní úřad, Mohelno 84 (http://naseknihovna.cz/mohelno/)
Restaurace U Staňků, Mohelno 89 (http://www.restaurace-u-stanku.estranky.cz/)"
"766";"Město Olešnice na Moravě";"Česká Republika";"Turistická známka";"Historická města";"Blansko";"Jihomoravský kraj";"Muzeum veteránů, nám. Míru 25, Olešnice (https://www.olesnice.cz/muzeum-historickych-vozidel)
Turistické a informační centrum Olešnice na Moravě"
"767";"Památník Joachima Barranda Skryje";"Česká Republika";"Turistická známka";"Památníky, Berounka";"Rakovník";"Středočeský kraj";"Muzeum- Památník Joachima Barranda, Skryje 68 (http://www.muzeumtgm.cz/)
Potraviny - občerstvení na Faře, Skryje č. p. 44
Restaurace Penzion Trilobit, Skryje 48
Galerii Samson Cafeé, V Brance 233, Rakovník (http://www.muzeumtgm.cz/)"
"768";"Jurkovičova chata - Peklo";"Česká Republika";"Turistická známka";"Horské chaty a boudy, Stezky a trasy";"Náchod";"Královéhradecký kraj";"Infocentrum, Husovo náměstí 1225, Nové Město nad Metují (http://www.infocentrum-nmnm.cz/)"
"769";"Dobrá Voda u Hartmanic";"Česká Republika";"Turistická známka";"Památníky, Památná místa a obce";"Klatovy";"Plzeňský kraj";"Muzeum Dr. Šimona Adlera, Dobrá Voda 5, Hartmanice (http://muzeum.sumava.net/?page_id=1432)"
"770";"Rusava";"Česká Republika";"Turistická známka";"Pohoří, Hostýnské vrchy";"Kroměříž";"Zlínský kraj";"Obecní úřad, Rusava 248 (http://www.rusava.cz/)
Muzeum - památník obce, Rusava (http://www.rusava.cz/)
Hotel Rusava (http://www.hotelrusava.cz/)
Penzion u Ráztoky, Ráztoka 36 (http://www.rusava.cz/)"
"771";"Baarův památník na Výhledech";"Česká Republika";"Turistická známka";"Památníky";"Domažlice";"Plzeňský kraj";"Turistické informační centrum, Klenčí pod Čerchovem (https://www.klenci.cz/)"
"772";"Villa Nova Uhřínov";"Česká Republika";"Turistická známka";"Archeo";"Rychnov nad Kněžnou";"Královéhradecký kraj";"Prodejna Suvenýr, Deštné v Orlických horách 374
Infocentrum, Deštné v Orlických horách 164 (http://www.destne.info/)"
"773";"Tiské stěny";"Česká Republika";"Turistická známka";"Přírodní útvary a místa, Pohoří, Labské pískovce";"Děčín";"Ústecký kraj";"Pokladna u vstupu do Tiských stěn
Turistické informační centrum Tisá, naproti kostela (https://www.tisa.cz/)
Penzion Na Kovárně Tisá, Tisá 302
Restaurace a penzion ""REFUGIO"", Tisá 473 (www.refugio.cz)
Sámoška u Ouborných, Tisá 260"
"774";"Srbská Kamenice";"Česká Republika";"Turistická známka";"Památná místa a obce, Pohoří, Národní park České Švýcarsko";"Děčín";"Ústecký kraj";"Infocentrum, Srbská Kamenice 224 (www.srbskakamenice.cz)"
"775";"Konstantinovy Lázně";"Česká Republika";"Turistická známka";"Lázně, Historická města";"Tachov";"Plzeňský kraj";"Obecní úřad, Lázeňská 27, Konstantinovy Lázně (https://www.konst-lazne.cz/)
Květiny - Dárky, Tichá 5, Konstantinovy Lázně
Hotel Jirásek - recepce, Plzeňská 79, Konstantinovy Lázně (https://www.konstantinovylazne.cz/)
Lázeňský hotel Prusík - recepce, Konstantinovy Lázně (https://www.konstantinovylazne.cz/)"
"776";"Lázně Klimkovice";"Česká Republika";"Turistická známka";"Lázně";"Ostrava-město";"Moravskoslezský kraj";"Lázně Klimkovice, Sanatoria Klimkovice, Hýlov 24 (https://www.sanatoria-klimkovice.cz/)"
"777";"Zbudov";"Česká Republika";"Turistická známka";"Památníky";"České Budějovice";"Jihočeský kraj";"Informační centrum, Dolní náměstí 585, Zliv (zliv.cz)"
"778";"Svatojánské proudy";"Česká Republika";"Turistická známka";"Přírodní útvary a místa, Lodní doprava, Vltava";"Praha-západ";"Středočeský kraj";"Chotilské muzeum střední Vltavy a balónového létání (https://www.chotilskemuzeum.cz/)
Restaurace u Melíšků, Jablonná 74 (https://www.umelisku.cz/inpage/uvod/)
Obchůdek Zvonek, Štěchovice (http://obchudekzvonek.webmium.com/)"
"779";"Lucký vrch";"Česká Republika";"Turistická známka";"Pohoří, Žďárské vrchy";"Svitavy";"Pardubický kraj";"Horský turistický pension, Lucký Vrch, Telecí (http://www.lucky-vrch.cz/)"
"780";"Město Cheb";"Česká Republika";"Turistická známka";"Historická města, Vodácké řeky, Ohře";"Cheb";"Karlovarský kraj";"Infocentrum, Jateční 2, Cheb (http://www.mestocheb.cz/)
Muzeum, náměstí Krále Jiřího z Poděbrad 493/4, Cheb (http://www.muzeumcheb.cz/)
ČD centrum Cheb (http://www.ceskedrahy.cz/tiskove-centrum/fotogalerie/nadrazi/-1208/)"
"781";"Kyjov";"Česká Republika";"Turistická známka";"Historická města";"Hodonín";"Jihomoravský kraj";"Městské informační centrum, Svatoborská 26, Kyjov (http://www.ickyjov.cz/)"
"782";"Světlá nad Sázavou";"Česká Republika";"Turistická známka";"Historická města, Sázava";"Havlíčkův Brod";"Kraj Vysočina";"TIC, nám. Trčků z Lípy 16, Světlá nad Sázavou (https://www.kyticesvetla.cz/)
Zámek Světlá nad Sázavou (http://www.zameksvetla.cz/)
Penzion Stvořidla, Na Žižkově 289, Ledeč nad Sázavou (http://www.penzionstvoridla.cz/)"
"783";"Panská skála Kamenický Šenov";"Česká Republika";"Turistická známka";"CHKO a rezervace";"Česká Lípa";"Liberecký kraj";"Infocentrum, Kamenický Šenov (https://www.kamenicky-senov.cz/)
Sklářské muzeum, Kamenický Šenov (http://www.muzeumskla.cz/stala-expozice/)
Informační centrum, nám. Míru 122, Česká Kamenice (https://ceska-kamenice.cz/turista/)
Občerstvení, Prácheň 213"
"784";"Šumperk";"Česká Republika";"Turistická známka";"Historická města";"Šumperk";"Olomoucký kraj";"Vlastivědné muzeum, Hlavní třída 22, Šumperk (http://www.muzeum-sumperk.cz/)
Expozice-čarodějnické procesy, Kladská 233/1, Šumperk (https://www.sumperk.cz/)
ČD centrum Šumperk (http://www.ceskedrahy.cz/tiskove-centrum/fotogalerie/nadrazi/-1208/)
Infocentrum, Hlavní třída 14, Šumperk (https://www.infosumperk.cz/)"
"785";"Česká Skalice";"Česká Republika";"Turistická známka";"Historická města";"Náchod";"Královéhradecký kraj";"Informační centrum, Legionářská 33, Česká Skalice (https://www.ceskoskalicko.cz/)
Muzeum Boženy Němcové Česká Skalice (https://www.muzeumbn.cz/)"
"786";"Hrádek nad Nisou";"Česká Republika";"Turistická známka";"Historická města";"Liberec";"Liberecký kraj";"Brána trojzemí - IC, Horní náměstí 71, Hrádek nad Nisou (http://www.hradek.cz/)"
"787";"Břeclav";"Česká Republika";"Turistická známka";"Historická města";"Břeclav";"Jihomoravský kraj";"Turistické informační centrum, U Tržiště 8, Břeclav (http://breclav.eu/kultura-a-volny-cas/oteviraci-doba-a-kontakty)
Městská knihovna, Národních hrdinů 9, Břeclav (https://www.knihovnabreclav.cz/)
ČD Centrum Břeclav (http://www.ceskedrahy.cz/tiskove-centrum/fotogalerie/nadrazi/-1208/)
Zámeček Pohansko (duben - říjen), Břeclav"
"788";"Ústí nad Orlicí";"Česká Republika";"Turistická známka";"Historická města";"Ústí nad Orlicí";"Pardubický kraj";"Infocentrum, Sychrova 16, Ústí nad Orlicí (https://www.ustinadorlici.cz/cs/turista-a-volny-cas/informacni-centrum)"
"789";"Velvary";"Česká Republika";"Turistická známka";"Historická města";"Kladno";"Středočeský kraj";"Městské muzeum Velvary, Pražská 109 (https://www.velvary.cz/)"
"790";"Sušárna chmele Dubá";"Česká Republika";"Turistická známka";"Historická města, Technické památky";"Česká Lípa";"Liberecký kraj";"Turistické informační centrum Dubá, Masarykovo náměstí 138 (https://www.mestoduba.cz/)"
"791";"Český Brod";"Česká Republika";"Turistická známka";"Historická města";"Kolín";"Středočeský kraj";"Infocentrum, nám. Arnošta z Pardubic 1, Český Brod (https://ic.cvik.info/)
Podlipanské muzeum, Žitomířská 761, Český Brod (http://www.podlipanskemuzeum.cz/)
Turistické informační centrum Kolín, Karlovo náměstí 8, Kolín (http://www.muzeumkolin.cz/)"
"792";"Prostějov";"Česká Republika";"Turistická známka";"Historická města";"Prostějov";"Olomoucký kraj";"Infocentrum, náměstí T.G. Masaryka 12, Prostějov (https://www.prostejov.eu/)
Muzeum a galerie, náměstí T. G. Masaryka 2, Prostějov (http://www.muzeumpv.cz/)"
"793";"Netolice";"Česká Republika";"Turistická známka";"Historická města";"Prachatice";"Jihočeský kraj";"Muzeum JUDr. O. Kudrny, Mírové Nám. 248, Netolice (https://www.muzeumnetolice.cz/)"
"794";"Město Hustopeče";"Česká Republika";"Turistická známka";"Historická města";"Břeclav";"Jihomoravský kraj";"Infocentrum (muzeum), Hustopeče, Dukelské náměstí (https://www.hustopece.cz/)"
"795";"Mohelnice";"Česká Republika";"Turistická známka";"Historická města";"Šumperk";"Olomoucký kraj";"Muzeum, Kostelní nám. 938, Mohelnice (http://www.muzeum-sumperk.cz/)
TIC Mohelnicka, Lazebnická 974/2, Mohelnice (mks-mohelnice.cz)"
"796";"Desná v Jizerských horách";"Česká Republika";"Turistická známka";"Historická města";"Jablonec nad Nisou";"Liberecký kraj";"Riedelova Vila, Krkonošská 120, Desná v Jizerských horách (https://mesto-desna.cz/)"
"797";"Dobruška";"Česká Republika";"Turistická známka";"Historická města";"Rychnov nad Kněžnou";"Královéhradecký kraj";"Informační centrum, nám. F. L. Věka 32, Dobruška (https://www.mestodobruska.cz/)"
"798";"Město Jemnice";"Česká Republika";"Turistická známka";"Historická města";"Třebíč";"Kraj Vysočina";"Muzeum Jemnicka (https://www.muzeumjemnice.cz/)
Městská knihovna, Tyršova 592, Jemnice (https://www.mesto-jemnice.cz/)
Turistické informační centrum, Husova 2, Jemnice (https://www.tic.jemnice.cz/)"
"799";"Počátky";"Česká Republika";"Turistická známka";"Historická města";"Pelhřimov";"Kraj Vysočina";"Infocentrum, Palackého nám. 7, Počátky (http://www.pocatky.cz/)
Městské muzeum, Palackého nám. 27, Počátky (https://www.pocatky.cz/)"
"800";"Vysoké nad Jizerou";"Česká Republika";"Turistická známka";"Historická města";"Semily";"Liberecký kraj";"Turistické infocentrum - Městská knihovna, Vysoké nad Jizerou (http://www.vysokenadjizerou.cz/)
Vlastivědné muzeum, Dr. Karla Farského 130, Vysoké nad Jizerou (https://www.vysokenadjizerou.cz/vlastivedne-muzeum/os-1002/p1=1061)
Skirent Šneko - Věnceslava Metelky 368, Vysoké nad Jizerou
Sport FALCO Cyklo, Věnceslava Metelky 368, Vysoké nad Jizerou (http://www.cyklovysoke.cz/falco1.php)"
"801";"Hrad Rychmburk";"Česká Republika";"Turistická známka";"Hrady";"Chrudim";"Pardubický kraj";"TIC, Rybičkova 364, Skuteč (http://www.skutecsky.navstevnik.cz/)
Hrad Rychmburk, Předhradí 17, Předhradí u Skutče"
"802";"Hrad Gutštejn";"Česká Republika";"Turistická známka";"Hrady";"Tachov";"Plzeňský kraj";"Hotel Jirásek - recepce, Plzeňská 79, Konstantinovy Lázně (https://www.konstantinovylazne.cz/)
Lázeňský hotel Prusík - recepce, Konstantinovy Lázně (https://www.konstantinovylazne.cz/)"
"803";"Hrad Starý Hroznatov";"Česká Republika";"Turistická známka";"Hrady";"Cheb";"Karlovarský kraj";"Hostinec pod Hradem, Hroznatov 34"
"804";"Hrad Krasíkov";"Česká Republika";"Turistická známka";"Hrady";"Tachov";"Plzeňský kraj";"Hotel Jirásek - recepce, Plzeňská 79, Konstantinovy Lázně (https://www.konstantinovylazne.cz/)
Lázeňský hotel Prusík - recepce, Konstantinovy Lázně (https://www.konstantinovylazne.cz/)
Dvůr Krasíkov- sezonní bistro, Krasíkov 1 (http://dvurkrasikov.webnode.cz/o-nas/)
Dvůr Krasíkov- obchůdek "" Amálčina Mydlárna"" (https://dvur-krasikov.cz/)"
"805";"Tvrz Lošany";"Česká Republika";"Turistická známka";"Hrady";"Kolín";"Středočeský kraj";"Obecní úřad, vstup tvrz - Lošany (http://www.losany.cz/)
Mašínův statek - památník tří odbojů (https://www.bartolomejskenavrsi.cz/)"
"806";"Tvrz Dolní Polžice";"Česká Republika";"Turistická známka";"Hrady";"Tachov";"Plzeňský kraj";"Lázeňský hotel Prusík - recepce, Konstantinovy Lázně (https://www.konstantinovylazne.cz/)"
"807";"Hrad Prácheň - Velké Hydčice";"Česká Republika";"Turistická známka";"Hrady, Otava";"Klatovy";"Plzeňský kraj";"Městské muzeum Horažďovice, TIC - zámek (http://www.muzeumhd.cz/)"
"808";"Hauenštejn - Horní hrad";"Česká Republika";"Turistická známka";"Hrady, Krušné hory";"Karlovy Vary";"Karlovarský kraj";"Horní Hrad (pokladna) (https://hornihrad.cz/)"
"809";"Hrad Vranov - Pantheon";"Česká Republika";"Turistická známka";"Hrady";"Jablonec nad Nisou";"Liberecký kraj";"Hrad Vranov Pantheon - kasa
Žlutá plovárna, Malá Skála (www.zlutaplovarna.cz)
Infoshop Vejměnek, Malá Skála 12 (http://www.vejmenek.cz/)"
"810";"Hrad Cornštejn";"Česká Republika";"Turistická známka";"Hrady";"Znojmo";"Jihomoravský kraj";"Hrad Cornštejn (https://www.muzeumznojmo.cz/)
Hrad Bítov - suvenýry (https://www.hrad-bitov.cz/cs)
Rozhledna Rumburak - Bítov (www.restaurantrumburak.cz)
COOP Smíšené zboží, Bítov 12 (https://www.jednotamk.cz/index.php)
Infocentrum, Náměstí 47, Vranov nad Dyjí (http://www.navstivtevranovsko.cz/cs/)
Autocamping Vranovská pláž (http://www.vranovska-plaz.cz/)"
"811";"Štola Sv. Josefa, Dolní Studené";"Česká Republika";"Turistická známka";"Technické památky";"Praha-západ";"Středočeský kraj";"Regionální muzeum, Masarykovo nám. 16, Jílové u Prahy (http://muzeumjilove.cz/)
Štola Sv. Josefa (http://www.muzeumjilove.cz/stoly/stola-sv-josefa/)"
"812";"Jarošův válcový mlýn";"Česká Republika";"Turistická známka";"Technické památky";"Brno-venkov";"Jihomoravský kraj";"Jarošův mlýn, Na Bílém potoce 89, Veverská Bitýška (http://www.jarosuvmlyn.cz/)"
"813";"Skanzen Solvayovy Lomy";"Česká Republika";"Turistická známka";"Technické památky, Skanzeny a muzea";"Beroun";"Středočeský kraj";"Skanzen Solvayovy Lomy (http://www.solvayovylomy.cz/)
Infocentrum, Svatý Jan pod Skalou 2 (https://www.svatyjan.cz/turistika-volny-cas/infocentrum/)
Muzeum Betlémů, Karlštejn 11 (http://www.muzeumbetlemu.cz/)"
"814";"Baťův kanál";"Česká Republika";"Turistická známka";"Technické památky, Lodní doprava";"Hodonín";"Jihomoravský kraj";"Infocentrum, Masarykovo náměstí 21, Uherské Hradiště (https://www.slovacko.cz/)
TIC Strážnicko, Vinohradská 35, Strážnice (http://www.straznice-mesto.cz/)
Informační centrum, Komenského 304, Napajedla (https://www.napajedla.cz/)
Infocentrum Baťova Kanálu, Veselí nad Moravou (https://www.batacanal.cz/)
Informační centrum Uherský Ostroh (https://www.uhostroh.cz/index.php/informacni-centrum-2)
Přístav Petrov, Petrov 525, Baťův kanál (http://www.batuvkanalpetrov.cz/)
Vodní doprava Strážnice - Kostelní 1330, Strážnice (https://www.bataknalodi.cz/)
Přístaviště - TIC, K. Čapka, Otrokovice (http://tic-otrokovice.cz/)
TIC, nám. 3. května 1302, Otrokovice (http://tic-otrokovice.cz/)"
"815";"Krušnohorská železnice";"Česká Republika";"Turistická známka";"Železnice, Technické památky";"Teplice";"Ústecký kraj";"Infocentrum Moldava, Moldava 113 (http://www.moldava.cz/informacni-centrum/)
Turistické informační centrum, FrýTajm Osek (https://www.frytajmosek.cz/kontakt/)
Železniční expozice Osek (https://moldavskadraha.cz/)
Městské informační centrum - Dům porcelánu, Tovární 620/15a, Dubí (https://www.mesto-dubi.cz/turisticke-zajimavosti/dum-porcelanu-s-modrou-krvi#utm_source=mapy.cz)"
"816";"Železniční muzeum ""Výtopna"" Jaroměř";"Česká Republika";"Turistická známka";"Železnice, Technické památky";"Náchod";"Královéhradecký kraj";"Železniční muzeum, Nádražní 227, Jaroměř (http://www.vytopnajaromer.cz)
TIC, nám. Československé armády 16, Jaroměř (https://www.jaromer-josefov.cz/)"
"817";"Osoblažská úzkokolejka";"Česká Republika";"Turistická známka";"Železnice, Technické památky";"Bruntál";"Moravskoslezský kraj";"Infocentrum Bohušov, Bohušov 15 (https://www.bohusov.cz/)
Informační centrum, Na Náměstí 106, Osoblaha (https://www.osoblaha.cz/)"
"818";"Jihlavské podzemí";"Česká Republika";"Turistická známka";"Technické památky";"Jihlava";"Kraj Vysočina";"Jihlavské podzemí (pokladna), Jihlava (https://www.jihlava.cz/podzemi/)"
"819";"Perníková chaloupka";"Česká Republika";"Turistická známka";"Skanzeny a muzea";"Pardubice";"Pardubický kraj";"Muzeum Perníku A Pohádek, Ráby 38 (https://www.pernikova-chaloupka.cz/)"
"820";"Muzeum Stříbra Kutná Hora";"Česká Republika";"Turistická známka";"Technické památky";"Kutná Hora";"Středočeský kraj";"České muzeum stříbra, Barborská 28, Kutná Hora (https://www.cms-kh.cz/)
České muzeum stříbra, Václavské nám. 183, Kutná Hora (https://www.cms-kh.cz/)"
"821";"Prachov - Muzeum přírody Český ráj";"Česká Republika";"Turistická známka";"Skanzeny a muzea, Pohoří, Český ráj";"Jičín";"Královéhradecký kraj";"Muzeum Přírody, Prachov (http://www.mpcr.cz/)"
"822";"ZOO park Vyškov";"Česká Republika";"Turistická známka";"Zoologické zahrady";"Vyškov";"Jihomoravský kraj";"Zoo park (pokladna), Vyškov (https://www.zoo-vyskov.cz/)"
"823";"Zoologická zahrada Hodonín";"Česká Republika";"Turistická známka";"Zoologické zahrady";"Hodonín";"Jihomoravský kraj";"Zoo (pokladna-suvenýry), Hodonín (http://www.zoo-hodonin.cz/)
Zoo Hodonín (http://www.zoo-hodonin.cz/)"
"824";"Ratíškovice";"Česká Republika";"Turistická známka";"Vinařské obce";"Hodonín";"Jihomoravský kraj";"Obec Ratíškovice, U Radnice 1300 (https://www.ratiskovice.com/)
Ratíškovická železnice a Muzeum ve Vagónu, U Trati, Ratíškovice (https://www.ratiskovice.com/)"
"825";"Lechovice";"Česká Republika";"Turistická známka";"Vinařské obce";"Znojmo";"Jihomoravský kraj";"Vinné sklepy, Lechovice 60 (https://www.vslechovice.cz/)"
"826";"Kobylí";"Česká Republika";"Turistická známka";"Vinařské obce";"Břeclav";"Jihomoravský kraj";"Muzeum obce, Kobylí 135 (http://www.kobyli.cz/)
Penzion Patria, Kobylí 716 (http://www.patriakobyli.cz/)"
"827";"Bořetice";"Česká Republika";"Turistická známka";"Vinařské obce";"Břeclav";"Jihomoravský kraj";"Hotel Kraví hora, Bořetice 510 (http://www.kravihora.cz/)"
"828";"Přímětice";"Česká Republika";"Turistická známka";"Vinařské obce";"Znojmo";"Jihomoravský kraj";"Hotel N, Přímětice 62 (https://www.hoteln.cz/)"
"829";"Šatov";"Česká Republika";"Turistická známka";"Vinařské obce";"Znojmo";"Jihomoravský kraj";"Malovaný sklep Šatov (https://www.malovany-sklep.cz/)
Pěchotní srub MJ-S 3 Zahrada, Šatov (http://www.technicalmuseum.cz/)"
"830";"Hrad Cimburk - Chřiby";"Česká Republika";"Turistická známka";"Hrady, Pohoří, Chřiby";"Kroměříž";"Zlínský kraj";"Hrad Cimburk, Koryčany (https://cimburk.eu/)
Turistické informační centrum Koryčany, Náměstí 401 (https://turisticke-informacni-centrum-korycany7.webnode.cz/)"
"831";"Loreta Rumburk";"Česká Republika";"Turistická známka";"Církevní památky, Historická města";"Děčín";"Ústecký kraj";"Infocentrum, Lužické nám. 103, Rumburk (https://ic.rumburk.cz/)
Loreta, Rumburk (http://www.loretarumburk.cz/)"
"832";"Maria Loreto Starý Hroznatov";"Česká Republika";"Turistická známka";"Církevní památky";"Cheb";"Karlovarský kraj";"Infocentrum, Jateční 2, Cheb (http://www.mestocheb.cz/)
Kostel - poutní místo Maria Loreto, Hroznatov (https://www.farnostcheb.cz/)
Hostinec pod Hradem, Hroznatov 34"
"833";"Synagoga Heřmanův Městec";"Česká Republika";"Turistická známka";"Církevní památky";"Chrudim";"Pardubický kraj";"Centrum Pohůdka, nám. Míru, Heřmanův Městec (http://www.hermanuv-mestec.cz/o-meste-1/turisticke-informacni-centrum/)"
"834";"Klášter Vranov u Brna";"Česká Republika";"Turistická známka";"Církevní památky";"Brno-venkov";"Jihomoravský kraj";"Samovýčep Pro Dobré lidi, Vranov 70 (https://www.penzionnagrunte.cz/)
Hospůdka Bylo Nebylo - Březina 24, Vranov (https://www.facebook.com/Hosp%C5%AFdka-Bylo-Nebylo-1924478211167590/?ref=page_internal)
Klášter Vranov u Brna (http://www.dc-vranov.cz/)"
"835";"Rotunda Svaté Kateřiny Znojmo";"Česká Republika";"Turistická známka";"Církevní památky";"Znojmo";"Jihomoravský kraj";"TIC - Jižní přístupová cesta, Hradní ulice, Znojmo (https://www.znojemskabeseda.cz/)
Jihomoravské muzeum, Znojmo, Přemyslovců (https://www.muzeumznojmo.cz/)
TIC, Obroková ulice 10, Znojmo (https://www.znojemskabeseda.cz/)
Radniční věž, Obroková ul., Znojmo (https://www.znojemskabeseda.cz/)
Znojemské podzemí, Slepičí trh 2, Znojmo (https://www.znojemskabeseda.cz/)"
"836";"Police nad Metují";"Česká Republika";"Turistická známka";"Církevní památky";"Náchod";"Královéhradecký kraj";"Infocentrum, Masarykovo nám. 75, Police nad Metují (www.policko.cz)
Knihkupectví, Komenského nám. 402, Police nad Metují"
"837";"Klášter Nová Říše";"Česká Republika";"Turistická známka";"Církevní památky";"Jihlava";"Kraj Vysočina";"Klášter Nová Říše
Restaurace U lva, Náměstí 5, Nová Říše
Vinotéka a květinka ""U kláštera"", Nová Říše (https://www.vinoteka-novarise.cz/)"
"838";"Město Dolní Kounice";"Česká Republika";"Turistická známka";"Historická města";"Brno-venkov";"Jihomoravský kraj";"Infocentrum, Masarykovo náměstí 2, Dolní Kounice (https://www.dolnikounice.cz/turisticke-informacni-centrum)
Klášter ROSA COELI - Dolní Kounice (www.dolnikounice.cz)"
"839";"Mariánská hora Horní Čermná";"Česká Republika";"Turistická známka";"Církevní památky";"Ústí nad Orlicí";"Pardubický kraj";"Infocentrum, B. Němcové 124, Lanškroun (https://www.lanskroun.eu/)
Městské muzeum, nám. A. Jiráska 1, Lanškroun (https://www.muzeumlanskroun.cz/)"
"840";"Pivovar Prazdroj Plzeň";"Česká Republika";"Turistická známka";"Historické pivovary";"Plzeň-město";"Plzeňský kraj";"Suvenýry v pivovaře Plzeňský Prazdroj, Plzeň (http://www.prazdroj.cz/)
Pivovarské muzeum, Veleslavínova 58/6, Plzeň (http://www.prazdrojvisit.cz/prohlidky/prohlidka-pivovarskeho-muzea/)"
"841";"Královský pivovar Krušovice";"Česká Republika";"Turistická známka";"Historické pivovary";"Rakovník";"Středočeský kraj";"Podniková prodejna, U Pivovaru 1, Krušovice (http://www.krusovice.cz/)
Kiosek U Pivovaru, Krušovice 1 (https://www.krusovickapekarna.cz/)"
"842";"Pivovar filmových Postřižin, Dalešice";"Česká Republika";"Turistická známka";"Historické pivovary";"Třebíč";"Kraj Vysočina";"Pivovar Dalešice, Dalešice 71 (http://www.pivovar-dalesice.cz/)"
"843";"Pivovar Černá Hora";"Česká Republika";"Turistická známka";"Historické pivovary";"Blansko";"Jihomoravský kraj";"Pivovarská prodejna, nám. U Pivovaru 496, Černá Hora (https://pivovarcernahora.cz/)
Hotel Sladovna, Černá Hora 3 (https://www.hotelsladovna.cz/)"
"844";"Pivovar Nymburk";"Česká Republika";"Turistická známka";"Historické pivovary";"Nymburk";"Středočeský kraj";"Pivovar Nymburk (na bráně pivovaru), Nymburk (https://www.postriziny.cz/)
Infocentrum, náměstí Přemyslovců 165, Nymburk (http://www.mesto-nymburk.cz/)"
"845";"Pivovar Nová Paka";"Česká Republika";"Turistická známka";"Historické pivovary";"Jičín";"Královéhradecký kraj";"Pivovar Nová Paka, Pivovarská 400 (https://www.novopackepivo.cz/)"
"846";"Pivovar Dětenice";"Česká Republika";"Turistická známka";"Historické pivovary";"Jičín";"Královéhradecký kraj";"Zámecký pivovar, Dětenice 1 (https://www.detenice.cz/)"
"847";"Pivovar Krakonoš Trutnov";"Česká Republika";"Turistická známka";"Historické pivovary";"Trutnov";"Královéhradecký kraj";"Podniková prodejna pivovaru Krakonoš, Barvířská 27, Trutnov (https://www.pivovar-krakonos.cz/)
Hotel Krakonoš (recepce), Barvířská 41/6, Trutnov (https://www.hotel-krakonos.cz/)"
"848";"Pivovar Podkováň";"Česká Republika";"Turistická známka";"Historické pivovary";"Mladá Boleslav";"Středočeský kraj";"Prodej dočasně pozastaven
Návštěvnické centrum Turistických známek, Rýmařov (http://www.turisticke-znamky.cz/)"
"849";"Chrám sv. Mikuláše, Louny";"Česká Republika";"Turistická známka";"Církevní památky, Ohře";"Louny";"Ústecký kraj";"Chrám sv. Mikuláše, Louny (http://www.farnostlouny.com/)
Infocentrum, Pražská 95, Louny (http://www.louny.eu/)"
"850";"Kaple svaté Barbory Chřiby";"Česká Republika";"Turistická známka";"Církevní památky, Pohoří, Chřiby";"Uherské Hradiště";"Zlínský kraj";"Kaple Sv. Barbory (v sezónu), Buchlovice
Hradní prodejna suv. Buchlov (https://www.hrad-buchlov.cz/cs)"
"851";"Chalupská slať";"Česká Republika";"Turistická známka";"Pohoří, Přírodní útvary a místa, Šumava";"Prachatice";"Jihočeský kraj";"IS NP Šumava, Svinná Lada 21 (https://www.npsumava.cz/navstivte-sumavu/navstevnicka-centra/informacni-stredisko-svinna-lada/)
Informační centrum Borová Lada č.p. 41 (https://www.facebook.com/ICBorovaLada)
Infocentrum, Horní Vltavice 119 (https://www.hornivltavice.cz/ouhornivltavice/)
Infocentrum NP Šumava - Idina Pila, Zátoň (https://www.npsumava.cz/navstivte-sumavu/navstevnicka-centra/informacni-stredisko-idina-pila/)
Informační středisko, Horská Kvilda 40 (http://horskakvilda.eu/)
Suvenýry U RYSA, Kvilda 18
Inf. středisko NP Šumava, Sušická 399, Kašperské Hory (https://www.npsumava.cz/navstivte-sumavu/navstevnicka-centra/informacni-stredisko-kasperske-hory/)
Turistické centrum Chata Terezka, Kvilda 35 (https://chataterezka.cz/)"
"852";"Černé jezero";"Česká Republika";"Turistická známka";"Pohoří, Přírodní útvary a místa, Šumava";"Klatovy";"Plzeňský kraj";"Informační centrum, 1. máje 12, Železná Ruda (http://www.sumavanet.cz/itcruda/)
Hotel Karl, sedlo Špičák (http://www.karl.cz/)
SKI & BIKE ŠPIČÁK, areál Špičák (http://sumava.spicak.cz/)
AdamOliver Dárky a dekorace (www.Adamolivertravel.CZ)"
"853";"Boubínský prales";"Česká Republika";"Turistická známka";"Pohoří, Přírodní útvary a místa, Šumava";"Prachatice";"Jihočeský kraj";"Infocentrum NP Šumava - Idina Pila, Zátoň (https://www.npsumava.cz/navstivte-sumavu/navstevnicka-centra/informacni-stredisko-idina-pila/)
Centrální parkoviště Boubín (ika.cz/vylety/boubin/detail)
Penzion IDA, Kaplice 66 (http://www.penzion-ida.cz/)
Ubytování Kopaničáková, Kubova Huť 10 (https://www.booking.com/hotel/cz/apartment-kopanicakova.html?aid=808251)
Infocentrum, Horní Vltavice 119 (https://www.hornivltavice.cz/ouhornivltavice/)
Informační středisko, Horská Kvilda 40 (http://horskakvilda.eu/)
Inf. středisko NP Šumava, Sušická 399, Kašperské Hory (https://www.npsumava.cz/navstivte-sumavu/navstevnicka-centra/informacni-stredisko-kasperske-hory/)
Informační středisko, nám. Svobody 42, Vimperk (https://vimperk.cz/)
Půjčovna elektrokol, koloběžek a lyží na parkovišti, Kubova Huť (http://www.elektrokolakubovahut.cz/)
Turistické centrum Chata Terezka, Kvilda 35 (https://chataterezka.cz/)"
"854";"Březník";"Česká Republika";"Turistická známka";"Pohoří, Památná místa a obce, Šumava";"Klatovy";"Plzeňský kraj";"Pivovar Lyer - penzion - Hájenka na Březníku (https://www.pivovarmodrava.cz/)
Informační středisko, Horská Kvilda 40 (http://horskakvilda.eu/)
Informační centrum, Modrava 63 (https://www.sumavanet.cz/modrava/)
Inf. středisko NP Šumava, Sušická 399, Kašperské Hory (https://www.npsumava.cz/navstivte-sumavu/navstevnicka-centra/informacni-stredisko-kasperske-hory/)"
"855";"Jezero Laka";"Česká Republika";"Turistická známka";"Pohoří, Přírodní útvary a místa, Šumava";"Klatovy";"Plzeňský kraj";"Infocentrum, Prášily 110 (https://sumavanet.cz/icprasily/)
Hostinec u Michala, Prášily 111 (https://www.prasilskyraj.cz/)
Informační centrum, 1. máje 12, Železná Ruda (http://www.sumavanet.cz/itcruda/)
Inf. středisko NP Šumava, Sušická 399, Kašperské Hory (https://www.npsumava.cz/navstivte-sumavu/navstevnicka-centra/informacni-stredisko-kasperske-hory/)
AdamOliver Dárky a dekorace (www.Adamolivertravel.CZ)
Turistické centrum Chata Terezka, Kvilda 35 (https://chataterezka.cz/)"
"856";"Minaret Lednice";"Česká Republika";"Turistická známka";"Rozhledny a vyhlídky, Lednicko-valtický areál";"Břeclav";"Jihomoravský kraj";"Minaret, Lednice (https://www.zamek-lednice.com/)
Suvenýry na zámku Dekora, Lednice
Turistické Infocentrum, Malinovského 25, Lednice (https://www.lednice.cz/obec/turista/turisticke-informacni-centrum/)
Obchod se suvenýry u pokladny II. okruhu, Zámek Lednice
Občerstvení u zámku (hippoclub.cz)
Trafika Zámecké náměstí, Lednice"
"857";"Rozhledna Sokolí vrch - Dobrná";"Česká Republika";"Turistická známka";"Rozhledny a vyhlídky";"Děčín";"Ústecký kraj";"Rozhledna Dobrná (https://www.obec-dobrna.cz/sokoli-vrch)"
"858";"Rozhledna Čebínka";"Česká Republika";"Turistická známka";"Rozhledny a vyhlídky";"Brno-venkov";"Jihomoravský kraj";"Rozhledna Čebínka
Čebínská chaloupka, Čebín 209 (www.cebinskachaloupka.cz)
Restaurant Čebínka, Čebín 146 (http://cebinka.cz/)
Turistické informační centrum, nám. Míru 120, Tišnov (https://www.tictisnov.cz/)"
"859";"Velká Čantoryje";"Česká Republika";"Turistická známka";"Rozhledny a vyhlídky, Pohoří, Beskydy";"Frýdek-Místek";"Moravskoslezský kraj";"Rozhledna Velká Čantoryje (http://www.cantoryje.cz/)"
"860";"Ivančena";"Česká Republika";"Turistická známka";"Pohoří, Památníky, Beskydy";"Frýdek-Místek";"Moravskoslezský kraj";"Hospoda U Veličků, Malenovice pod Lysou Horou (https://www.facebook.com/uvelicku/?ref=page_internal)
TIC, Hlavní 1755, Frýdlant nad Ostravicí (http://www.ticfno.cz/)
Turistické informační centrum, Ostravice 400 (http://infocentrumostravice.cz/)"
"861";"Zámek Židlochovice";"Česká Republika";"Turistická známka";"Zámky";"Brno-venkov";"Jihomoravský kraj";"Regionální informační centrum, Masarykova 100, Židlochovice (http://zidlochovicko.cz/)"
"862";"Zámek Uherčice";"Česká Republika";"Turistická známka";"Zámky";"Znojmo";"Jihomoravský kraj";"Infocentrum, Náměstí 47, Vranov nad Dyjí (http://www.navstivtevranovsko.cz/cs/)
Zámek Uherčice (https://www.zamek-uhercice.cz/)"
"863";"Zámek Nasavrky";"Česká Republika";"Turistická známka";"Zámky";"Chrudim";"Pardubický kraj";"Turistické informační centrum, Náměstí 37, Nasavrky (http://www.nasavrky.cz/turisticke-informacni-centrum/os-1033)"
"864";"Zámek Police";"Česká Republika";"Turistická známka";"Zámky";"Třebíč";"Kraj Vysočina";"Obecní úřad a zámek, Police (http://www.obec-police.cz/)"
"865";"Zámek Studénka";"Česká Republika";"Turistická známka";"Zámky";"Nový Jičín";"Moravskoslezský kraj";"Vagonářské muzeum Studénka, Panská (https://www.vagonarske-muzeum.cz/)
Infocentrum (budova MěÚ), nám. Republiky 762, Studénka (https://www.mesto-studenka.cz/)"
"866";"Zámek Moravské Budějovice";"Česká Republika";"Turistická známka";"Zámky";"Třebíč";"Kraj Vysočina";"MUZEUM ŘEMESEL, náměstí Míru 1, Moravské Budějovice (http://www.muzeum.mbudejovice.cz/)
Turistické informační centrum, Purcnerova 62, Moravské Budějovice (http://www.infomb.cz/)"
"867";"Zámek Litvínov";"Česká Republika";"Turistická známka";"Zámky";"Most";"Ústecký kraj";"Informační turistické centrum, Zámek Valdštejnů, Mostecká 1, Litvínov (www.facebook.com/info.Litvinov)"
"868";"Zámek Horní Cerekev";"Česká Republika";"Turistická známka";"Zámky";"Pelhřimov";"Kraj Vysočina";"Trafika, nám. T. G. Masaryka 41, Horní Cerekev
Hotel Rustikal, Havlíčkova 120, Horní Cerekev (https://www.hotel-rustikal.com/)"
"869";"Zámek Poběžovice";"Česká Republika";"Turistická známka";"Zámky";"Domažlice";"Plzeňský kraj";"Informační středisko, náměstí Míru 210, Poběžovice (https://www.pobezovice.cz/infocentrum/)"
"870";"Zámek Nečtiny";"Česká Republika";"Turistická známka";"Zámky";"Plzeň-sever";"Plzeňský kraj";"Školicí a ubytovací zařízení Nečtiny, Hrad Nečtiny 1 (https://zameknectiny.cz/)
Regionální muzeum, Nečtiny 79"
"871";"Rozhledna Ježník - Krnov";"Česká Republika";"Turistická známka";"Rozhledny a vyhlídky";"Bruntál";"Moravskoslezský kraj";"TIC, Hobzíkova 13/11, Krnov (https://www.infokrnov.cz/)"
"872";"Bílá Hora u Kopřivnice";"Česká Republika";"Turistická známka";"Rozhledny a vyhlídky";"Nový Jičín";"Moravskoslezský kraj";"Rozhledna Bílá Hora (https://rozhledna-bila-hora.cz/)
Občerstvení Pod Schody, náměstí 41, Štramberk (martin-bar.trade.cz)
Suvenýry, Náměstí 40, Štramberk
Občerstvení na Zauličí č. 146, Štramberk
Informační centrum, Obránců míru 368, Kopřivnice (https://www.kdk.cz/)"
"873";"Schillerova rozhledna - Kryry";"Česká Republika";"Turistická známka";"Rozhledny a vyhlídky";"Louny";"Ústecký kraj";"Schillerova rozhledna, Kryry (https://www.kryry.cz/mesto/schillerova-rozhledna/)"
"874";"Tisovský vrch - Pajndl";"Česká Republika";"Turistická známka";"Rozhledny a vyhlídky, Pohoří, Krušné hory";"Karlovy Vary";"Karlovarský kraj";"Výletní restaurace a penzion Kukačka, Tisová 82, Nejdek (https://penzion-kukacka.webnode.cz/)
Infocentrum, Nám. Karla IV. 241,Nejdek (https://www.nejdek.cz/)
Hotel Anna, Nejdek, náměstí Karla IV. (http://www.hotel-penzionanna.cz)
Obecní úřad Nové Hamry (https://www.novehamry.eu/)"
"875";"Rozhledna Blatenský vrch";"Česká Republika";"Turistická známka";"Rozhledny a vyhlídky, Pohoří, Krušné hory";"Karlovy Vary";"Karlovarský kraj";"Muzeum, Bezručova 127, Horní Blatná (https://www.horni-blatna.cz/turisticke-informace/muzeum-horni-blatna/)
Infocentrum, nám. sv. Vavřince 1, Horní Blatná (https://www.horni-blatna.cz/turisticke-informace/)
Suvenýry - JKT Kreativ, náměstí Sv. Vavřince 1, Horní Blatná"
"876";"Travičná - Tvarožná Lhota";"Česká Republika";"Turistická známka";"Rozhledny a vyhlídky, Pohoří, Bílé Karpaty";"Hodonín";"Jihomoravský kraj";"Rozhledna Travičná - Tvarožná Lhota (http://www.tvarozna-lhota.cz/rozhledna-travicna/ms-1032/p1=1032)
Obecní úřad, Tvarožná Lhota 190 (http://www.tvarozna-lhota.cz/)
TIC Strážnicko, Vinohradská 35, Strážnice (http://www.straznice-mesto.cz/)"
"877";"Jindřišská věž - Praha";"Česká Republika";"Turistická známka";"Rozhledny a vyhlídky";"Praha";"Hlavní město Praha";"Jindřišská věž, Praha (https://www.jindrisskavez.cz/)"
"878";"Rozhledna Tišnov";"Česká Republika";"Turistická známka";"Rozhledny a vyhlídky";"Brno-venkov";"Jihomoravský kraj";"Turistické informační centrum, nám. Míru 120, Tišnov (https://www.tictisnov.cz/)
Restaurace V Chaloupkách, U Sušírny 1070, Předklášteří"
"879";"Rozhledna na Smrku";"Česká Republika";"Turistická známka";"Rozhledny a vyhlídky, Pohoří, Jizerské hory";"Liberec";"Liberecký kraj";"Chata Hubertka, Bílý Potok 370 (http://www.chatahubertka.cz/)
Kiosek - suvenýry na parkovišti Obří Sud, Lázně Libverda
Turistické infocentrum, Nové Město pod Smrkem (http://infocentrum-nmps.cz/cz/)
Hotel Panský dům, Jizerka (https://www.jizerka.cz/)
Infocentrum, Lázně Libverda 17 (http://www.laznelibverda.cz/cs/volny-cas/turisticke-informace/informacni-centrum.html)
Cukrárna u kostela, Klášterní, Hejnice (https://www.facebook.com/cukrarnaukostela/)
Balustráda Restaurant & Café, Libverda (https://www.facebook.com/people/Cukr%C3%A1rna-Balustr%C3%A1da-L%C3%A1zn%C4%9B-Libverda/100093144398054/)"
"880";"Rozhledna Diana Karlovy Vary";"Česká Republika";"Turistická známka";"Rozhledny a vyhlídky, Pohoří, Slavkovský les";"Karlovy Vary";"Karlovarský kraj";"Restaurace Diana - Vrch přátelství 5/1, 360 01, Karlovy Vary (https://dianakv.cz/cs)
Infocentrum, Mariánskolázeňská 2, Karlovy Vary (https://www.karlovyvary.cz/cs)
Mlýnská kolonáda - prodej suvenýrů Karlovy Vary (karlovyvary.cz)
Stánek u Atria ve Dvořákových sadech, Karlovy Vary
Stánek naproti Kina Čas,T. G. Masaryka, Karlovy Vary
Suvenýry VERONA, T.G.Masaryka 805/9, Karlovy Vary"
"881";"Město Choceň";"Česká Republika";"Turistická známka";"Historická města";"Ústí nad Orlicí";"Pardubický kraj";"Infocentrum, Tyršovo náměstí 301, Choceň (http://www.chocen-mesto.cz/)
Orlické muzeum, Pernerova 1, Choceň (https://www.orlickemuzeum.cz/)"
"882";"Vamberk město krajky";"Česká Republika";"Turistická známka";"Historická města";"Rychnov nad Kněžnou";"Královéhradecký kraj";"Muzeum Krajky + prodejna Martina, Vamberk (http://www.martina-krajka.cz/)
TIC, Palackého nám. 29, Kostelec nad Orlicí (https://www.rtic.cz/)"
"883";"Kostelec nad Orlicí";"Česká Republika";"Turistická známka";"Historická města";"Rychnov nad Kněžnou";"Královéhradecký kraj";"TIC, Palackého nám. 29, Kostelec nad Orlicí (https://www.rtic.cz/)
Nový zámek Kostelec nad Orlicí, Komenského 1 (http://www.zamekkostelecno.cz/)"
"884";"Třebíč UNESCO";"Česká Republika";"Turistická známka";"Historická města";"Třebíč";"Kraj Vysočina";"TIC Bazilika, Zámek 1, Třebíč (https://www.mkstrebic.cz/turisticka-informacni-centra/)"
"885";"Bystřice pod Hostýnem";"Česká Republika";"Turistická známka";"Historická města";"Kroměříž";"Zlínský kraj";"Městské informační centrum, Pod Platany 2, Bystřice pod Hostýnem (https://www.bystriceph.cz/)"
"886";"Nýrsko";"Česká Republika";"Turistická známka";"Historická města";"Klatovy";"Plzeňský kraj";"Infocentrum, Náměstí 123, Nýrsko
Autokemp, Tylova, Nýrsko (https://cs-cz.facebook.com/ATCNyrsko)
Restaurace ATC Nýrsko, U Koupaliště 778, Nýrsko (https://www.restaurace-atc.cz/)"
"887";"Mladá Vožice";"Česká Republika";"Turistická známka";"Historická města";"Tábor";"Jihočeský kraj";"Textil - Švadlenka, Mladá Vožice
Infocentrum Mladá Vožice (https://www.mu-vozice.cz/)"
"888";"Ostrov";"Česká Republika";"Turistická známka";"Historická města, Krušné hory";"Karlovy Vary";"Karlovarský kraj";"Infocentrum Dům kultury, Mírové nám. 733, Ostrov (https://www.dk-ostrov.cz/)"
"889";"Nejdek";"Česká Republika";"Turistická známka";"Historická města, Krušné hory";"Karlovy Vary";"Karlovarský kraj";"Infocentrum, Nám. Karla IV. 241,Nejdek (https://www.nejdek.cz/)
Městské muzeum, nám. Karla IV. 238, Nejdek (https://www.nejdek.cz/mesto/instituce-mesta/mestske-muzeum/)
Hotel Anna, Nejdek, náměstí Karla IV. (http://www.hotel-penzionanna.cz)"
"890";"Veselí nad Moravou";"Česká Republika";"Turistická známka";"Historická města";"Hodonín";"Jihomoravský kraj";"Městské muzeum, Bartolomějské nám. 41, Veselí nad Moravou (http://www.masaryk.info/mestske-muzeum-veseli-nad-moravou/)
TIC Veselska, nám. Míru 664, Veselí nad Moravou (http://www.tic-veseli.cz/)
Dům přírody Bílých Karpat (https://www.dumprirody.cz/bilekarpaty/)"
"891";"Chodovská tvrz, Praha";"Česká Republika";"Turistická známka";"Hrady";"Praha";"Hlavní město Praha";"Kulturní dům Chodovská tvrz, Praha 11 (https://chodovskatvrz.cz/)"
"892";"Nový Hrádek u Lukova";"Česká Republika";"Turistická známka";"Hrady";"Znojmo";"Jihomoravský kraj";"Penzion U Hrádku, Lukov 25 (https://www.penzionuhradku.cz/)
Hrad Nový Hrádek (http://www.npu.cz/)
Infocentrum, Náměstí 47, Vranov nad Dyjí (http://www.navstivtevranovsko.cz/cs/)
Autocamping Vranovská pláž (http://www.vranovska-plaz.cz/)"
"893";"Hrad Frejštejn";"Česká Republika";"Turistická známka";"Hrady";"Znojmo";"Jihomoravský kraj";"Obchod na Kopečku, Podhradí nad Dyjí 2 (https://www.facebook.com/kopecekpodhradi)
Infocentrum, Náměstí 47, Vranov nad Dyjí (http://www.navstivtevranovsko.cz/cs/)"
"894";"Hrad Oheb - Seč";"Česká Republika";"Turistická známka";"Hrady";"Chrudim";"Pardubický kraj";"Turistické informační centrum, Chrudimská 94, Seč (http://www.mestosec.cz/ic.asp)
Trafika u Pošty, Seč
Recepce Autokempu - Seč Pláž (http://www.autokempsec.cz/)
Penzion u Čtyřlístku, Hořelec 1 (www.penzion-uctyrlistku.cz)
Hostinec Pod Drnem, Hoješín 48 (http://www.poddrnem.com/)
Autokemp U Letadla, Seč (https://autocamp.estranky.cz/)"
"895";"Slezskoostravský hrad";"Česká Republika";"Turistická známka";"Hrady";"Ostrava-město";"Moravskoslezský kraj";"Pokladna a prodejna suvenýrů, Slezskoostravský hrad (https://www.slezskoostravskyhrad.cz/cz/o-hradu/expozice/6-muzeum-jantarove-stezky-a-hedvabne-cesty.html)
Infocentrum Elektra, Jurečkova 1935/12, Ostrava (https://www.ostravainfo.cz/cz/info/infocentra/8560-infocentrum-elektra.html)
Infocentrum Svinov, Peterkova 1152/14, Ostrava (https://www.ostravainfo.cz/cz/info/infocentra/8565-infocentrum-svinov.html)
Infocentrum Přívoz, Nádražní 164/215, Ostrava (https://www.ostravainfo.cz/cz/info/infocentra/8564-infocentrum-privoz.html)
Infocentrum Věž, Prokešovo náměstí 1803/8, Ostrava (https://www.ostravainfo.cz/cz/info/infocentra/8566-infocentrum-vez.html)"
"896";"Hrad Budyně nad Ohří";"Česká Republika";"Turistická známka";"Hrady, Ohře";"Litoměřice";"Ústecký kraj";"Vodní hrad, Budyně nad Ohří"
"897";"Tvrz Hvížďalka - Kalenice";"Česká Republika";"Turistická známka";"Hrady";"Strakonice";"Jihočeský kraj";"Tvrz, Kalenice (http://www.kalenice.cz/)
Koloniál na návsi, Kalenice (http://www.kalenice.cz/)
Jana Svítilová, Kalenice 52 (http://www.kalenice.cz/)
Hospůdka Kovárna, Volenice 164 (http://www.kalenice.cz/)"
"898";"Žampach";"Česká Republika";"Turistická známka";"Hrady";"Ústí nad Orlicí";"Pardubický kraj";"TIC Domov pod hradem, Žampach 1 (https://www.uspza.cz/)"
"899";"Hrad Lanšperk";"Česká Republika";"Turistická známka";"Hrady";"Ústí nad Orlicí";"Pardubický kraj";"Hostinec na podhradí, Lanšperk 2 (https://www.facebook.com/Hostinec-na-podhrad%C3%AD)
Infocentrum, Sychrova 16, Ústí nad Orlicí (https://www.ustinadorlici.cz/cs/turista-a-volny-cas/informacni-centrum)"
"900";"Hrad Rýzmburk";"Česká Republika";"Turistická známka";"Hrady";"Teplice";"Ústecký kraj";"Turistické informační centrum, FrýTajm Osek (https://www.frytajmosek.cz/kontakt/)"
"901";"Bouřňák";"Česká Republika";"Turistická známka";"Pohoří, Ski areály, Horské chaty a boudy, Krušné hory";"Teplice";"Ústecký kraj";"Infocentrum Moldava, Moldava 113 (http://www.moldava.cz/informacni-centrum/)"
"902";"Holubí Skály";"Česká Republika";"Turistická známka";"Pohoří, Přírodní útvary a místa, Krušné hory";"Karlovy Vary";"Karlovarský kraj";"Infocentrum, Potůčky 85 (https://www.potucky-obec.cz/)
Suvenýry - JKT Kreativ, náměstí Sv. Vavřince 1, Horní Blatná"
"903";"Potůčky";"Česká Republika";"Turistická známka";"Pohoří, Krušné hory";"Karlovy Vary";"Karlovarský kraj";"Infocentrum, Potůčky 85 (https://www.potucky-obec.cz/)
Pošta, Potůčky 85"
"904";"Vidly";"Česká Republika";"Turistická známka";"Pohoří, Stezky a trasy, Jeseníky";"Bruntál";"Moravskoslezský kraj";"Informační středisko CHKO Jeseníky-Karlova Studánka (https://www.dumprirody.cz/informacni-stredisko-chko-jeseniky/)
Turistické informační centrum, Jesenická 252, Vrbno pod Pradědem (https://www.strecha-vrbno.cz/)
Cukrárna Alfrédo, Vrbno pod Pradědem"
"905";"Horní Údolí";"Česká Republika";"Turistická známka";"Pohoří, Jeseníky";"Jeseník";"Olomoucký kraj";"Penzion Hotýlek u Pekina, Dolní Údolí 44, Zlaté Hory (https://www.hotylekupekina.cz/)"
"906";"Dlouhé stráně";"Česká Republika";"Turistická známka";"Pohoří, Technické památky, Jeseníky";"Jeseník";"Olomoucký kraj";"Informační centrum PVE Dlouhé Stráně (https://www.dlouhe-strane.cz/)
Informační centrum, Loučná nad Desnou 57 (https://icloucna.cz/)"
"907";"Bílá Opava - Barborka";"Česká Republika";"Turistická známka";"Pohoří, CHKO a rezervace, Horské chaty a boudy, Stezky a trasy, Jeseníky";"Bruntál";"Moravskoslezský kraj";"Chata Barborka (http://barborka-praded.cz/)
Chata Ovčárna - Vojenská Zotavovna (http://www.ovcarna.cz)
Informační středisko CHKO Jeseníky-Karlova Studánka (https://www.dumprirody.cz/informacni-stredisko-chko-jeseniky/)"
"908";"Velké Karlovice";"Česká Republika";"Turistická známka";"Pohoří, Vsetínské vrchy";"Vsetín";"Zlínský kraj";"Informační centrum, Velké Karlovice 299 (http://www.velkekarlovice.cz/)
Rozhledna Miloňová, Velké Karlovice (http://www.velkekarlovice.cz/)
Grandhotel TATRA, Velké Karlovice (https://www.grandhoteltatra.cz)"
"909";"Ostrovačice Vilém Mrštík";"Česká Republika";"Turistická známka";"Památníky";"Brno-venkov";"Jihomoravský kraj";"Městys Ostrovačice, náměstí Viléma Mrštíka 54 (https://www.ostrovacice.eu/)"
"910";"Ústí nad Orlicí - tábořiště v Cakli";"Česká Republika";"Turistická známka";"Volnočasové areály";"Ústí nad Orlicí";"Pardubický kraj";"Infocentrum, Sychrova 16, Ústí nad Orlicí (https://www.ustinadorlici.cz/cs/turista-a-volny-cas/informacni-centrum)
Vodácké tábořiště Cakle - bufet (http://cakle.cz/)"
"911";"Lázně Libverda";"Česká Republika";"Turistická známka";"Lázně";"Liberec";"Liberecký kraj";"Infocentrum, Lázně Libverda 17 (http://www.laznelibverda.cz/cs/volny-cas/turisticke-informace/informacni-centrum.html)
Kiosek - suvenýry na parkovišti Obří Sud, Lázně Libverda
Cukrárna u kostela, Klášterní, Hejnice (https://www.facebook.com/cukrarnaukostela/)
Stánek s oplatkami přímo na kolonádě, Lázně Libverda
Balustráda Restaurant & Café, Libverda (https://www.facebook.com/people/Cukr%C3%A1rna-Balustr%C3%A1da-L%C3%A1zn%C4%9B-Libverda/100093144398054/)"
"912";"Zemská Brána";"Česká Republika";"Turistická známka";"Pohoří, Přírodní útvary a místa, Orlické hory";"Ústí nad Orlicí";"Pardubický kraj";"Chráněné dílny KOPEČEK - Bartošovice 15 (https://kopecek.neratov.cz/)
Chata Na Čiháku, Čihák 12 (https://www.chatanacihaku.cz/)
Rekreační středisko Orlice, Klášterec nad Orlicí 11 (https://www.facebook.com/Rekrea%C4%8Dn%C3%AD-St%C5%99edisko-Orlice-172305756770288#utm_source=mapy.cz&utm_medium=ppd&utm_content=h)
Informační středisko, Rokytnice v Orlických horách (http://www.rokytnice.cz/)
Penzion Rampušák, náměstí T. G. Masaryka 5, Rokytnice (https://www.rampusak.cz/)
Turistické informační centrum Žamberk Masarykovo náměstí 168 (http://www.zamberk.cz/)
Autokemp Šlechtův palouk, Pastviny 451 (https://www.atcslechtuvpalouk.cz/)
Městské muzeum Žamberk (http://www.muzeumzamberk.cz/)"
"913";"Neratov";"Česká Republika";"Turistická známka";"Pohoří, Orlické hory";"Rychnov nad Kněžnou";"Královéhradecký kraj";"Neratovská hospoda, Bartošovice v Orlických horách 86
Smíšené zboží Neratov
Chráněné dílny KOPEČEK - Bartošovice 15 (https://kopecek.neratov.cz/)
Penzion Rampušák, náměstí T. G. Masaryka 5, Rokytnice (https://www.rampusak.cz/)
Informační středisko, Rokytnice v Orlických horách (http://www.rokytnice.cz/)"
"914";"Hrad Dívčí Hrady";"Česká Republika";"Turistická známka";"Hrady";"Břeclav";"Jihomoravský kraj";"Turistické informační centrum, Na Návsi 88, Pavlov (www.obec-pavlov.cz)
Vinařství Vilém Topolanský, Česká ev.č. 79, Pavlov (https://www.vinarstvitopolansky.cz/)
Občerstvení U vody, Sklepní 52, Dolní Věstonice (http://www.ulangru.cz/)
Turistické informační centrum, Náměstí 1, Mikulov (http://www.mikulov.cz)"
"915";"Hrad Starý Rybník";"Česká Republika";"Turistická známka";"Hrady";"Cheb";"Karlovarský kraj";"Restaurace Sportclub, Starý Rybník
Hrad Vildštejn - Restaurace Hodovna, Pod Hradem 81, Skalná (https://www.vildstejn.cz/cs/restaurace-hodovna/)"
"916";"Hrad Vildštejn";"Česká Republika";"Turistická známka";"Hrady";"Cheb";"Karlovarský kraj";"Hrad Vildštejn - Restaurace Hodovna, Pod Hradem 81, Skalná (https://www.vildstejn.cz/cs/restaurace-hodovna/)"
"917";"Hrad Libá";"Česká Republika";"Turistická známka";"Hrady";"Cheb";"Karlovarský kraj";"Zámek Libá (http://www.libaczech.cz/)
Obecní úřad, Libá 220 (http://www.obec-liba.eu/)"
"918";"Hrad Sirotčí Hrádek";"Česká Republika";"Turistická známka";"Hrady";"Břeclav";"Jihomoravský kraj";"Penzion Proneco v Klentnici (https://penzion.proneco.cz/)
Turistické informační centrum, Na Návsi 88, Pavlov (www.obec-pavlov.cz)
Turistické informační centrum, Náměstí 1, Mikulov (http://www.mikulov.cz)
SKLEPNICE, Klentnice 208"
"919";"Otaslavice - Hladomorna";"Česká Republika";"Turistická známka";"Hrady";"Prostějov";"Olomoucký kraj";"Restaurace Sokolovna, Otaslavice (http://sokolotaslavice.cz/)
Obecní úřad Otaslavice (http://www.otaslavice.cz/)"
"920";"Blansek";"Česká Republika";"Turistická známka";"Hrady";"Blansko";"Jihomoravský kraj";"Punkevní jeskyně, Punkevní žleb 81 (caves.cz)
Informační centrum Macocha – Horní můstek (https://www.caves.cz/)
Informační středisko Skalní Mlýn (http://www.skalnimlyn.cz/)
Suvenýry Salmovka ve Skalním mlýně (https://www.caves.cz/)
Suvenýry u Skalního mlýna 96"
"921";"Dobrá Voda";"Česká Republika";"Turistická známka";"Církevní památky, Pohoří, Novohradské hory";"České Budějovice";"Jihočeský kraj";"KIC, náměstí Republiky 46, Nové Hrady (http://www.kicnovehrady.cz/)
Bistro Na vyhlídce, Dobrá Voda
Infocentrum, Horní Stropnice 68 (http://www.horni-stropnice.cz/)"
"922";"Poutní chrám Panny Marie - Dub nad Moravou";"Česká Republika";"Turistická známka";"Církevní památky";"Olomouc";"Olomoucký kraj";"Římskokatolická farnost, Dub nad Moravou (http://www.dubnadmoravou.cz/)
Úřad Městyse Dub nad Moravou (http://www.dubnadmoravou.cz/)"
"923";"Kunčice pod Ondřejníkem";"Česká Republika";"Turistická známka";"Církevní památky";"Frýdek-Místek";"Moravskoslezský kraj";"Obecní úřad, Kunčice pod Ondřejníkem 569 (http://www.kuncicepo.cz/)
Restaurant Beskydský H-Resort, Kunčice p. Ondřejníkem 8 (https://www.facebook.com/H-resort-220894507977643)
Knihovna a Informační centrum Čeladná (http://www.info-celadna.cz/)
Infocentrum, Havlíčkova 32, Frenštát pod Radhoštěm (http://frenstatinfo.cz/)"
"924";"Klášter Borovany";"Česká Republika";"Turistická známka";"Církevní památky";"České Budějovice";"Jihočeský kraj";"Infocentrum, Žižkovo náměstí 1, Borovany (https://www.borovansko.cz/)
Hotel Alf, Žižkovo nám. 2, Borovany (https://www.facebook.com/Hotel-ALF-278601795493833#utm_source=mapy.cz&utm_medium=ppd&utm_content=hledani&utm_term=Hotel%20Alf%2c%2)"
"925";"Klášter Osek";"Česká Republika";"Turistická známka";"Církevní památky";"Teplice";"Ústecký kraj";"Turistické informační centrum, FrýTajm Osek (https://www.frytajmosek.cz/kontakt/)"
"926";"Dům na sboru - Kunvald";"Česká Republika";"Turistická známka";"Církevní památky";"Ústí nad Orlicí";"Pardubický kraj";"Turistické informační centrum Žamberk Masarykovo náměstí 168 (http://www.zamberk.cz/)
Domek Na sboru, Kunvald 238 (https://www.e-cirkev.cz/kdo-jsme/historie/ceska-reformace/domek-na-sboru/#utm_source=mapy.cz&utm_medium=ppd&utm_campaign=firmy.cz-)
Informační centrum Pastviny (https://www.obecpastviny.cz/turisticke-informacni-centrum)"
"927";"Svatý Kopeček - Mikulov";"Česká Republika";"Turistická známka";"Církevní památky";"Břeclav";"Jihomoravský kraj";"Turistické informační centrum, Náměstí 1, Mikulov (http://www.mikulov.cz)
Zámek Mikulov - suvenýry (http://www.rmm.cz/)"
"928";"Kurdějov";"Česká Republika";"Turistická známka";"Církevní památky";"Břeclav";"Jihomoravský kraj";"Obecní úřad, Kurdějov (http://www.obec-kurdejov.cz/)
Hotel Tenis Kurdějov (https://www.hotelkurdejov.cz/)
Penzion U Králíků, Kurdějov (https://www.penzion-kurdejov.cz/)"
"929";"Zámek a klášter Doksany";"Česká Republika";"Turistická známka";"Církevní památky, Zámky, Ohře";"Litoměřice";"Ústecký kraj";"Klášter Doksany (http://www.klasterdoksany.cz/)"
"930";"Poutní místo Bozkov";"Česká Republika";"Turistická známka";"Církevní památky";"Semily";"Liberecký kraj";"Kiosek na parkovišti - Infocentrum, Bozkov 290 (http://www.obecbozkov.cz/)"
"931";"Mikulčice - Valy";"Česká Republika";"Turistická známka";"Archeo";"Hodonín";"Jihomoravský kraj";"Slovanské hradiště, Mikulčice - Valy (http://www.masaryk.info/slovanske-hradiste-mikulcice/)"
"932";"Kounovské kamenné řady";"Česká Republika";"Turistická známka";"Archeo";"Rakovník";"Středočeský kraj";"Expozice Kounovské kamenné řady, Kounov 49 (https://www.obec-kounov.cz)
Obecní úřad, Kounov 44 (https://www.obec-kounov.cz/)"
"933";"Pohansko - Břeclav";"Česká Republika";"Turistická známka";"Archeo";"Břeclav";"Jihomoravský kraj";"Turistické informační centrum, U Tržiště 8, Břeclav (http://breclav.eu/kultura-a-volny-cas/oteviraci-doba-a-kontakty)
Městské muzeum a galerie Břeclav (https://www.muzeumbv.cz/)
Městská knihovna, Národních hrdinů 9, Břeclav (https://www.knihovnabreclav.cz/)"
"934";"Staré Hradisko";"Česká Republika";"Turistická známka";"Archeo";"Prostějov";"Olomoucký kraj";"Obecní úřad, Malé Hradisko (https://www.malehradisko.cz/)
Smíšené zboží Sekaninová, Malé Hradisko (https://www.malehradisko.cz/)"
"935";"Kamenná chata Velký Polom";"Česká Republika";"Turistická známka";"Pohoří, Horské chaty a boudy, Beskydy";"Frýdek-Místek";"Moravskoslezský kraj";"Kamenná chata, Dolní Lomná 148 (https://www.kamennachata.cz/)"
"936";"Křížový Vrch u Stodu";"Česká Republika";"Turistická známka";"Církevní památky, Rozhledny a vyhlídky";"Plzeň-jih";"Plzeňský kraj";"Rozhledna Křížový Vrch (letní sezóna), Stod (https://www.mestostod.cz/vismo/galerie3.asp?id_org=15551&id_fotopary=1024&n=krizovy%2Dvrch%2Drozhledna)
Městské informační centrum, nám. ČSA 294, Stod (http://www.mestostod.cz/)"
"937";"Větrný mlýn a muzeum Velké Těšany";"Česká Republika";"Turistická známka";"Skanzeny a muzea, Technické památky";"Kroměříž";"Zlínský kraj";"Větrný mlýn a muzeum, Velké Těšany (http://www.muzeum-km.cz/)
Muzeum Kroměřížska, Kroměříž"
"938";"Rozhledna Drahoušek - Osečany";"Česká Republika";"Turistická známka";"Rozhledny a vyhlídky";"Příbram";"Středočeský kraj";"Rozhledna Osečany (http://www.osecany.cz/)"
"939";"Javořice";"Česká Republika";"Turistická známka";"Pohoří, Přírodní útvary a místa, Jihlavské vrchy";"Jihlava";"Kraj Vysočina";"Pohostinství pod Štamberkem, Lhotka
Kemp Javořice, Lhotka 10 (https://www.javorice.cz/)
Camp Velkopařezitý, Řásná (https://www.campvelkoparezity.cz/)
Chadimův mlýn, Horní Dubenky 33 (https://www.chadimmlyn.cz/)
Dárkové zboží, Nám. Zachariáše z Hradce 8, Telč"
"940";"Rozhledna na Vrátenské hoře";"Česká Republika";"Turistická známka";"Rozhledny a vyhlídky";"Mělník";"Středočeský kraj";"Vrátenská rozhledna (https://www.sdruzeniobcikokorinska.cz/)"
"941";"Rozhledna Mackova hora";"Česká Republika";"Turistická známka";"Rozhledny a vyhlídky";"Rakovník";"Středočeský kraj";"Rozhledna Mackova hora (květen-září) (http://rozhledny.webzdarma.cz/mackova.htm)
Muzeum T. G. M., Jesenice (http://www.muzeumtgm.cz/vlastivedne-muzeum-jesenice/)
Infocentrum, Nové Strašecí (https://www.novestraseci.cz/turistika/infocentrum/)"
"942";"Rozhledna Dyleň - Tillenberg";"Česká Republika";"Turistická známka";"Rozhledny a vyhlídky, Přírodní útvary a místa, Pohoří, Český les";"Cheb";"Karlovarský kraj";"Infocentrum, Hlavní 47, Mariánské Lázně (marianskelazne.cz)
Stánky u Karolininy kolonády, Mariánské Lázně"
"943";"Rozhledna Tobiášův vrch";"Česká Republika";"Turistická známka";"Rozhledny a vyhlídky";"Rakovník";"Středočeský kraj";"Rozhledna Tobiášův Vrch, Hořovičky - Bukov (http://www.tobiasuvvrch.xf.cz/)
Muzeum T. G. M., Jesenice (http://www.muzeumtgm.cz/vlastivedne-muzeum-jesenice/)"
"944";"Bukovanský Mlýn";"Česká Republika";"Turistická známka";"Rozhledny a vyhlídky, Technické památky";"Hodonín";"Jihomoravský kraj";"Mlýn, Bukovany (https://www.bukovansky-mlyn.cz/)"
"945";"Rozhledna Tanečnice";"Česká Republika";"Turistická známka";"Rozhledny a vyhlídky";"Děčín";"Ústecký kraj";"Rozhledna Tanečnice (https://rozhlednatanecnice.eu/)
Infocentrum, Mikulášovice (http://www.mikulasovice.cz/)"
"946";"Rozhledna Babylon - Kramolín";"Česká Republika";"Turistická známka";"Rozhledny a vyhlídky";"Třebíč";"Kraj Vysočina";"Rozhledna Babylon, Kramolín (http://obeckramolin.cz/rozhledna-babylon/ms-1155/p1=1155)"
"947";"Klobouky u Brna";"Česká Republika";"Turistická známka";"Zámky, Technické památky";"Břeclav";"Jihomoravský kraj";"Městské muzeum, Klobouky u Brna
Městský úřad (podatelna), Klobouky u Brna"
"948";"Mikulášovice";"Česká Republika";"Turistická známka";"Historická města";"Děčín";"Ústecký kraj";"Infocentrum, Mikulášovice (http://www.mikulasovice.cz/)"
"949";"Bzenec";"Česká Republika";"Turistická známka";"Historická města";"Hodonín";"Jihomoravský kraj";"Informační centrum, nám. Svobody 75, Bzenec (http://www.bzenec.cz/)
Knihovna, Kr. Vladislava 759, Bzenec (http://www.bzenec.cz/)
Hotel Junior, Nám. Svobody 318, Bzenec (http://www.hotelbzenec.cz/)"
"950";"Holýšov";"Česká Republika";"Turistická známka";"Historická města";"Domažlice";"Plzeňský kraj";"Expozice bunkr, Holýšov - telefonická domluva: 606 612 677 (http://www.chodsko.net/co-videt/bod-zajmu/1800)
Restaurace U Nováků, nám. 5. května 71, Holýšov (http://restauraceunovaku.cz/)
Informační centrum, nám. 5. května 32, Holýšov (http://www.mestoholysov.cz/)"
"951";"Svobodné horní město Rudolfov";"Česká Republika";"Turistická známka";"Historická města";"České Budějovice";"Jihočeský kraj";"Hornické muzeum, Rudolfov (http://www.knihovnarudolfov.estranky.cz/clanky/muzeum.html)
Trafika u kostela, Rudolfov"
"952";"Železný Brod";"Česká Republika";"Turistická známka";"Historická města";"Jablonec nad Nisou";"Liberecký kraj";"Infocentrum, náměstí 3. května, Železný Brod (http://www.zeleznybrod.cz)
Muzeum, náměstí 3. května 37, Železný Brod (http://muzeumzb.cz/)"
"953";"Červený Kostelec";"Česká Republika";"Turistická známka";"Historická města";"Náchod";"Královéhradecký kraj";"Domek B. Němcové, Boženy Němcové 127, Červený Kostelec (https://www.cervenykostelec.cz/budovy-a-verejne-prostory/domek-bozeny-nemcove#utm_source=mapy.cz&utm_medium=ppd&utm_campaign=firmy)
IC, Havlíčkova 654, Červený Kostelec (https://www.cervenokostelecko.cz/home)"
"954";"Kynšperk nad Ohří";"Česká Republika";"Turistická známka";"Historická města, Vodácké řeky, Slavkovský les, Ohře";"Sokolov";"Karlovarský kraj";"Infocentrum, M. Gorkého 1, Kynšperk nad Ohří (http://www.mkskynsperk.cz/)"
"955";"Chodov";"Česká Republika";"Turistická známka";"Historická města";"Sokolov";"Karlovarský kraj";"Turistické infocentrum, Staroměstská 39, Chodov (http://www.knihovnachodov.cz/)
Knihovna - Síň historie města, Staroměstská 55, Chodov (http://www.knihovnachodov.cz/knihovna/index.php)"
"956";"Chomutov";"Česká Republika";"Turistická známka";"Historická města";"Chomutov";"Ústecký kraj";"Turistické infocentrum, náměstí 1. Máje 5885, Chomutov (http://www.chomutov-mesto.cz/)
Oblastní muzuem, Palackého 86, Chomutov (https://www.muzeumchomutov.cz/)"
"957";"Město Slavičín";"Česká Republika";"Turistická známka";"Historická města";"Zlín";"Zlínský kraj";"Infocentrum, Mladotické nábřeží 849, Slavičín (http://www.mesto-slavicin.cz/)
Cukrárna Dorty Slavičín, K Hájenkám 828, Slavičín (http://www.mesto-slavicin.cz/)"
"958";"Lomnice nad Popelkou - Tábor";"Česká Republika";"Turistická známka";"Historická města";"Semily";"Liberecký kraj";"Informační středisko, Husovo náměstí 44, Lomnice nad Popelkou (http://www.kislomnice.cz/)
Muzeum a galerie, Husovo náměstí 43, Lomnice nad Popelkou (http://www.muzeumlomnice.cz/)"
"959";"Kaplice";"Česká Republika";"Turistická známka";"Historická města";"Český Krumlov";"Jihočeský kraj";"Infocentrum, Linecká 305, Kaplice (https://www.ikaplice.cz/)"
"960";"Český Těšín";"Česká Republika";"Turistická známka";"Historická města";"Karviná";"Moravskoslezský kraj";"TIC, Štefánikova 17/27, Český Těšín (http://www.knihovnatesin.cz/)
Trafika, Štefánikova 27, Český Těšín"
"961";"Nový Hrad - Jimlín";"Česká Republika";"Turistická známka";"Zámky";"Louny";"Ústecký kraj";"Zámek Nový hrad - Jimlín (http://www.zameknovyhrad.cz/)"
"962";"Staré Hrady - Libáň";"Česká Republika";"Turistická známka";"Zámky";"Jičín";"Královéhradecký kraj";"Hrad a zámek Staré Hrady - Libáň (www.starehrady.cz)"
"963";"Třebívlice";"Česká Republika";"Turistická známka";"Zámky, Památná místa a obce";"Litoměřice";"Ústecký kraj";"Expozice Ulriky von Levetzow, U Zámku 92, Třebívlice (https://www.obec-trebivlice.cz/)
Obecní úřad Třebívlice (https://www.obec-trebivlice.cz/)"
"964";"Zámek Lány";"Česká Republika";"Turistická známka";"Zámky";"Rakovník";"Středočeský kraj";"Galerii Samson Cafeé, V Brance 233, Rakovník (http://www.muzeumtgm.cz/)
Zámek Lány (https://www.hrad.cz/cs/prazsky-hrad-pro-navstevniky/ostatni/zamek-lany-10271)
Muzeum T. G. Masaryka, Zámecká 197, Lány (http://www.muzeumtgm.cz/)"
"965";"Zámek Ždánice";"Česká Republika";"Turistická známka";"Zámky";"Hodonín";"Jihomoravský kraj";"Vrbasovo muzeum, Zámek 1, Ždánice (https://vrbasovo-muzeum.webnode.cz/)
Infocentrum, Městečko 18, Ždánice (https://www.infocentrumzdanice.cz/)"
"966";"Zámek Miroslav";"Česká Republika";"Turistická známka";"Zámky";"Znojmo";"Jihomoravský kraj";"Zámek, Brněnská 79/2, Miroslav (https://www.miroslavskyzamek.cz/)
Vinotéka Merlot, nám.Svobody 8, Miroslav"
"967";"Zámek Meziměstí";"Česká Republika";"Turistická známka";"Zámky";"Náchod";"Královéhradecký kraj";"Infocentrum, 5. května 113, Meziměstí (www.mezimesti.cz)"
"968";"Zámek Bezdružice";"Česká Republika";"Turistická známka";"Zámky";"Tachov";"Plzeňský kraj";"Zámek Bezdružice (https://www.bezdruzice.cz/turista/zamek-bezdruzice/#utm_source=mapy.cz&utm_medium=ppd&utm_campaign=firmy.cz-13040782)
Městský úřad Bezdružice (http://www.bezdruzice.cz/)
Lázeňský hotel Prusík - recepce, Konstantinovy Lázně (https://www.konstantinovylazne.cz/)"
"969";"Zámek Kunštát";"Česká Republika";"Turistická známka";"Zámky";"Blansko";"Jihomoravský kraj";"Zámek Kunštát - pokladna (https://www.zamek-kunstat.cz/cs)
Infocentrum, nám. Krále Jiřího 105, Kunštát (http://www.kunstat-mesto.cz/)"
"970";"Větrný mlýn - Bílovec";"Česká Republika";"Turistická známka";"Technické památky";"Nový Jičín";"Moravskoslezský kraj";"Infocentrum, Zámecká 691/5, Bílovec (https://icko.kcbilovec.cz/cz/)"
"971";"Vizovice - Rudolf Jelínek";"Česká Republika";"Turistická známka";"Technické památky";"Zlín";"Zlínský kraj";"Distillery Land R. Jelinek, Vizovice (http://www.rjelinek.cz/)
Infocentrum, Masarykovo náměstí 1008, Vizovice (http://www.mestovizovice.cz/)"
"972";"Muzeum motocyklů Netvořice";"Česká Republika";"Turistická známka";"Technické památky";"Benešov";"Středočeský kraj";"Prodej dočasně pozastaven
Návštěvnické centrum Turistických známek, Rýmařov (http://www.turisticke-znamky.cz/)"
"973";"Třebechovické muzeum Betlémů";"Česká Republika";"Turistická známka";"Technické památky";"Hradec Králové";"Královéhradecký kraj";"Muzeum Betlémů, Třebechovice pod Orebem (http://www.betlem.cz/)
Infocentrum Třebechovice pod Orebem (http://www.betlem.cz/)"
"974";"Město Votice";"Česká Republika";"Turistická známka";"Historická města";"Benešov";"Středočeský kraj";"Informační centrum, Komenského nám. 177, Votice (http://www.votice.cz/)
Penzion u Modré kočky, Masarykovo nám. 343, Votice (http://www.votice-ubytovani.cz/)
Restaurace Modrá kočka, Táborská 71, Votice (http://www.votice-ubytovani.cz/)"
"975";"Letiště Frýdlant nad Ostravicí";"Česká Republika";"Turistická známka";"Technické památky";"Frýdek-Místek";"Moravskoslezský kraj";"TIC, Hlavní 1755, Frýdlant nad Ostravicí (http://www.ticfno.cz/)
Letištní hospůdka U Nalitého pupence (https://www.akfrydlant.cz/)"
"976";"Božídarské Rašeliniště";"Česká Republika";"Turistická známka";"Pohoří, CHKO a rezervace, Stezky a trasy, Krušné hory";"Karlovy Vary";"Karlovarský kraj";"Infocentrum, Boží Dar (http://www.bozidar.cz/cs/)"
"977";"Muzeum Olomouckých tvarůžků - Loštice";"Česká Republika";"Turistická známka";"Historická města, Skanzeny a muzea";"Šumperk";"Olomoucký kraj";"Muzeum Olomouckých tvarůžků, Loštice (http://www.tvaruzky.cz)
Podniková prodejna, nám. Míru 11, Loštice (http://www.tvaruzky.cz)"
"978";"Městec Králové";"Česká Republika";"Turistická známka";"Historická města";"Nymburk";"Středočeský kraj";"Účtárna Městský úřad, Městec Králové (https://www.mesteckralove.cz/)
Městská knihovna, Městec Králové (https://knihovnamesteckralove.webk.cz/)"
"979";"Pacov";"Česká Republika";"Turistická známka";"Historická města";"Pelhřimov";"Kraj Vysočina";"Restaurace a pizzerie Na Náměstí, Pacov (http://www.pizzeriepacov.cz/)
Informační centrum, Náměstí Svobody 1, Pacov (http://www.zamekpacov.cz/cs)"
"980";"Město Bílina";"Česká Republika";"Turistická známka";"Historická města";"Teplice";"Ústecký kraj";"Informační centrum, Břežánská 50/4, Bílina (https://www.icbilina.cz/)"
"981";"Buštěhradské muzeum";"Česká Republika";"Turistická známka";"Historická města, Skanzeny a muzea";"Kladno";"Středočeský kraj";"Buštěhradské muzeum Oty Pavla, Buštěhrad (http://www.bustehrad.cz/muzeum/)"
"982";"Žacléř";"Česká Republika";"Turistická známka";"Historická města";"Trutnov";"Královéhradecký kraj";"Městské muzeum a Infocentrum, Žacléř (https://www.zacler.cz/mesto/mestske-muzeum-infocentrum-knihovna/)"
"983";"Horní Slavkov";"Česká Republika";"Turistická známka";"Historická města, Pohoří, Slavkovský les";"Sokolov";"Karlovarský kraj";"Muzeum, Pluhova 211, Horní Slavkov (http://turistika-hornislavkov.cz/cz/mestske-popraviste)
Městské kulturní středisko, Dlouhá 717, Horní Slavkov (mkshs.cz)"
"984";"Tanvald";"Česká Republika";"Turistická známka";"Historická města";"Jablonec nad Nisou";"Liberecký kraj";"Infocentrum, Krkonošská 629, Tanvald (http://www.tanvald.cz/)
Ski Chata Špičák (www.skichataspicaktanvald.cz)"
"985";"Chrastava";"Česká Republika";"Turistická známka";"Historická města";"Liberec";"Liberecký kraj";"Infocentrum, náměstí 1. Máje, Chrastava (http://www.chrastava.cz/kultura/cesky/infocentrum.htm)
Smíšené zboží, Dolní Vítkov 42 (https://mapy.cz/turisticka?x=14.9650784&y=50.8452975&z=17&source=firm&id=2037809)"
"986";"Kdyně";"Česká Republika";"Turistická známka";"Historická města";"Domažlice";"Plzeňský kraj";"Infocentrum, Nádražní 314, Kdyně (http://www.kdyne.cz/mesto/informace-o-meste/kulturni-zarizeni/)"
"987";"Nový Bor";"Česká Republika";"Turistická známka";"Historická města";"Česká Lípa";"Liberecký kraj";"Infocentrum, Tř. T. G. Masaryka 46, Nový Bor (http://www.novy-bor.cz/)"
"988";"Nymburk";"Česká Republika";"Turistická známka";"Historická města";"Nymburk";"Středočeský kraj";"Infocentrum, náměstí Přemyslovců 165, Nymburk (http://www.mesto-nymburk.cz/)"
"989";"Teplice nad Metují";"Česká Republika";"Turistická známka";"Historická města";"Náchod";"Královéhradecký kraj";"Kulturní informační středisko, Teplice nad Metují (https://www.teplicenadmetuji.cz/turista/informacni-centrum/)
Knihkupectví - Papírnictví, Zámecká 21, Teplice nad Metují"
"990";"Hostinné";"Česká Republika";"Turistická známka";"Historická města";"Trutnov";"Královéhradecký kraj";"Infocentrum, Náměstí 70, Hostinné (http://www.hostinne.info/#)
Městský hotel Dorinka, Náměstí 67, Hostinné (http://www.dorinka.eu/cz/)"
"991";"Brusírna skleněných perlí Pěnčín";"Česká Republika";"Turistická známka";"Skanzeny a muzea";"Jablonec nad Nisou";"Liberecký kraj";"Řemeslná dílna v areálu Pěnčín (www.farmapencin.cz)"
"992";"Místo bájného setkání Peruc";"Česká Republika";"Turistická známka";"Památná místa a obce";"Louny";"Ústecký kraj";"Muzeum České Vesnice (https://www.peruc.cz/muzeum-ceske-vesnice/ds-5714/p1=7126)
Usedlost Za Dubem, Oldřichova 81, Peruc (http://www.peruczadubem.cz/)"
"993";"Lázně Slatinice";"Česká Republika";"Turistická známka";"Lázně";"Olomouc";"Olomoucký kraj";"Lázně Slatinice, láz. dům Mánes (http://www.lazneslatinice.cz/)
Turistické informační centrum Slatinice (www.tc-slatinice.cz)"
"994";"Skalní město Sedmihorky";"Česká Republika";"Turistická známka";"Pohoří, Přírodní útvary a místa, Český ráj";"Semily";"Liberecký kraj";"Hrad Valdštejn (http://www.hrad-valdstejn.cz/)
Autokemp, Sedmihorky 72 (http://www.campsedmihorky.cz/)
Občerstvení a suvenýry U Myší díry, Hrubá Skála"
"995";"Velký Kosíř 442 m n. m.";"Česká Republika";"Turistická známka";"Přírodní útvary a místa, Rozhledny a vyhlídky";"Prostějov";"Olomoucký kraj";"Rozhledna Velký Kosíř (http://www.kosirsko.cz/rozhledna_kosir)
Obecní úřad, Čechy pod Kosířem (https://www.cechypk.cz/)
Občerstvení před hradem Černá Věž, Drahanovice
Zahradní železnice Střížov, Střížov 101 (http://www.zahradnizeleznice.cz)"
"996";"Vorařské muzeum Purkarec";"Česká Republika";"Turistická známka";"Skanzeny a muzea, Vltava";"České Budějovice";"Jihočeský kraj";"Hračky, Masarykova 976, Hluboká nad Vltavou (http://www.suvenyryhluboka.cz/)
Vorařské muzeum (http://www.museum.cz/muzeum-35-vorarske-muzeum-purkarec)
Penzion Vltavan (http://www.penzionvltavan.cz/penzion-vltavan-purkarec)
Hotel Pelikán (https://relaxhotelpelikan.cz/)"
"997";"Stvořidla";"Česká Republika";"Turistická známka";"Přírodní útvary a místa, CHKO a rezervace, Vodácké řeky, Sázava";"Havlíčkův Brod";"Kraj Vysočina";"Infocentrum, Husovo náměstí 60, Ledeč nad Sázavou (http://www.ledecsko.cz/)
Hrad Ledeč nad Sázavou (www.hrad-ledec.cz)
Penzion Stvořidla, Na Žižkově 289, Ledeč nad Sázavou (http://www.penzionstvoridla.cz/)
Tábořiště Stvořidla - recepce č.1 (https://www.chatkystvoridla.cz/)
Hospůdka ""Pohoda"", Stvořidla"
"998";"Hamry nad Sázavou";"Česká Republika";"Turistická známka";"Vodácké řeky, Přírodní útvary a místa, Sázava";"Žďár nad Sázavou";"Kraj Vysočina";"Obecní úřad, Hamry nad Sázavou (https://www.hamryns.cz/)
Infocentrum, Havlíčkovo nám. 253/5, Žďár nad Sázavou (https://www.zdarns.cz/cestovni-ruch/informacni-centrum)"
"999";"Tábořiště Na rybárně - Kralovicko";"Česká Republika";"Turistická známka";"Vodácké řeky, Berounka";"Plzeň-sever";"Plzeňský kraj";"Areál na Rybárně, Rakolusky (narybarne.eu)"
"1000";"Břevnovský klášter, Praha";"Česká Republika";"Turistická známka";"Církevní památky";"Praha";"Hlavní město Praha";"Břevnovský klášter, Praha - Břevnov (http://www.brevnov.cz/)
Hotel Adalbert, Praha - Břevnov (https://www.brevnov.cz/cs/hotel-a-restaurace)"
"1001";"Strahovský klášter - Praha";"Česká Republika";"Turistická známka";"Církevní památky";"Praha";"Hlavní město Praha";"Strahovský klášter, Praha (strahovskyklaster.cz)
Široký dvůr, Loretánské nám. 110/4, Praha 1-Hradčany (https://cdmusic.cz/)"
"1002";"Klášterní hradisko - Olomouc";"Česká Republika";"Turistická známka";"Církevní památky";"Olomouc";"Olomoucký kraj";"Nár. kult. památka Klášterní Hradisko - vojenská nemocnice (https://www.vnol.cz/index.php/cs/kontakt/obecne-prospesna-spolecnost)
Informační centrum Olomouc - radnice (olomouc-tourism.cz)"
"1003";"Nový hrad u Adamova";"Česká Republika";"Turistická známka";"Hrady";"Blansko";"Jihomoravský kraj";"Samovýčep Pro Dobré lidi, Vranov 70 (https://www.penzionnagrunte.cz/)
Nový Hrad u Adamova (http://www.novyhrad.eu/)
Školní lesní podnik Křtiny, Masarykův les - Arboretum Křtiny (www.slpkrtiny.cz)
Zámek Křtiny - infocentrum (https://www.zamek-krtiny.cz/)
Malá Nádražka Adamov (https://www.facebook.com/profile.php?id=61559940832954)"
"1004";"Zámek Račice";"Česká Republika";"Turistická známka";"Zámky";"Vyškov";"Jihomoravský kraj";"Zámek Račice - nádvoří (https://www.zamekracice.cz/historie-zamku-racice)
Restaurace u Pastorků, Račice 37 (http://www.racice-pistovice.cz/)"
"1005";"Zámek Nižbor";"Česká Republika";"Turistická známka";"Zámky, Berounka";"Beroun";"Středočeský kraj";"Informační centrum Keltské kultury - zámek Nižbor (https://www.zameknizbor.cz/)
Obecní úřad, Nižbor (http://www.obecnizbor.cz)"
"1006";"Aichelburg";"Česká Republika";"Turistická známka";"Pohoří, Hrady, Krkonoše";"Trutnov";"Královéhradecký kraj";"Infocentrum Veselý Výlet, Horní Maršov - Temný Důl 46 (http://www.veselyvylet.cz/)
Trafika, Třída Josefa II. 140, Horní Maršov
Infocentrum KRNAP, Pec pod Sněžkou 172 (http://www.krnap.cz/)
Infocentrum Veselý Výlet, Hlavní ulice 196, Pec pod Sněžkou (http://www.veselyvylet.cz/cz/vv5.html)
TIC Infokoloniál DOTEK, Horní Maršov (https://www.dotek.eu/Uvodni-strana.html)"
"1007";"Hrad Rotštejn";"Česká Republika";"Turistická známka";"Hrady";"Semily";"Liberecký kraj";"Hrad Rotštejn (http://www.hradrotstejn.info/)"
"1008";"Rozhledna Krásný dvůr";"Česká Republika";"Turistická známka";"Rozhledny a vyhlídky";"Louny";"Ústecký kraj";"Zámek Krásný Dvůr (https://www.zamek-krasnydvur.cz/cs)"
"1009";"Brdo - Chřiby";"Česká Republika";"Turistická známka";"Rozhledny a vyhlídky, Pohoří, Chřiby";"Kroměříž";"Zlínský kraj";"Rozhledna Brdo, Kostelany (https://www.obeckostelany.cz/rozhledna-brdo)"
"1010";"Svoboda nad Úpou";"Česká Republika";"Turistická známka";"Historická města";"Trutnov";"Královéhradecký kraj";"TIC, nám. Svornosti 527, Svoboda nad Úpou (https://www.pohadkovekrkonose.cz/turisticke-informacni-centrum-svoboda-nad-upou/)"
"1011";"Bystřice nad Pernštejnem";"Česká Republika";"Turistická známka";"Historická města";"Žďár nad Sázavou";"Kraj Vysočina";"TIC, Masarykovo nám. 1, Bystřice nad Pernštejnem (https://info.bystricenp.cz/)"
"1012";"Čejkovice";"Česká Republika";"Turistická známka";"Vinařské obce";"Hodonín";"Jihomoravský kraj";"Templářské sklepy Čejkovice, vinařské družstvo (http://www.templarske-sklepy.cz/)
Infocentrum - Víno Sykora, Čejkovice (http://www.vinosykora.cz)"
"1013";"Areál Čs. Opevnění Karlštejn";"Česká Republika";"Turistická známka";"Válečné památníky, Berounka";"Beroun";"Středočeský kraj";"TCK7 – Turistické centrum Karlštejn 7 (https://www.karlstejnsko.cz/cs/)
Muzeum Betlémů, Karlštejn 11 (http://www.muzeumbetlemu.cz/)"
"1014";"Klepáčov";"Česká Republika";"Turistická známka";"Ski areály, Pohoří, Jeseníky";"Šumperk";"Olomoucký kraj";"Chata Ztracenka, Klepáčov (http://www.chata-ztracenka.cz)
Chata Kamzík, Klepáčov 23 (https://www.chata-kamzik.com/)"
"1015";"Hoštice u Volyně";"Česká Republika";"Turistická známka";"Památná místa a obce";"Strakonice";"Jihočeský kraj";"Hasičské muzeum Hoštice (https://hasicihosticeuvolyne.estranky.cz/clanky/hasicske-muzeum---ubytovani-v-hosticich/)
Ranč Šimona Pláničky, Hoštice u Volyně
Hostinec u Miluny, Hoštice u Volyně 58 (https://www.facebook.com/Restaurace-U-Javoru-349137485294927/)"
"1016";"Česká Studánka - Čerchov";"Česká Republika";"Turistická známka";"Pohoří, Stezky a trasy, Přírodní útvary a místa, Český les";"Domažlice";"Plzeňský kraj";"Kurzova věž Čerchov (http://www.na-rozhledny.cz/cerchov)
Autocamp Babylon č.p. 105 (https://www.autokempbabylon.cz/)"
"1017";"Zámek Budišov";"Česká Republika";"Turistická známka";"Zámky";"Třebíč";"Kraj Vysočina";"Zámek Budišov (http://www.mzm.cz/zamek-budisov/)"
"1018";"Chata Doroťanka";"Česká Republika";"Turistická známka";"Pohoří, Horské chaty a boudy, Beskydy";"Frýdek-Místek";"Moravskoslezský kraj";"Horská chata Doroťanka, Staré Hamry (http://www.dorotanka.cz/)"
"1019";"Zbýšov u Rosic";"Česká Republika";"Turistická známka";"Technické památky";"Brno-venkov";"Jihomoravský kraj";"Městský úřad Zbýšov (pokladna) (http://www.mestozbysov.cz/)
Resturace Sokolovna, Zakřany 34 (www.sokolovna.eu)
Městské kulturní centrum Zbýšov, Jiráskova 540 (http://mestozbysov.cz/instituce-a-spolky/kultura/)
Koupaliště Zbýšov (sezóna - podle otevírací doby) (http://www.koupaliste-zbysov.cz/)"
"1020";"Botanická zahrada hlavního města Prahy, Praha";"Česká Republika";"Turistická známka";"Zahrady a parky";"Praha";"Hlavní město Praha";"Botanická zahrada - skleník Fata Morgana, Praha (https://www.botanicka.cz/pro-navstevniky/nase-expozice/sklenik-fata-morgana)
Botanická zahrada – venkovní expozice areál sever, Praha (http://www.botanicka.cz/)
Botanická zahrada – venkovní expozice areál jih, Praha (http://www.botanicka.cz/)"
"1021";"Hrubý Jeseník";"Česká Republika";"Turistická známka";"Rozhledny a vyhlídky";"Nymburk";"Středočeský kraj";"Rozhledna Romanka (http://rozhledny.kohl.cz/rozhledna-hruby-jesenik-u-nymburka)
Obecní úřad Hrubý Jeseník (https://www.hruby-jesenik.cz/)"
"1022";"Zámek Jevišovice";"Česká Republika";"Turistická známka";"Zámky";"Znojmo";"Jihomoravský kraj";"Starý zámek, Jevišovice (http://www.mzm.cz/stary-zamek-v-jevisovicich/)
Infocentrum - radnice, Jevišovice (http://www.jevisovice.cz/)"
"1023";"Blatnice";"Česká Republika";"Turistická známka";"Vinařské obce";"Hodonín";"Jihomoravský kraj";"Poutní kostel Sv. Antonínek - kaple Blatnice (http://www.antoninek.cz/)
Obecní hospoda, Ostrožská Lhota 148 (https://obecnihospoda7.webnode.cz/oteviraci-doba/)
Obecní úřad Blatnice pod Svatým Antonínkem (http://www.obecblatnice.cz/)"
"1024";"Kostnice Kutná Hora - Sedlec";"Česká Republika";"Turistická známka";"Církevní památky";"Kutná Hora";"Středočeský kraj";"Kostnice - kostel Všech Svatých, Kutná Hora (sedlec.info)
Suvenýry z Kutné Hory, Zámecká ulice, Kutná Hora-Sedlec (https://giva.cz/suvenyry-z-kutne-hory/)"
"1025";"Kozubová";"Česká Republika";"Turistická známka";"Pohoří, Rozhledny a vyhlídky, Beskydy";"Frýdek-Místek";"Moravskoslezský kraj";"Horský hotel Kozubová s.r.o. (https://www.hotel-kozubova.cz/)"
"1026";"Planetárium Ostrava";"Česká Republika";"Turistická známka";"Technické památky, Hvězdárny";"Ostrava-město";"Moravskoslezský kraj";"Hvězdárana a planetárium, Ostrava (http://planetarium.vsb.cz/)
Infocentrum Svinov, Peterkova 1152/14, Ostrava (https://www.ostravainfo.cz/cz/info/infocentra/8565-infocentrum-svinov.html)"
"1027";"Větrný mlýn Ruprechtov";"Česká Republika";"Turistická známka";"Technické památky";"Vyškov";"Jihomoravský kraj";"Větrný mlýn Ruprechtov (http://www.mlynruprechtov.cz/)
Potraviny Ruprechtov
Infocentrum, Masarykovo náměstí 1, Vyškov (https://www.ticvyskov.cz/)
Zámek Křtiny - infocentrum (https://www.zamek-krtiny.cz/)"
"1028";"Mutěnice";"Česká Republika";"Turistická známka";"Vinařské obce";"Hodonín";"Jihomoravský kraj";"Obecní úřad - podatelna, Masarykova 200, Mutěnice (http://www.mutenice.cz/)
Sklepy Jarošek, Pelcova 765, Mutěnice (https://www.jarosek-mutenice.cz/)
Pohostinství Záchranka, Vinařská 1179, Mutěnice (https://www.facebook.com/groups/mutenice/permalink/10158428889273535/?comment_id=10158429519023535)
Penzion Na Dědině, Brněnská 489, Mutěnice (http://www.penzionnadedine.cz/)
Penzion San Marco, Brněnská 727, Mutěnice (http://www.penzion-mutenice.cz/ubytovani/penzion-brnenska/)
Sklep na Rožku, Dlouhá 276, Mutěnice (https://www.sklepnarozku.cz/)
Informační centrum, Malá Strana 262, 69611 Mutěnice (https://mutenice.cz/default/default/10167_pamatky-a-zajimavosti-v-okoli)"
"1029";"Čs. opevnění Stachelberg";"Česká Republika";"Turistická známka";"Válečné památníky";"Trutnov";"Královéhradecký kraj";"Dělostřelecká tvrz Stachelberg (http://www.stachelberg.cz/)
Městské muzeum a Infocentrum, Žacléř (https://www.zacler.cz/mesto/mestske-muzeum-infocentrum-knihovna/)"
"1030";"Uherský Brod";"Česká Republika";"Turistická známka";"Historická města";"Uherské Hradiště";"Zlínský kraj";"Městské informační centrum Uherský Brod (https://www.ub.cz/)
Knihkupectví Formát, Uherský Brod (https://www.facebook.com/Knihkupectv%C3%AD-Form%C3%A1t-104086601508761/)"
"1031";"Valašské Klobouky";"Česká Republika";"Turistická známka";"Historická města";"Zlín";"Zlínský kraj";"Infocentrum, Valašské Klobouky (http://www.valasskeklobouky.cz/)
Hotel Alfacentrum, Masarykovo náměstí 42, Valašské Klobouky (http://www.alfacentrum.cz/)"
"1032";"Volary";"Česká Republika";"Turistická známka";"Historická města";"Prachatice";"Jihočeský kraj";"Městský úřad, náměstí 25, Volary (http://www.mestovolary.cz/)
Volarské muzeum, Volary (https://www.mestovolary.cz/volny-cas/volarske-muzeum/)
Železniční stanice Vimperk, Špidrova ul. (http://spzs.sweb.cz/)
Informační centrum Volary (https://kic-volary.cz/)"
"1033";"Barokní hřbitov Střílky";"Česká Republika";"Turistická známka";"Církevní památky";"Kroměříž";"Zlínský kraj";"Benzínka MOTRANS, Střílky"
"1034";"Velké Opatovice";"Česká Republika";"Turistická známka";"Historická města";"Blansko";"Jihomoravský kraj";"Informační centrum Mikroregionu Malá Haná
Moravské kartografické centrum Velké Opatovice"
"1035";"Perštejn";"Česká Republika";"Turistická známka";"Pohoří, Vodácké řeky, Krušné hory, Ohře";"Chomutov";"Ústecký kraj";"Obecní úřad, Hlavní 159, Perštejn (https://www.obec-perstejn.cz/)
Bar u Linze Hlavní 53, Perštejn (https://www.obec-perstejn.cz/)
Koupaliště na Hlavní Perštejn
Pivovar Chalupník Perštejn (http://www.pivochalupnik.cz/)
Infocentrum pod radnicí, nám. Dr. E. Beneše 85, Klášterec nad Ohří (http://www.muklasterec.cz/)
IC a stáčírna minerálních vod, Kyselka 104, Klášterec nad Ohří (https://www.klasterec.cz/mesto/informace-o-meste-1/informace-pro-turisty/informacni-centrum/kontakt/)"
"1036";"Zámek Dětenice";"Česká Republika";"Turistická známka";"Zámky";"Jičín";"Královéhradecký kraj";"Zámek Dětenice (http://www.detenice.cz/)"
"1037";"Památník generála Gablenze";"Česká Republika";"Turistická známka";"Válečné památníky";"Trutnov";"Královéhradecký kraj";"Památník generála Gablenze (https://www.region-krkonose.cz/rozhledny-vyhlidky/rozhledna-sibenik-v-trutnove-/)
Turistické informační centrum, Krakonošovo nám. 72, Trutnov (https://www.ictrutnov.cz/cz/trutnovske-informacni-centrum.html)"
"1038";"Kralický Sněžník - Dolní Morava";"Česká Republika";"Turistická známka";"Pohoří, Přírodní útvary a místa, Skupina Králického Sněžníku";"Ústí nad Orlicí";"Pardubický kraj";"Skitour Test Centrum, Velká Morava 35 (http://www.ski-alp.cz/)
Půjčovna, Obchod Marcelka - Velká Morava 58 (https://www.dolnimorava.cz/chata-marcelka)
Recepce Hotel Vista - Velká Morava 46, Dolní Morava (https://www.hotel-dolnimorava.cz/kontakt)
Pěchotní srub (v sezóně), Dolní Morava (http://www.ks5.cz/)
TIC, náměstí Osvobození 166, Staré Město p. Sněžníkem (https://www.staremesto.info/)
Chata Návrší - Staré Město (http://www.navrsi.eu/)
Chata Štvanice, Stříbrnice 6, Staré Město pod Sněžníkem (http://www.ubytovani-kralickysneznik.cz/kontakt.php)"
"1039";"Novomlýnské nádrže - Pasohlávky";"Česká Republika";"Turistická známka";"Přírodní útvary a místa, Volnočasové areály";"Brno-venkov";"Jihomoravský kraj";"Městské Informační Centrum Pasohlávky (https://www.pasohlavky.cz/turista/turisticke-informacni-centrum/)
Autokemp Merkur, Pasohlávky (https://www.kemp-merkur.cz/cenik/)"
"1040";"Na Trojáku";"Česká Republika";"Turistická známka";"Pohoří, Horské chaty a boudy, Hostýnské vrchy";"Zlín";"Zlínský kraj";"Hostinec na Trojáku, Hošťálková 217 (http://www.natrojaku.cz/cz/)"
"1041";"Český Dub";"Česká Republika";"Turistická známka";"Historická města";"Liberec";"Liberecký kraj";"Podještědské muzeum, Český Dub (http://www.muzeumceskydub.cz/)"
"1042";"Bojkovice - Nový Světlov";"Česká Republika";"Turistická známka";"Historická města, Zámky";"Uherské Hradiště";"Zlínský kraj";"Muzeum Bojkovska, Bojkovice (http://www.muzeumbojkovska.cz/)"
"1043";"Národní hřebčín Kladruby nad Labem";"Česká Republika";"Turistická známka";"Technické památky, Historické budovy a stavby";"Pardubice";"Pardubický kraj";"Národní hřebčín, Kladruby nad Labem (http://www.nhkladruby.cz/)
Informační centrum, Masarykovo nám. 26, Přelouč (http://www.kicmp.cz/)"
"1044";"Rozhledna Salingburg, Františkovy Lázně";"Česká Republika";"Turistická známka";"Rozhledny a vyhlídky, Lázně";"Cheb";"Karlovarský kraj";"Lázeňský hotel Pyramida, Slatina 91, Františkovy Lázně (https://www.hotel-pyramida.cz/)"
"1045";"Zámek Uherský Ostroh";"Česká Republika";"Turistická známka";"Zámky";"Uherské Hradiště";"Zlínský kraj";"Informační centrum Uherský Ostroh (https://www.uhostroh.cz/index.php/informacni-centrum-2)"
"1046";"Chrámce";"Česká Republika";"Turistická známka";"Vinařské obce";"Most";"Ústecký kraj";"České vinařství Chrámce, vzorková prodejna (http://www.ceske-vinarstvi.cz/)"
"1047";"Vojenské a letecké muzeum Vyškov";"Česká Republika";"Turistická známka";"Skanzeny a muzea, Technické památky";"Vyškov";"Jihomoravský kraj";"Muzeum letecké techniky, Pustiměřské Prusy (http://www.lhs-vyskov.cz/)
Infocentrum, Masarykovo náměstí 1, Vyškov (https://www.ticvyskov.cz/)"
"1048";"Rozhledna Neštětická hora";"Česká Republika";"Turistická známka";"Rozhledny a vyhlídky";"Benešov";"Středočeský kraj";"Informační centrum, Náměstí J. Heřmana 333, Neveklov (http://www.neveklov.cz/)"
"1049";"Pivovar Velké Popovice";"Česká Republika";"Turistická známka";"Historické pivovary";"Praha-východ";"Středočeský kraj";"Návštěvnické centrum pivovaru Velké Popovice (https://www.kozel.cz/pivovar)"
"1050";"Muzeum másla Máslovice";"Česká Republika";"Turistická známka";"Skanzeny a muzea";"Praha-východ";"Středočeský kraj";"Muzeum másla, Máslovice (https://www.maslovice.cz/web/cs/muzeum-masla)"
"1051";"Žulová - Frýdberk";"Česká Republika";"Turistická známka";"Hrady";"Jeseník";"Olomoucký kraj";"Infocentrum - knihovna Žulová (http://www.mestozulova.cz/mestska-knihovna-zulova/os-1011)
Eleanor Café Žulová (http://www.zulova.cz/kavarna-eleanor-cafe/os-1028)"
"1052";"Kaltenštejn";"Česká Republika";"Turistická známka";"Hrady";"Jeseník";"Olomoucký kraj";"Hospoda U Kaštánka, Černá Voda
Hotel Rychleby, Černá Voda (http://www.hotelcernavoda.rychleby.cz/)
Infocentrum Rychlebských stezek - základna, Černá Voda (http://www.rychlebskestezky.cz/cs/)
Kvašárna, Černá Voda 183 (https://www.kvasarna.cz/)"
"1053";"Unhošť";"Česká Republika";"Turistická známka";"Historická města";"Kladno";"Středočeský kraj";"Melicharovo vlastivědné muzeum, Unhošť (http://www.muunhost.cz/melicharovo-vlastivedne-muzeum/gs-1011)"
"1054";"Hrad Šelmberk";"Česká Republika";"Turistická známka";"Hrady";"Tábor";"Jihočeský kraj";"Hrad Šelmberk (http://www.centrumselmberk.cz/cs/castle/)
Textil - Švadlenka, Mladá Vožice
Infocentrum Mladá Vožice (https://www.mu-vozice.cz/)"
"1055";"Skály Jizerských hor - skála Zvon";"Česká Republika";"Turistická známka";"Pohoří, Přírodní útvary a místa, Jizerské hory";"Liberec";"Liberecký kraj";"Kiosek - suvenýry na parkovišti Obří Sud, Lázně Libverda
Trafika, Josefův Důl č. 297 (u kostela) (www.trafikajosefuvdul.websnadno.cz)
Turistické informační centrum Hejnice"
"1056";"Hornický skanzen Stříbro";"Česká Republika";"Turistická známka";"Skanzeny a muzea";"Tachov";"Plzeňský kraj";"Hornický skanzen, Stříbro (https://www.hornickyspolekstribro.cz/strana/hornicky-skanzen/)
Muzeum, Masarykovo náměstí, Stříbro (http://www.muzeum-stribro.cz/)
Hotel U Branky, Plzeňská 420, Stříbro (http://www.hotelubranky.com/)"
"1057";"Kralupy nad Vltavou";"Česká Republika";"Turistická známka";"Historická města, Vltava";"Mělník";"Středočeský kraj";"Infocentrum, Palackého náměstí 1, Kralupy nad Vltavou (https://www.kralupynadvltavou.info/)"
"1058";"Rozhledna Lopeník - Bojkovsko";"Česká Republika";"Turistická známka";"Rozhledny a vyhlídky";"Uherské Hradiště";"Zlínský kraj";"Infocentrum, Lopeník (http://obec-lopenik.cz/uvod/pro-navstevniky/turisticke-informace/)
Chata Lopeník. Lopeník 193 (http://www.lopenik.cz/)"
"1059";"Terezka Proseč - Paseky";"Česká Republika";"Turistická známka";"Rozhledny a vyhlídky";"Chrudim";"Pardubický kraj";"Rozhledna Terezka, Proseč - Paseky (https://www.mastale.cz/cs/terezka)
Turistické informační centrum Maštale, Borská 125, Proseč (https://www.mastale.cz/cs/tic-mastale-prosec)"
"1060";"Zelená brána Pardubice";"Česká Republika";"Turistická známka";"Historická města";"Pardubice";"Pardubický kraj";"Vyhlídková věž Zelená Brána (http://www.zelenabrana.eu/cs/)
TIC, třída Míru 60 - Machoňova pasáž - Pardubice (http://www.ipardubice.cz/)
Automatické mlýny Pardubice, U Mlýnů 1963 (https://automatickemlyny.eu/)"
"1061";"Pomník Járy Cimrmana - Letohrad";"Česká Republika";"Turistická známka";"Památníky";"Ústí nad Orlicí";"Pardubický kraj";"Hotel na Zámku, Letohrad, Václavské náměstí 1 (https://hotelnazamku.cz/)
Infocentrum, Václávské náměstí 77, Letohrad (muzeum.letohrad.eu)"
"1062";"Hrad Kumburk";"Česká Republika";"Turistická známka";"Hrady";"Semily";"Liberecký kraj";"Informační středisko, Husovo náměstí 44, Lomnice nad Popelkou (http://www.kislomnice.cz/)
Hrad Kumburk (http://www.kumburk.cz/)
Muzeum, Muzejní nám. 181, Železnice (http://muzeumzeleznice.webk.cz/)
Klenotnice a TIC Nová Paka, F.F. Procházky 70 (https://muzeum.cz/)"
"1063";"Rodný dům K.H.Borovského - Havlíčkova Borová";"Česká Republika";"Turistická známka";"Památníky";"Havlíčkův Brod";"Kraj Vysočina";"Rodný dům K. H. Borovského, Havlíčkova Borová (https://www.havlickovaborova.cz/pro-obcany/kultura-a-sport/rodny-dum-karla-havlicka-borovskeho/)"
"1064";"Rozhledna - Čubův Kopec";"Česká Republika";"Turistická známka";"Rozhledny a vyhlídky";"Vsetín";"Zlínský kraj";"Ranč U Zvonu, Francova Lhota 411 (https://www.facebook.com/Ran%C4%8D-U-Zvonu-522089827954172/)
IC Pulčín, Pulčín 13, Francova Lhota (https://www.francovalhota.cz/)
Western salon u Villíka, Pulčín 25 (http://restaurace.beskydy.cz/content/beskydy-restaurace-motoresty-western-saloon-u-wiliho-u-vilika-pulcin.aspx)
Betlém, Horní Lideč (http://www.betlemhornilidec.cz/)"
"1065";"Kunovice";"Česká Republika";"Turistická známka";"Historická města";"Uherské Hradiště";"Zlínský kraj";"Městské informační centrum, Na Rynku 886, Kunovice (http://www.mesto-kunovice.cz/informace/informacni-centrum/)"
"1066";"Teplá";"Česká Republika";"Turistická známka";"Historická města, Slavkovský les";"Cheb";"Karlovarský kraj";"Infocentrum a kultura Město Teplá, Masarykovo nám. (https://www.tepla.cz/tepla-2/infocentrum/)
Restaurace Kuželna, Školní 592, Teplá (http://www.tepla.cz/)
Obchůdek v klášteře Teplá"
"1067";"Vlčnov";"Česká Republika";"Turistická známka";"Vinařské obce";"Uherské Hradiště";"Zlínský kraj";"Turistické informační centrum, Vlčnov 186 (http://www.kskvlcnov.cz/)"
"1068";"Lázně Kundratice - Osečná";"Česká Republika";"Turistická známka";"Lázně";"Liberec";"Liberecký kraj";"Infocentrum, Osečná (http://osecna.info/)
Informační centrum Hamr na Jezeře (https://obechamr.cz/turistika-a-cykloturistika/informacni-centrum/)
Restaurace Dřevěnka, Českolipská 50, Lázně Kundratice (https://www.osecna.cz/Turistika/PenzionDrevenka.aspx)"
"1069";"Rozhledna Kuníček";"Česká Republika";"Turistická známka";"Rozhledny a vyhlídky";"Příbram";"Středočeský kraj";"Rozhledna Kuníček u Petrovic (https://www.petrovice-obec.cz/vismo/dokumenty2.asp?id_org=11988&id=55636)
Obecní úřad, Petrovice 26 (http://www.petrovice-obec.cz/)"
"1070";"Toužim";"Česká Republika";"Turistická známka";"Historická města, Slavkovský les";"Karlovy Vary";"Karlovarský kraj";"Infocentrum, nám. Jiřího z Poděbrad 35, Toužim (http://cestazmesta.cz/)
Zámek Toužim (https://www.zivyzamektouzim.cz/)"
"1071";"Růžkovy Lhotice";"Česká Republika";"Turistická známka";"Zámky";"Benešov";"Středočeský kraj";"Zámek Růžkovy Lhotice (https://www.muzeumpodblanicka.cz/objekty/zamek-ruzkovy-lhotice/#navstevni-doba)
Muzeum Podblanicka - Secesní dům, Malé náměstí 74, Benešov (muzeumpodblanicka.cz/)"
"1072";"Muzeum klasického knihařství Rožďalovice";"Česká Republika";"Turistická známka";"Technické památky, Skanzeny a muzea";"Nymburk";"Středočeský kraj";"Muzeum klasického knihařství, Rožďalovice (http://www.rajman.cz/)"
"1073";"Tvrz Hluk";"Česká Republika";"Turistická známka";"Hrady";"Uherské Hradiště";"Zlínský kraj";"Turistické informační centrum, Hluk (http://www.mestohluk.cz/)"
"1074";"Památník Velké Moravy - Staré Město";"Česká Republika";"Turistická známka";"Památníky";"Uherské Hradiště";"Zlínský kraj";"Památník Velké Moravy, Staré Město (http://www.slovackemuzeum.cz/doc/8/)
Informační centrum Staré Město (http://eventcentrum.cz/)
Slovácké muzeum, Uherské Hradiště (http://www.slovackemuzeum.cz/)"
"1075";"Zámek Loučeň";"Česká Republika";"Turistická známka";"Zámky";"Nymburk";"Středočeský kraj";"Infocentrum Zámek Loučeň (http://www.zamekloucen.cz/)
Zámecký hotel Maximilian, Loučeň 1 (https://www.zamekloucen.cz/zamecky-hotel-maxmilian)"
"1076";"Rozhledna Šance - Jakubčovice";"Česká Republika";"Turistická známka";"Rozhledny a vyhlídky";"Opava";"Moravskoslezský kraj";"Informační centrum, Podolská 308, Hradec nad Moravicí (http://www.ichradec.cz/)"
"1077";"Rozhledna Mostná Hora";"Česká Republika";"Turistická známka";"Rozhledny a vyhlídky, Horské chaty a boudy, Ohře";"Litoměřice";"Ústecký kraj";"Restaurace Legenda, Mostná hora 94/1 (https://www.restaurace-legenda.cz/)
Městské informační centrum, Mírové náměstí, Litoměřice (https://www.litomerice.cz/)
Rozhledna Mostka, Mostná Hora (www.ichthyslitomerice.cz)"
"1078";"Zámek Louňovice pod Blaníkem";"Česká Republika";"Turistická známka";"Zámky";"Benešov";"Středočeský kraj";"Informační centrum Louňovice pod Blaníkem, Jana Žižky (https://www.lounovicepodblanikem.cz/urad-info.php)
Úřad městyse Louňovice pod Blaníkem, Jana Žižky (https://lounovicepodblanikem.cz/uvod.php)
Zámecká hospoda, Louňovice pod Blaníkem"
"1079";"Zámek Vlachovo Březí";"Česká Republika";"Turistická známka";"Zámky, Historická města";"Prachatice";"Jihočeský kraj";"Informační centrum Vlachovo Březí, náměstí Svobody 56 (http://www.vlachovobrezi.cz/mesto/mikroregion/)"
"1080";"Hrad Holštejn";"Česká Republika";"Turistická známka";"Hrady";"Blansko";"Jihomoravský kraj";"Domácí restaurace Martina Hájka, Holštejn (https://www.facebook.com/restauracemartinhajek)
Hostinec Pod Hradem, Holštejn 1 (https://www.facebook.com/Hostinec-Pod-Hradem-209911635686208/)
Koloniál na návsi, Holštejn 28 (http://www.holstejn.eu/)
Minimuzeum Holštejn - vchod z parkoviště"
"1081";"Přerov";"Česká Republika";"Turistická známka";"Zámky";"Přerov";"Olomoucký kraj";"Infocentrum, Nám. T. G. Masaryka 7, Přerov (https://www.prerov.eu/)
Zámek, Horní náměstí 1/1, Přerov (prerovmuzeum.cz)
Muzeum, Horní náměstí 7, Přerov (http://www.prerovmuzeum.cz/)"
"1082";"Kostel svatého Martina Luleč";"Česká Republika";"Turistická známka";"Církevní památky";"Vyškov";"Jihomoravský kraj";"Obecní úřad, Luleč (http://www.lulec.eu/)
Koupaliště, Luleč (http://www.lulec.eu/koupaliste/ds-2386/p1=18204)"
"1083";"Acrobat park Štíty";"Česká Republika";"Turistická známka";"Historická města";"Šumperk";"Olomoucký kraj";"Infocentrum, náměstí Míru 55, Štíty (http://www.stity.cz/informacni-centrum/)
Hotel a restaurace Černá kočka, Náměstí Míru 30, Štíty (https://www.cernakocka.eu/)"
"1084";"Rotunda Pustiměř";"Česká Republika";"Turistická známka";"Církevní památky";"Vyškov";"Jihomoravský kraj";"Obecní úřad, Pustiměř (https://www.pustimer.eu/)
Penzion u Grmelů, Pustiměřské Prusy 108 (www.grmelovi.cz)"
"1085";"Mšeno";"Česká Republika";"Turistická známka";"Historická města";"Mělník";"Středočeský kraj";"Turistické informační centrum Mšeno, náměstí Míru 1 (http://www.mestomseno.cz/index.php?cmd=page&id=567)"
"1086";"Rozhledna Varhošť u Litoměřic";"Česká Republika";"Turistická známka";"Rozhledny a vyhlídky";"Litoměřice";"Ústecký kraj";"Městské informační centrum, Mírové náměstí, Litoměřice (https://www.litomerice.cz/)"
"1087";"Bunč Chřiby";"Česká Republika";"Turistická známka";"Pohoří, Horské chaty a boudy, Chřiby";"Kroměříž";"Zlínský kraj";"Lesní penzion Bunč, Roštín 287 (https://bunc.cz/)"
"1088";"Pulčínské skály";"Česká Republika";"Turistická známka";"Pohoří, Přírodní útvary a místa, Beskydy";"Vsetín";"Zlínský kraj";"IC Pulčín, Pulčín 13, Francova Lhota (https://www.francovalhota.cz/)
Betlém, Horní Lideč (http://www.betlemhornilidec.cz/)
Obecní úřad Lidečko (https://www.lidecko.cz/)
Pošta Partner Lidečko (https://www.lidecko.cz/)"
"1089";"Budišov nad Budišovkou";"Česká Republika";"Turistická známka";"Historická města";"Opava";"Moravskoslezský kraj";"Muzeum břidlice, Budišov nad Budišovkou (http://svcbudisov.cz/muzeum-bridlice/)
Kulturní dům, Budišov nad Budišovkou (https://www.budisov.eu/kultura-a-volny-cas/stredisko-volneho-casu/)
Autokemp Budišov nad Budišovkou (https://www.autokemp.budisov.cz/)"
"1090";"Čertovy Skály";"Česká Republika";"Turistická známka";"Pohoří, Přírodní útvary a místa, Beskydy";"Vsetín";"Zlínský kraj";"Čerpací stanice SILMET - Lidečko (http://www.dfcard.cz/stanice/profil/8)
Restaurace Na Formance, Lidečko 31 (https://naformance.cz/lidecko/)
Obecní úřad Lidečko (https://www.lidecko.cz/)
Pošta Partner Lidečko (https://www.lidecko.cz/)
IC Pulčín, Pulčín 13, Francova Lhota (https://www.francovalhota.cz/)
Betlém, Horní Lideč (http://www.betlemhornilidec.cz/)"
"1091";"Opatství Emauzy - Praha";"Česká Republika";"Turistická známka";"Církevní památky";"Praha";"Hlavní město Praha";"Benediktinské Opatství v Emauzích, Praha 2 (https://opatstvi-emauzy.cz/)"
"1092";"Vodní Hamr Dobřív";"Česká Republika";"Turistická známka";"Technické památky";"Rokycany";"Plzeňský kraj";"Vodní Hamr, Dobřív (https://www.zcm.cz/o-muzeu/objekty/vodni-hamr-dobriv)
Infocentrum, Masarykovo náměstí 1, Rokycany (rokycany.cz)"
"1093";"Lukov";"Česká Republika";"Turistická známka";"Hrady";"Zlín";"Zlínský kraj";"Hrad Lukov (http://www.hradlukov.cz/)
Hospůdka na Hradě Lukov (https://hospudkanahrade.makro.bar/?lang=cs)"
"1094";"Kojetín";"Česká Republika";"Turistická známka";"Historická města";"Přerov";"Olomoucký kraj";"Regionální vzdělávací a informační centrum Kojetín (https://mekskojetin.cz/vzdelavaci-a-informacni-centrum)
Hospůdka U Pedyho, Masarykovo nám. 11, Kojetín (https://www.facebook.com/hospudkaupedyho/)"
"1095";"Rozhledna na Zuberském kopci u Trhové Kamenice";"Česká Republika";"Turistická známka";"Rozhledny a vyhlídky";"Chrudim";"Pardubický kraj";"Rozhledna Zuberský Kopec (https://www.trhovakamenice.cz/rozhledna/)"
"1096";"Tučapy u Soběslavi - Karel Ančerl";"Česká Republika";"Turistická známka";"Památníky";"Tábor";"Jihočeský kraj";"Obecní úřad, Tučapy (https://www.tucapy.cz/)
Restaurace Peach Pit u čerpací stanice, Tučapy"
"1097";"Hanácké muzeum v přírodě, Příkazy";"Česká Republika";"Turistická známka";"Skanzeny a muzea";"Olomouc";"Olomoucký kraj";"Hanácké muzeum v přírodě, Příkazy (https://www.nmvp.cz/prikazy)"
"1098";"Arboretum Bílá Lhota";"Česká Republika";"Turistická známka";"Pohoří, Zahrady a parky, Litovelské Pomoraví";"Olomouc";"Olomoucký kraj";"Arboretum Bílá Lhota (https://www.arboretumbilalhota.cz/)"
"1099";"Protivanov - Skalky";"Česká Republika";"Turistická známka";"Technické památky";"Prostějov";"Olomoucký kraj";"Informační centrum Suchý (http://www.obecsuchy.cz/)
Knihovna městyse Protivanov, Náměstí 31 (https://knihovna.protivanov.com/)"
"1100";"Město Žlutice";"Česká Republika";"Turistická známka";"Historická města, Slavkovský les";"Karlovy Vary";"Karlovarský kraj";"Infocentrum a knihovna, Velké náměstí 137, Žlutice (http://www.zlutice.cz/)"
"1101";"Harrachov - Lesnická a myslivecká expozice Šindelka";"Česká Republika";"Turistická známka";"Pohoří, Skanzeny a muzea, Krkonoše";"Semily";"Liberecký kraj";"Suvenýry Eva (před hotelem Bílý Hořec), Harrachov
Infocentrum Správy KRNAP, Harrachov 442 (https://www.krnap.cz/ic-harrachov/)
Suvenýry- lyžařská půjčovna 633, Harrachov
Infoservis Fremr, Harrachov 478 (http://www.harrachov.cz/fremr/)
Suvenýry - autobusové nádraží Harrachov
Penzion Rotunda, Harrachov 609 (rotunda-harrachov.cz)
Chata u Lišáka, Harrachov 625, 512 46"
"1102";"Kostely sv. Kateřiny a sv. Ludmily Tetín";"Česká Republika";"Turistická známka";"Vodácké řeky, Církevní památky, Hrady, Berounka";"Beroun";"Středočeský kraj";"Muzeum, Tetín (https://www.muzeumtetin.cz/muzeum/muzeum/)
Obecní úřad, Tetín (http://www.tetin.cz/)
Muzeum Betlémů, Karlštejn 11 (http://www.muzeumbetlemu.cz/)"
"1103";"Úpice - Jestřebí hory";"Česká Republika";"Turistická známka";"Historická města, Pohoří, Jestřebí hory";"Trutnov";"Královéhradecký kraj";"Informační centrum, nám. T. G. Masaryka 31, Úpice (https://www.icupice.cz/informacni-centrum/)
Dřevěnka Úpice (https://www.mmgu.cz/drevenka/)
Městské muzeum a galerie Julie W. Mezerové, Úpice (https://www.mmgu.cz/)"
"1104";"Kostelec na Hané";"Česká Republika";"Turistická známka";"Historická města";"Prostějov";"Olomoucký kraj";"Městský úřad, Kostelec na Hané, Jakubské náměstí (https://www.kostelecnh.cz/)
Restaurace Sport, Sportovní 870, Kostelec na Hané (https://www.facebook.com/PenzionsportKostelecnaHane#utm_source=mapy.cz&utm_medium=ppd&utm_content=hledani&utm_term=Restaurace%20Sp)"
"1105";"Čertova stěna u Vyššího Brodu";"Česká Republika";"Turistická známka";"Vodácké řeky, Přírodní útvary a místa, Vltava";"Český Krumlov";"Jihočeský kraj";"Infocentrum, Vyšší Brod (http://www.ivyssibrod.cz/turisticke-informacni-centrum-vyssi-brod_185.html)
Hotel u Martina, Rožmberk nad Vltavou (https://www.hotelrozmberk.cz/)
Klientské informační centrum, Lipno nad Vltavou 307 (https://www.lipno.info/)
Obchodní domek Rillich, Frymburk (https://www.rillich.cz/)
Lipno Info Point, Lipno nad Vltavou 124
Půjčovna lodí a raftů INGEtour, Vyšší Brod (http://www.ingetour.cz/pujcovna-lodi-raftu?utm_source=mapy.cz&utm_medium=ppd&utm_campaign=firmy.cz-13732470)"
"1106";"Hrad Rychleby";"Česká Republika";"Turistická známka";"Pohoří, Hrady, Rychlebské hory";"Jeseník";"Olomoucký kraj";"Penzion Račí údolí, Račí údolí 126 (https://www.raciudoli.cz/)
Zámek Jánský Vrch - pokladna (https://www.zamek-janskyvrch.cz/cs)
Soud - turistické centrum, Puškinova 7, Javorník (https://kulturnidumjavornik.cz/)
Trafika Richter, ul. Míru (parkoviště pod zámkem), Javorník"
"1107";"Rozhledna a kaple na Mařském vrchu u Svaté Máří";"Česká Republika";"Turistická známka";"Rozhledny a vyhlídky";"Prachatice";"Jihočeský kraj";"Informační středisko, nám. Svobody 42, Vimperk (https://vimperk.cz/)
Železniční stanice Vimperk, Špidrova ul. (http://spzs.sweb.cz/)
Infocentrum, nám. Svobody 18, Vodňany (http://www.infocentrumvodnany.cz/infocentrum)"
"1108";"Pěchotní srub K-S5 ""U Potoka""";"Česká Republika";"Turistická známka";"Válečné památníky";"Ústí nad Orlicí";"Pardubický kraj";"Pěchotní srub (v sezóně), Dolní Morava (http://www.ks5.cz/)
Půjčovna, Obchod Marcelka - Velká Morava 58 (https://www.dolnimorava.cz/chata-marcelka)
Recepce Hotel Vista - Velká Morava 46, Dolní Morava (https://www.hotel-dolnimorava.cz/kontakt)
Skitour Test Centrum, Velká Morava 35 (http://www.ski-alp.cz/)"
"1109";"Radnice";"Česká Republika";"Turistická známka";"Historická města";"Rokycany";"Plzeňský kraj";"Infocentrum a muzeum, Radnice (muzeumradnice.cz)"
"1110";"Štětí";"Česká Republika";"Turistická známka";"Historická města";"Litoměřice";"Ústecký kraj";"Infocentrum, Obchodní 547, Štětí (https://www.steti.cz/content/view/1383/333/)"
"1111";"Jimramov";"Česká Republika";"Turistická známka";"Historická města";"Žďár nad Sázavou";"Kraj Vysočina";"Bistro K + C, náměstí Jana Karafiáta 18, Jimramov"
"1112";"Poutní kostel Sepekov";"Česká Republika";"Turistická známka";"Církevní památky";"Písek";"Jihočeský kraj";"Poutní kostel Sepekov (http://www.klastermilevsko.cz/poutni-kostel-sepekov)
Expozice Milevského kláštera (http://www.klastermilevsko.cz/)
TIC, náměstí E. Beneše 6, Milevsko (https://www.milevskem.cz/turistika/infocentrum)"
"1113";"Javorová Skála Monínec";"Česká Republika";"Turistická známka";"Přírodní útvary a místa";"Benešov";"Středočeský kraj";"Hotel Monínec, Monínec 7, Sedlec (https://leto.moninec.cz/stara-postovna-ze-snezky)
Trafika, nám. 7. května 6, Sedlec"
"1114";"Dobšice";"Česká Republika";"Turistická známka";"Vinařské obce";"Znojmo";"Jihomoravský kraj";"Knihovna a informační centrum Dobšice (https://www.dobsice.cz/knihovna-a-infocentrum)
Obecní úřad Dobšice (http://www.dobsice.cz)
Hostinec v Sokolovně, Dobšice"
"1115";"Kostel Proměnění Páně Josefův Důl";"Česká Republika";"Turistická známka";"Pohoří, Památná místa a obce, Jizerské hory";"Jablonec nad Nisou";"Liberecký kraj";"Hotel Peklo, Josefův Důl 960 (https://www.hotelpeklo.cz/)
Trafika, Josefův Důl č. 297 (u kostela) (www.trafikajosefuvdul.websnadno.cz)
Infocentrum, Josefův Důl 210 (http://josefuvdul.eu/)"
"1116";"Doubrava Loučka Vizovické vrchy";"Česká Republika";"Turistická známka";"Rozhledny a vyhlídky";"Zlín";"Zlínský kraj";"Infocentrum, Masarykovo náměstí 1008, Vizovice (http://www.mestovizovice.cz/)
Kiosek na rozhledně, Loučka (https://www.loucka-obec.cz/rozhledna-doubrava/ds-1004/p1=1014)"
"1117";"Rosička - obec Sázava";"Česká Republika";"Turistická známka";"Rozhledny a vyhlídky, Sázava";"Žďár nad Sázavou";"Kraj Vysočina";"Rozhledna Rosička (www.obecsazava.eu/rozhledna-rosicka/ds-10)
Obecní úřad, Sázava 159, Velá Losenice (www.sazava-obec.cz)
Infocentrum, Havlíčkovo nám. 253/5, Žďár nad Sázavou (https://www.zdarns.cz/cestovni-ruch/informacni-centrum)"
"1118";"Ranč Orel - Česká Ves";"Česká Republika";"Turistická známka";"Western";"Jeseník";"Olomoucký kraj";"Prodej dočasně pozastaven
Návštěvnické centrum Turistických známek, Rýmařov (http://www.turisticke-znamky.cz/)"
"1119";"Chata Filipka";"Česká Republika";"Turistická známka";"Pohoří, Horské chaty a boudy, Beskydy";"Frýdek-Místek";"Moravskoslezský kraj";"Horská chata Filipka, Kolibiska (https://www.facebook.com/ChataFilipka/?locale=cs_CZ)"
"1120";"Centrum Babylon Liberec";"Česká Republika";"Turistická známka";"Volnočasové areály";"Liberec";"Liberecký kraj";"Centrum Babylon, Nitranská 415/1, Liberec (https://www.centrumbabylon.cz/)"
"1121";"Bojiště u České Skalice 28.června 1866";"Česká Republika";"Turistická známka";"Válečné památníky";"Náchod";"Královéhradecký kraj";"Informační centrum, Legionářská 33, Česká Skalice (https://www.ceskoskalicko.cz/)
Muzeum Boženy Němcové Česká Skalice (https://www.muzeumbn.cz/)
Muzeum B. Němcové v areálu Barunčiny školy, Česká Skalice (https://www.muzeumbn.cz/)"
"1122";"Památník obětem komunistického zla - Hůrka";"Česká Republika";"Turistická známka";"Památníky";"Klatovy";"Plzeňský kraj";"Infocentrum, Prášily 110 (https://sumavanet.cz/icprasily/)
Hostinec u Michala, Prášily 111 (https://www.prasilskyraj.cz/)
Informační centrum, 1. máje 12, Železná Ruda (http://www.sumavanet.cz/itcruda/)"
"1123";"Památník Vojna u Příbrami";"Česká Republika";"Turistická známka";"Památníky";"Příbram";"Středočeský kraj";"Památník Vojna u Příbrami, Lešetice (www.muzeum-pribram.cz/pamatnik-vojna/)"
"1124";"Muzeum války 1866 - Chlum u Hradce Králové";"Česká Republika";"Turistická známka";"Válečné památníky";"Hradec Králové";"Královéhradecký kraj";"Muzeum války 1866, Chlum u Hradce Králové (https://www.muzeumhk.cz/muzeum-valky-1866/zakladni-info-muzeum-valky-1866.html)"
"1125";"Patton Memorial Pilsen";"Česká Republika";"Turistická známka";"Válečné památníky";"Plzeň-město";"Plzeňský kraj";"Patton Memorial Pilsen, Pobřežní 10, Plzeň (https://www.patton-memorial.cz/)
Informační centrum města Plzeň, náměstí Republiky 41 (https://www.visitplzen.eu/)
ČD Centrum Plzeň (http://www.ceskedrahy.cz/tiskove-centrum/fotogalerie/nadrazi/-1208/)"
"1126";"Petrov - Plže";"Česká Republika";"Turistická známka";"Vinařské obce";"Hodonín";"Jihomoravský kraj";"TIC Strážnicko, Vinohradská 35, Strážnice (http://www.straznice-mesto.cz/)
Obecní úřad Petrov (https://www.obec-petrov.cz/)
Vinotéka Petr Klásek, Petrov 73 (https://www.vinarstviklasek.cz/)
Půjčovna lodí Pavel Vojtek, Petrov (www.vodni-turistika.cz)"
"1127";"Slavonice, pevnostní areál";"Česká Republika";"Turistická známka";"Válečné památníky";"Jindřichův Hradec";"Jihočeský kraj";"TIC Slavonice, náměstí Míru 476, Slavonice (i.slavonice-mesto.cz)
Pevnostní areál, Slavonice (http://slavonicebunkry.eu/)"
"1128";"Bojiště Tovačov 15.7.1866";"Česká Republika";"Turistická známka";"Válečné památníky";"Přerov";"Olomoucký kraj";"Zámek Tovačov (https://zamek.tovacov.cz/)
Městský úřad Tovačov (www.tovacov.cz)"
"1129";"Bojiště u Svinišťan 29.června 1866";"Česká Republika";"Turistická známka";"Válečné památníky";"Náchod";"Královéhradecký kraj";"Obecní úřad, Dolany (https://www.dolany-na.cz/)"
"1130";"Bojiště u Náchoda 27.června 1866";"Česká Republika";"Turistická známka";"Válečné památníky";"Náchod";"Královéhradecký kraj";"Městské informační centrum, Masarykovo nám. 1, Náchod (https://mestonachod.cz/pro-turistu/infocentrum/)
Zámek Náchod (https://www.zamek-nachod.cz/cs)"
"1131";"Město Jablunkov";"Česká Republika";"Turistická známka";"Historická města";"Frýdek-Místek";"Moravskoslezský kraj";"Infocentrum, Dukelská 600, Jablunkov (http://www.jablunkov.cz/)"
"1132";"Město Chlumec nad Cidlinou";"Česká Republika";"Turistická známka";"Historická města";"Hradec Králové";"Královéhradecký kraj";"Zámek Karlova Koruna, Chlumec nad Cidlinou (kinsky-dal-borgo.cz)
Infocentrum, Jungmannova 61, Chlumec nad Cidlinou (https://ic.chlumecnc.cz/)
Městské muzeum Loreta, Chlumec nad Cidlinou (https://ic.chlumecnc.cz/muzeum-loreta/ms-2197/p1=2197)"
"1133";"Město Hlučín";"Česká Republika";"Turistická známka";"Historická města";"Opava";"Moravskoslezský kraj";"Informační Centrum Hlučín, Zámecká 286 (http://www.info.hlucin.com/)"
"1134";"Kelč";"Česká Republika";"Turistická známka";"Historická města";"Vsetín";"Zlínský kraj";"Městský úřad, Kelč (http://www.kelc.cz/)
Papírnictví na náměstí č. p. 3, Kelč (http://www.kelc.cz/)"
"1135";"Hronov";"Česká Republika";"Turistická známka";"Historická města";"Náchod";"Královéhradecký kraj";"Infocentrum, Hronov, náměstí Čs. armády (http://www.informacnicentrumhronov.cz/)"
"1136";"Smečno";"Česká Republika";"Turistická známka";"Historická města";"Kladno";"Středočeský kraj";"Vojenský skanzen Smečno (http://vojensky-skanzen-smecno.cz/)
Městský úřad, Smečno (http://www.smecno-mesto.cz/mestsky-urad/os-10)
Tabák Burda, Slánská 532, Smečno (https://www.facebook.com/tabakburda/about/)"
"1137";"Hrotovice";"Česká Republika";"Turistická známka";"Historická města";"Třebíč";"Kraj Vysočina";"Infocentrum (květen-září), Hrotovice (mimo sezónu) (http://www.hrotovice.cz/)
Městský úřad, Hrotovice (http://www.hrotovice.cz/)
Zámek Valeč (http://www.hotel-hrotovice.cz/)"
"1138";"Miletín";"Česká Republika";"Turistická známka";"Historická města";"Jičín";"Královéhradecký kraj";"Infocentrum Mateřídouška, Miletín (https://www.miletin.cz/kontakty/im.htm)
Rodný domek K. J. Erbena, Miletín (https://www.miletin.cz/)
Kemp - koupaliště, Miletín (https://www.autokempmiletin.cz/koupaliste)"
"1139";"Stará Boleslav";"Česká Republika";"Turistická známka";"Historická města";"Praha-východ";"Středočeský kraj";"Informační centrum, Jungmannova 468/4, Stará Boleslav (https://www.staraboleslav.com/)
Infocentrum - Kočárkovna, Plantáž 2480, Brandýs nad Labem (https://www.brandysko.cz/infocentrum-mesta-brandys-nad-labem-stara-boleslav/)
Zámek Brandýs nad Labem (brandyszamek.cz)
Muzeum Brandýs nad Labem, Masarykovo náměstí 97 (https://www.muzeumbrandys.cz/)"
"1140";"Město Brandýs nad Orlicí";"Česká Republika";"Turistická známka";"Historická města";"Ústí nad Orlicí";"Pardubický kraj";"Městský úřad, Brandýs nad Orlicí (http://www.mesto-brandys.cz/)
Přírodní Labyrint v Brandýse nad Orlicí (http://www.brandys-ve-svete.cz/)"
"1141";"Zámek Dřevohostice";"Česká Republika";"Turistická známka";"Zámky";"Přerov";"Olomoucký kraj";"Úřad Městyse, Dřevohostice (https://www.drevohostice.cz/)
Zámek Dřevohostice - Infocentrum (https://www.drevohostice.cz/zamek-drevohostice)
Hostinec na Špici, Dolní 206, Dřevohostice (https://www.drevohostice.cz/)
Večerka Vlach, Zámecká ul. 268, Dřevohostice"
"1142";"Zámek Stránov";"Česká Republika";"Turistická známka";"Zámky";"Mladá Boleslav";"Středočeský kraj";"Zámek Stránov (https://www.zamekstranov.cz/)"
"1143";"Zámek Velká Bystřice";"Česká Republika";"Turistická známka";"Zámky";"Olomouc";"Olomoucký kraj";"Kulturní a informační centrum, Zámecké nám. 775, Velká Bystřice (http://www.velkabystrice.cz/)"
"1144";"Zámek Slezské Rudoltice";"Česká Republika";"Turistická známka";"Zámky";"Bruntál";"Moravskoslezský kraj";"Informační centrum, Na Náměstí 106, Osoblaha (https://www.osoblaha.cz/)
Zámek Slezské Rudoltice (https://www.zamekslezskerudoltice.cz/)
Obecní úřad Slezské Rudoltice (https://www.slezskerudoltice.cz/)"
"1145";"Zámek Mirošov";"Česká Republika";"Turistická známka";"Zámky";"Rokycany";"Plzeňský kraj";"Zámek Mirošov (http://www.zamekmirosov.cz/)
Infocentrum, Masarykovo náměstí 1, Rokycany (rokycany.cz)"
"1146";"Zámek Koryčany";"Česká Republika";"Turistická známka";"Zámky";"Kroměříž";"Zlínský kraj";"Turistické informační centrum Koryčany, Náměstí 401 (https://turisticke-informacni-centrum-korycany7.webnode.cz/)"
"1147";"Zámek Ctěnice, Praha";"Česká Republika";"Turistická známka";"Zámky";"Praha";"Hlavní město Praha";"Zámecký areál Ctěnice (http://www.muzeumprahy.cz/zamecky-areal-ctenice/)"
"1148";"Choltice";"Česká Republika";"Turistická známka";"Zámky";"Pardubice";"Pardubický kraj";"Zámek Choltice - pokladna, prodejna suvenýrů (https://www.zamek-choltice.cz/)
Knihovna městyse Choltice, Pardubická 78 (https://www.choltice.cz/mestys/knihovna/)"
"1149";"Mostov";"Česká Republika";"Turistická známka";"Zámky, Ohře";"Cheb";"Karlovarský kraj";"Prodej dočasně pozastaven
Návštěvnické centrum Turistických známek, Rýmařov (http://www.turisticke-znamky.cz/)"
"1150";"Zámek Janovice u Rýmařova";"Česká Republika";"Turistická známka";"Zámky";"Bruntál";"Moravskoslezský kraj";"Zámek Janovice (https://www.zamek-janoviceurymarova.cz/cs)
Informační centrum Rýmařov (https://www.inforymarov.cz/cz/)
Návštěvnické centrum Turistických známek, Rýmařov (http://www.turisticke-znamky.cz/)"
"1151";"Dražice";"Česká Republika";"Turistická známka";"Hrady";"Mladá Boleslav";"Středočeský kraj";"Muzeum Benátky nad Jizerou (https://www.museum.cz/muzeum-168-muzeum-benatky-nad-jizerou)"
"1152";"Hartenberg";"Česká Republika";"Turistická známka";"Hrady, Krušné hory";"Sokolov";"Karlovarský kraj";"Hrad Hartenberg (hartenberg.cz)
Obecní úřad Josefov (obecjosefov.cz)"
"1153";"Hrad Červený Újezd";"Česká Republika";"Turistická známka";"Hrady";"Praha-západ";"Středočeský kraj";"Hrad Červený Újezd (http://www.hrad-cervenyujezd.cz/)"
"1154";"Hrad Libštejn";"Česká Republika";"Turistická známka";"Hrady, Berounka";"Rokycany";"Plzeňský kraj";"Infocentrum a muzeum, Radnice (muzeumradnice.cz)
Areál na Rybárně, Rakolusky (narybarne.eu)
Smíšené zboží na náměstí, Liblín
Hotel Berounka, Liblín 23 (https://hotelberounka.cz/)"
"1155";"Hrad Fulštejn";"Česká Republika";"Turistická známka";"Hrady";"Bruntál";"Moravskoslezský kraj";"Penzion Pod duby, Bohušov 115 (https://www.bohusov.cz/penzion-pod-duby/)
Infocentrum Bohušov, Bohušov 15 (https://www.bohusov.cz/)"
"1156";"Hrad Jenštejn";"Česká Republika";"Turistická známka";"Hrady";"Praha-východ";"Středočeský kraj";"Hrad Jenštejn (https://jenstejn.muzeumbrandys.cz/cz/)
Muzeum Brandýs nad Labem, Masarykovo náměstí 97 (https://www.muzeumbrandys.cz/)"
"1157";"Tvrz Volyně";"Česká Republika";"Turistická známka";"Hrady";"Strakonice";"Jihočeský kraj";"Městské muzeum ve Volyni (muzeum-volyne.cz)"
"1158";"Sutom - Hrad Košťálov";"Česká Republika";"Turistická známka";"Hrady";"Litoměřice";"Ústecký kraj";"Infocentrum, Masarykova 2, Třebenice (mesto-trebenice.cz)
Muzeum Českého Granátu, Třebenice (https://www.mesto-trebenice.cz/muzeum-ceskeho-granatu/d-83458)
Informační centrum Lovosice (http://www.meulovo.cz/)
Český včelař, Pnětluky 20, Podsedice"
"1159";"Hrad Hamrštejn";"Česká Republika";"Turistická známka";"Hrady";"Liberec";"Liberecký kraj";"Infocentrum, náměstí 1. Máje, Chrastava (http://www.chrastava.cz/kultura/cesky/infocentrum.htm)
Ranč v Údolí, Kryštofovo údolí 7 (http://www.rancvudoli.eu/)"
"1160";"Hrad Borotín";"Česká Republika";"Turistická známka";"Hrady";"Tábor";"Jihočeský kraj";"Barokní dvůr Borotín, Borotín 120 (https://www.facebook.com/BD.Borotin/about/)
KanapÍčko, Borotín 89"
"1161";"Boží hrob - Mimoň";"Česká Republika";"Turistická známka";"Církevní památky";"Česká Lípa";"Liberecký kraj";"Informační centrum, Mírová 76, Mimoň (https://www.kulturamimon.cz/infocentrum/)
Městské muzeum, V Lukách 101, Mimoň (https://www.kulturamimon.cz/muzeum/)"
"1162";"Dřevěné kostely ve Velkých Losinách";"Česká Republika";"Turistická známka";"Církevní památky";"Šumperk";"Olomoucký kraj";"Ruční papírna, Velké Losiny (http://www.rucnipapirna.cz/)
Informační centrum, Velké Losiny (losiny.cz)"
"1163";"Augustiniánský klášter Pivoň";"Česká Republika";"Turistická známka";"Církevní památky";"Domažlice";"Plzeňský kraj";"Informační středisko, náměstí Míru 210, Poběžovice (https://www.pobezovice.cz/infocentrum/)"
"1164";"Barokní Kostel Andělů Strážných - Stražisko";"Česká Republika";"Turistická známka";"Církevní památky";"Prostějov";"Olomoucký kraj";"Obecní úřad, Stražisko (https://www.obecstrazisko.cz/)
Koupaliště, Stražisko (https://www.obecstrazisko.cz/koupaliste/?ftresult=koupali%C5%A1t%C4%9B)
Turistické informační centrum, Kostelní 46, Konice (http://www.mekskonice.cz/)"
"1165";"Ostrovský klášter - Davle";"Česká Republika";"Turistická známka";"Církevní památky, Vltava";"Praha-západ";"Středočeský kraj";"Obecní úřad, Na náměstí 63, Davle (http://www.obecdavle.cz/)
Čerpací stanice VS Petrol, Davle (https://vspetrol.cz/#utm_source=mapy.cz&utm_medium=ppd&utm_content=hledani&utm_term=%c4%8cerpac%c3%ad%20stanice%20VS%20Petrol%2c%2)
Vinotéka 39, Davle (http://www.cukrarnabruno.cz/)
Zmrzlinový stánek #milujemetočenou, Davle
Regionální muzeum, Masarykovo nám. 16, Jílové u Prahy (http://muzeumjilove.cz/)
Café Kandík, Pikovická 276, Hradištko pod Medníkem (http://www.cafekandik.cz/)"
"1166";"Lomnice u Tišnova";"Česká Republika";"Turistická známka";"Církevní památky";"Brno-venkov";"Jihomoravský kraj";"Městys Lomnice - podatelna (http://www.lomnice.cz/)
Synagoga, Lomnice (http://www.lomnice.cz/)
Restaurace Panský dům, Nám. Palackého 16, Lomnice (https://www.facebook.com/Pansk%C3%BD-d%C5%AFm-405664366175197/)
Turistické informační centrum, nám. Míru 120, Tišnov (https://www.tictisnov.cz/)
Cukrárna MumiCafé, Nám. palackého 14, Lomnice (https://www.facebook.com/cukrarnamumicafe/)"
"1167";"Suchá Rudná - Jeseníky";"Česká Republika";"Turistická známka";"Církevní památky";"Bruntál";"Moravskoslezský kraj";"Hotel Paramon, Suchá Rudná 23 (http://www.paramon.cz/)
Hotel Holzberg, Suchá Rudná 42 (www.holzberg-jeseniky.cz)"
"1168";"Divišov - synagoga a židovský hřbitov";"Česká Republika";"Turistická známka";"Církevní památky";"Benešov";"Středočeský kraj";"Prodej dočasně pozastaven
Návštěvnické centrum Turistických známek, Rýmařov (http://www.turisticke-znamky.cz/)"
"1169";"Římov - poutní areál";"Česká Republika";"Turistická známka";"Církevní památky";"České Budějovice";"Jihočeský kraj";"Infocentrum, Římov (http://www.rimov.cz/)
Železniční muzeum Roubenka, Římov (http://www.rimov.cz/)"
"1170";"Horní Hanychov";"Česká Republika";"Turistická známka";"Církevní památky";"Liberec";"Liberecký kraj";"Kiosek u Lanovky (parkoviště), Liberec
Info a Shop Skiareál Ještěd (www.skijested.cz)
ČD Centrum Liberec (http://www.ceskedrahy.cz/tiskove-centrum/fotogalerie/nadrazi/-1208/)"
"1171";"Muzeum Boženy Němcové Česká Skalice";"Česká Republika";"Turistická známka";"Skanzeny a muzea";"Náchod";"Královéhradecký kraj";"Informační centrum, Legionářská 33, Česká Skalice (https://www.ceskoskalicko.cz/)
Muzeum Boženy Němcové Česká Skalice (https://www.muzeumbn.cz/)
Muzeum B. Němcové v areálu Barunčiny školy, Česká Skalice (https://www.muzeumbn.cz/)"
"1172";"Muzeum Křížovnický špýchar, Prostřední Lhota";"Česká Republika";"Turistická známka";"Skanzeny a muzea";"Příbram";"Středočeský kraj";"Muzeum Špýchar, Prostřední Lhota (https://www.muzeum-pribram.cz/cz/muzeum-spychar-prostredni-lhota/z-historie/)"
"1173";"Muzeum těžby a zpracování zlata, Nový Knín";"Česká Republika";"Turistická známka";"Skanzeny a muzea";"Příbram";"Středočeský kraj";"Hornické muzeum, Nový Knín (https://www.muzeum-pribram.cz/cz/muzeum-zlata-novy-knin/z-historie/)"
"1174";"Městské muzeum Nové Strašecí";"Česká Republika";"Turistická známka";"Skanzeny a muzea";"Rakovník";"Středočeský kraj";"Muzeum T.G.M., Nové Strašecí (http://www.muzeumtgm.cz/muzeum-nove-straseci/)
Infocentrum, Nové Strašecí (https://www.novestraseci.cz/turistika/infocentrum/)"
"1175";"Vlastivědné muzeum Jesenice";"Česká Republika";"Turistická známka";"Skanzeny a muzea";"Rakovník";"Středočeský kraj";"Galerii Samson Cafeé, V Brance 233, Rakovník (http://www.muzeumtgm.cz/)
Muzeum T. G. M., Jesenice (http://www.muzeumtgm.cz/vlastivedne-muzeum-jesenice/)"
"1176";"Podskalská Celnice Na Výtoni, Praha";"Česká Republika";"Turistická známka";"Skanzeny a muzea";"Praha";"Hlavní město Praha";"Podskalská celnice, Rašínovo nábřeží 412, Praha (http://www.muzeumprahy.cz/podskalska-celnice-na-vytoni/)"
"1177";"Dlaskův Statek";"Česká Republika";"Turistická známka";"Skanzeny a muzea";"Semily";"Liberecký kraj";"Dlaskův Statek v Dolánkách u Turnova (http://www.muzeum-turnov.cz/)
Infoshop Vejměnek, Malá Skála 12 (http://www.vejmenek.cz/)
Informační centrum Maloskalsko, Labe 687, Malá Skála (https://www.infocentrum-maloskalsko.cz/)"
"1178";"Újezd u Domažlic - Hrádek a Kozinův Statek";"Česká Republika";"Turistická známka";"Památníky";"Domažlice";"Plzeňský kraj";"Pamětní síň J. S. Koziny, Újezd (https://www.obecujezd.cz/obec/pametni-sin-jana-sladkeho-koziny/)"
"1179";"Nezabudice";"Česká Republika";"Turistická známka";"Skanzeny a muzea, Berounka";"Rakovník";"Středočeský kraj";"Pamětní síň J. Fraňka, Nezabudice (http://www.muzeumtgm.cz)
Hostinec ""U Rozvědčíka"", Nezabudice 55 (http://hostinecurozvedcika.cz/)
Parkoviště, Křivoklát"
"1180";"Hořiněves, rodný dům Václava Hanky";"Česká Republika";"Turistická známka";"Skanzeny a muzea";"Hradec Králové";"Královéhradecký kraj";"Obecní úřad, Hořiněves (http://www.horineves.cz/)
Hostinec U Šáfrů, Hořiněves 42 (https://www.facebook.com/hospodausafru/)"
"1181";"Technické muzeum v Brně";"Česká Republika";"Turistická známka";"Technické památky";"Brno-město";"Jihomoravský kraj";"Infocentrum POD KROKODÝLEM, Radnická 8, Brno (https://ticbrno.cz/informacni-centra/informacni-centrum-pod-krokodylem)
Technické muzeum, Brno, Purkyňova 105 (http://www.technicalmuseum.cz/)
IC Zámečnická, Zámečnická 90/2, Brno (https://ticbrno.cz/informacni-centra/informacni-centrum-to-je-brno)"
"1182";"Pekelný jícen, Průrva Ploučnice, kulturní památka";"Česká Republika";"Turistická známka";"Technické památky, Přírodní útvary a místa";"Česká Lípa";"Liberecký kraj";"Občerstvení u Průrvy Ploučnice, Noviny pod Ralskem
Informační centrum, Mírová 76, Mimoň (https://www.kulturamimon.cz/infocentrum/)
Městské muzeum, V Lukách 101, Mimoň (https://www.kulturamimon.cz/muzeum/)
Infocentrum, Stráž pod Ralskem (http://www.strazpr.cz/turistika/os-1038/p1=60)
Informační centrum Hamr na Jezeře (https://obechamr.cz/turistika-a-cykloturistika/informacni-centrum/)"
"1183";"Plzeňské historické podzemí";"Česká Republika";"Turistická známka";"Technické památky";"Plzeň-město";"Plzeňský kraj";"Pivovarské muzeum, Veleslavínova 58/6, Plzeň (http://www.prazdrojvisit.cz/prohlidky/prohlidka-pivovarskeho-muzea/)
ČD Centrum Plzeň (http://www.ceskedrahy.cz/tiskove-centrum/fotogalerie/nadrazi/-1208/)
Sklo - porcelán, Prešovská 14, Plzeň (https://www.plzen-info.cz/crystal/)"
"1184";"Stará čistírna odpadních vod v Praze – Bubenči, NKP";"Česká Republika";"Turistická známka";"Technické památky";"Praha";"Hlavní město Praha";"Muzeum Stará Čistírna, .o.p.s. (http://www.staracistirna.cz/)"
"1185";"Srbsko CHKO Český Kras";"Česká Republika";"Turistická známka";"CHKO a rezervace, Vodácké řeky, Berounka";"Beroun";"Středočeský kraj";"Restaurace U Kapličky, Srbsko 209 (https://ukaplickysrbsko.cz/)
Camp Srbsko (https://www.campsrbsko.cz/)
TCK7 – Turistické centrum Karlštejn 7 (https://www.karlstejnsko.cz/cs/)
Muzeum Betlémů, Karlštejn 11 (http://www.muzeumbetlemu.cz/)
Informační centrum, 5. května 912, Dobřichovice (dobrichovice.cz)"
"1186";"Staňkovský rybník - Staňkov";"Česká Republika";"Turistická známka";"Technické památky";"Jindřichův Hradec";"Jihočeský kraj";"Informační středisko, Chlum u Třeboně 12 - budova České pošty (https://www.chlum-ut.cz/informacni-stredisko/os-1018/p1=1113)
Trafika U hráze, Chlum u Třeboně 1"
"1187";"Železniční Museum Rosice nad Labem";"Česká Republika";"Turistická známka";"Železnice, Technické památky";"Pardubice";"Pardubický kraj";"Museum historických železnic, Rosice nad Labem (http://www.pshzd.cz)"
"1188";"Důl Michal - Ostrava Michálkovice";"Česká Republika";"Turistická známka";"Technické památky";"Ostrava-město";"Moravskoslezský kraj";"Důl Michal, Ostrava - Michálkovice, ČS Armády (https://www.dul-michal.cz/cs#utm_source=mapy.cz&utm_medium=ppd&utm_content=hledani&utm_term=D%c5%afl%20Michal%2c%20Ostrava%20%2d%2)
Infocentrum Elektra, Jurečkova 1935/12, Ostrava (https://www.ostravainfo.cz/cz/info/infocentra/8560-infocentrum-elektra.html)
Infocentrum Přívoz, Nádražní 164/215, Ostrava (https://www.ostravainfo.cz/cz/info/infocentra/8564-infocentrum-privoz.html)
Infocentrum Svinov, Peterkova 1152/14, Ostrava (https://www.ostravainfo.cz/cz/info/infocentra/8565-infocentrum-svinov.html)"
"1189";"Letecké muzeum v Kunovicích";"Česká Republika";"Turistická známka";"Technické památky";"Uherské Hradiště";"Zlínský kraj";"Letecké muzeum v Kunovicích (www.museum-kunovice.cz)"
"1190";"Frýdlantský Betlém";"Česká Republika";"Turistická známka";"Technické památky";"Liberec";"Liberecký kraj";"Mechanický Betlém, Frýdlant v Čechách (https://www.mesto-frydlant.cz/cs/turista/zajimavosti-a-cile-ve-frydlantu/frydlantsky-betlem/)"
"1191";"Barokní statek Benice - hřebčín Favory";"Česká Republika";"Turistická známka";"Technické památky, Historické budovy a stavby";"Benešov";"Středočeský kraj";"Panství Benice, s.r.o."
"1192";"Tvarožná Lhota";"Česká Republika";"Turistická známka";"Pohoří, Bílé Karpaty";"Hodonín";"Jihomoravský kraj";"TIC Strážnicko, Vinohradská 35, Strážnice (http://www.straznice-mesto.cz/)
Muzeum Oskeruší, Tvarožná Lhota (http://www.tvarozna-lhota.cz/oskoruse-oskorusove-muzeum-a-slavnost-oskorusi/ms-1031/p1=1031)
Salaš Travičná (na naučné stezce Oskeruše), Tvarožná lhota"
"1193";"ZOO Chleby";"Česká Republika";"Turistická známka";"Zoologické zahrady";"Nymburk";"Středočeský kraj";"Zoo Chleby hlavní pokladna + obchod se suvenýry (http://www.zoochleby.cz/#utm_source=mapy.cz&utm_medium=ppd&utm_campaign=firmy.cz-203939)"
"1194";"Česká Amerika Mořina";"Česká Republika";"Turistická známka";"Přírodní útvary a místa";"Beroun";"Středočeský kraj";"Občerstvení B-rink, lom Velká Amerika (https://www.lomy-amerika.cz/)
Městské informační centrum, Husovo náměstí 69, Beroun (mkcberoun.cz/mic)
TCK7 – Turistické centrum Karlštejn 7 (https://www.karlstejnsko.cz/cs/)
Muzeum Betlémů, Karlštejn 11 (http://www.muzeumbetlemu.cz/)
Suvenýry, Karlštejn 80
Infocentrum, Svatý Jan pod Skalou 2 (https://www.svatyjan.cz/turistika-volny-cas/infocentrum/)
Restaurace U Kapličky, Srbsko 209 (https://ukaplickysrbsko.cz/)
U husitské koule - Mykhaylo Yonash"
"1195";"Ostrý 1044m";"Česká Republika";"Turistická známka";"Horské chaty a boudy, Pohoří, Beskydy";"Frýdek-Místek";"Moravskoslezský kraj";"Chata Ostrý (www.chataostry.cz)"
"1196";"Kunštátská kaple";"Česká Republika";"Turistická známka";"Pohoří, Orlické hory";"Rychnov nad Kněžnou";"Královéhradecký kraj";"Turistické informační centrum, Orlické Záhoří (http://www.orlickezahori.eu/index.php/informacni-centrum)
Infocentrum, Deštné v Orlických horách 164 (http://www.destne.info/)
Informační středisko, Rokytnice v Orlických horách (http://www.rokytnice.cz/)
Penzion Rampušák, náměstí T. G. Masaryka 5, Rokytnice (https://www.rampusak.cz/)
Prodejna Suvenýr, Deštné v Orlických horách 374"
"1197";"Klokočské průchody";"Česká Republika";"Turistická známka";"Pohoří, Přírodní útvary a místa, Český ráj";"Semily";"Liberecký kraj";"Hrad Rotštejn (http://www.hradrotstejn.info/)
Občerstvení Pod Hradem, Klokočí 16 (https://mapy.cz/turisticka?x=15.2254391&y=50.5944775&z=17&q=kloko%C4%8D%C3%AD%2016&source=firm&id=12909706)
Restaurace Hasičárna, Klokočí 9 (https://restauracehasicarna.cz/#utm_source=mapy.cz&utm_medium=ppd&utm_content=hledani&utm_term=Restaurace%20HASI%c4%8c%c3%81RNA&ut)
.MÍSTO v ráji, Bukovina 53, 511 01 Mírová pod Kozákovem"
"1198";"Černý Vodopád";"Česká Republika";"Turistická známka";"Pohoří, Přírodní útvary a místa, Jizerské hory";"Liberec";"Liberecký kraj";"Infocentrum, Lázně Libverda 17 (http://www.laznelibverda.cz/cs/volny-cas/turisticke-informace/informacni-centrum.html)
Kiosek - suvenýry na parkovišti Obří Sud, Lázně Libverda
Infocentrum, Klášterní 87, Hejnice (https://www.mestohejnice.cz/)
Cukrárna u kostela, Klášterní, Hejnice (https://www.facebook.com/cukrarnaukostela/)
Obecní úřad Bílý Potok (bily-potok.cz)
Balustráda Restaurant & Café, Libverda (https://www.facebook.com/people/Cukr%C3%A1rna-Balustr%C3%A1da-L%C3%A1zn%C4%9B-Libverda/100093144398054/)
Turistické informační centrum Hejnice"
"1199";"Jindřichovice pod Smrkem";"Česká Republika";"Turistická známka";"Technické památky";"Liberec";"Liberecký kraj";"Ekologické informační centrum, Jindřichovice pod Smrkem (https://www.jindrichovice.cz/cs/web/spolky-a-sdruzeni/ekologicke-informacni-centrum-eic/)
Obecní úřad, Jindřichovice pod Smrkem (http://www.jindrichovice.cz/)"
"1200";"Čertovo Jezero";"Česká Republika";"Turistická známka";"Pohoří, Přírodní útvary a místa, Šumava";"Klatovy";"Plzeňský kraj";"Hotel Karl, sedlo Špičák (http://www.karl.cz/)
SKI & BIKE ŠPIČÁK, areál Špičák (http://sumava.spicak.cz/)
Informační centrum, 1. máje 12, Železná Ruda (http://www.sumavanet.cz/itcruda/)
Inf. středisko NP Šumava, Sušická 399, Kašperské Hory (https://www.npsumava.cz/navstivte-sumavu/navstevnicka-centra/informacni-stredisko-kasperske-hory/)
AdamOliver Dárky a dekorace (www.Adamolivertravel.CZ)"
"1201";"Vlašský dvůr - Kutná Hora";"Česká Republika";"Turistická známka";"Hrady, Technické památky";"Kutná Hora";"Středočeský kraj";"Vlašský dvůr - Průvodcovská služba, Havlíčkovo nám. 1 (https://pskh.cz/vlassky-dvur/)
Infocentrum, Palackého nám. 377, Kutná Hora (http://www.kutnahora.cz/)"
"1202";"Rozhledna Děd u Berouna";"Česká Republika";"Turistická známka";"Rozhledny a vyhlídky";"Beroun";"Středočeský kraj";"Muzeum Betlémů, Karlštejn 11 (http://www.muzeumbetlemu.cz/)
Městské informační centrum, Husovo náměstí 69, Beroun (mkcberoun.cz/mic)
Muzeum Českého Krasu, Husovo náměstí 87, Beroun (muzeum-beroun.cz)"
"1203";"Barborka Horní Raškovice";"Česká Republika";"Turistická známka";"Rozhledny a vyhlídky";"Pardubice";"Pardubický kraj";"Rozhledna Barborka, Horní Raškovice - Svinčany (https://www.svincany.cz/rozhledna-barborka)
Informační centrum města Třemošnice (https://ic.tremosnice.cz/)
Berlova vápenka, Třemošnice (https://www.tremosnice.cz/)"
"1204";"Borůvka Hluboká";"Česká Republika";"Turistická známka";"Rozhledny a vyhlídky";"Chrudim";"Pardubický kraj";"Borůvka Hluboká - rozhledna (https://www.mastale.cz/cs/boruvka)
Turistické informační centrum Maštale, Borská 125, Proseč (https://www.mastale.cz/cs/tic-mastale-prosec)"
"1205";"Sylvánský vrch v Plzni";"Česká Republika";"Turistická známka";"Rozhledny a vyhlídky";"Plzeň-město";"Plzeňský kraj";"Rozhledna Sylvánský Vrch (http://rozhledny.kohl.cz/rozhledna-sylvansky-vrch-v-plzni)"
"1206";"Rozhledna Krkavec";"Česká Republika";"Turistická známka";"Rozhledny a vyhlídky";"Plzeň-sever";"Plzeňský kraj";"Rozhledna Krkavec (https://www.krkavec.cz/rozhledna/rozhledna-na-krkavci-u-plzne)
Informační centrum města Plzeň, náměstí Republiky 41 (https://www.visitplzen.eu/)"
"1207";"Burianova rozhledna na Milence";"Česká Republika";"Turistická známka";"Rozhledny a vyhlídky";"Blansko";"Jihomoravský kraj";"Infocentrum, nám. Krále Jiřího 105, Kunštát (http://www.kunstat-mesto.cz/)
Jeskyně Blanických rytířů - pokladna (rudka.cz)"
"1208";"Veselý vrch Chotilsko Mokrsko";"Česká Republika";"Turistická známka";"Rozhledny a vyhlídky, Vltava";"Příbram";"Středočeský kraj";"Rozhledna Veselý vrch, Mokrsko (https://www.chotilsko.cz/rozhledna-na-veselem-vrchu/d-17577)
Chotilské muzeum střední Vltavy a balónového létání (https://www.chotilskemuzeum.cz/)"
"1209";"Rozhledna Dubecko";"Česká Republika";"Turistická známka";"Rozhledny a vyhlídky";"Semily";"Liberecký kraj";"Rozhledna Dubecko (https://www.cesky-raj.info/dr-cs/1019-rozhledna-dubecko.html)
Hrad Rotštejn (http://www.hradrotstejn.info/)"
"1210";"Rozhledna Vrbice";"Česká Republika";"Turistická známka";"Rozhledny a vyhlídky";"Rychnov nad Kněžnou";"Královéhradecký kraj";"Rozhledna Vrbice (https://www.vrbice.info/rozhledna/o-rozhledne/)"
"1211";"Krucemburk";"Česká Republika";"Turistická známka";"Pohoří, Žďárské vrchy";"Havlíčkův Brod";"Kraj Vysočina";"Infocentrum, Krucemburk, náměstí J. Zrzavého 13 (http://www.krucemburk.cz/turistika-kultura-a-sport/turistika/informacni-centrum)
Moře u rybníka Řeka, historická plovárna (http://www.morerybnikreka.cz/)"
"1212";"Kraslice - Vysoký kámen";"Česká Republika";"Turistická známka";"Pohoří, Přírodní útvary a místa, Krušné hory";"Sokolov";"Karlovarský kraj";"KIC, nám. T. G. Masaryka 1782, Kraslice (http://www.icka.cz/ic/kic-kraslice)"
"1213";"Albrechtičky";"Česká Republika";"Turistická známka";"CHKO a rezervace";"Nový Jičín";"Moravskoslezský kraj";"Muzeum, Albrechtičky (https://www.albrechticky.cz/muzeum-obce)
Obecní úřad, Albrechtičky (http://www.albrechticky.cz/)"
"1214";"Jedovnice";"Česká Republika";"Turistická známka";"Pohoří, Stezky a trasy, Moravský kras";"Blansko";"Jihomoravský kraj";"Info - knihovna, Jedovnice, Havlíčkovo náměstí (http://www.jedovnice.knihovna.cz/#utm_source=mapy.cz&utm_medium=ppd&utm_content=hledani&utm_term=Info%2dknihovna%2c%20Jedovnice%2c)
Trafika, Havlíčkovo náměstí, Jedovnice
Kemp Olšovec, Jedovnice (http://www.olsovec.cz/)"
"1215";"Krkatá Baba - Lubě Blansko";"Česká Republika";"Turistická známka";"Přírodní útvary a místa";"Blansko";"Jihomoravský kraj";"Turistická ubytovna Jižní Portál, Újezd u Černé Hory (http://www.jizniportal.cz/)
Hospoda u koupaliště, č.p. 6 , Lubě"
"1216";"Šmelcovna";"Česká Republika";"Turistická známka";"Přírodní útvary a místa";"Brno-venkov";"Jihomoravský kraj";"Hostinec u Čadíků, Šmelcovna, Domašov (http://smelcovna.net/)"
"1217";"Velká Losenice";"Česká Republika";"Turistická známka";"Pohoří, Žďárské vrchy";"Žďár nad Sázavou";"Kraj Vysočina";"Informační centrum Velká Losenice (https://www.losenice.cz/informacni-centrum-knihovna)
Obecní úřad, Velká Losenice (https://www.losenice.cz/informacni-centrum-knihovna)
Prodejna Flop, Velká Losenice č. p. 232 (http://www.losenice.cz/)
Hospoda U Macků, Velká Losenice, č. p. 173 (http://www.losenice.cz/)
Infocentrum, Havlíčkovo nám. 253/5, Žďár nad Sázavou (https://www.zdarns.cz/cestovni-ruch/informacni-centrum)"
"1218";"Údolí Oslavy a Chvojnice, Náměšť nad Oslavou";"Česká Republika";"Turistická známka";"CHKO a rezervace, Přírodní útvary a místa";"Třebíč";"Kraj Vysočina";"Infocentrum, Náměšť nad Oslavou (http://www.namestnosl.cz/)"
"1219";"Dolní Dvůr";"Česká Republika";"Turistická známka";"Pohoří, Krkonoše";"Trutnov";"Královéhradecký kraj";"Infocentrum obce Dolní Dvůr (http://www.dolnidvur.cz/)
Chata Jitka, Dolní Dvůr 53 (http://www.chatajitka.cz/)
Venkovské infocentrum mikroregionu, Lánov (http://www.lanov.cz/)"
"1220";"Údolí Doubravy - Bílek";"Česká Republika";"Turistická známka";"Pohoří, Přírodní útvary a místa, Železné hory";"Havlíčkův Brod";"Kraj Vysočina";"Informační centrum, Trčků z Lípy 55, Chotěboř (https://www.icchotebor.cz/)"
"1221";"Nová Role";"Česká Republika";"Turistická známka";"Historická města, Krušné hory";"Karlovy Vary";"Karlovarský kraj";"Knihovna a infocentrum, Nová Role, Chodovská 236 (https://knihovna.novarole.cz/)"
"1222";"Dolní Poustevna";"Česká Republika";"Turistická známka";"Historická města";"Děčín";"Ústecký kraj";"Infocentrum - centrum setkávání, Dolní Poustevna (https://www.dolnipoustevna.cz/zivot-v-obci/centrum-setkavani/)"
"1223";"Město Brušperk";"Česká Republika";"Turistická známka";"Historická města";"Frýdek-Místek";"Moravskoslezský kraj";"Infocentrum Brušperk, náměstí J. A. Komenského 9 (http://www.infobrusperk.cz/#utm_source=mapy.cz&utm_medium=ppd&utm_content=hledani&utm_term=Infocentrum%20Bru%c5%a1perk%2c%20n%c3%a)"
"1224";"Postoloprty";"Česká Republika";"Turistická známka";"Historická města, Ohře";"Louny";"Ústecký kraj";"Infocentrum, Postoloprty, Mírové náměstí 3 (http://www.kzmp.cz/)"
"1225";"Mnichovice";"Česká Republika";"Turistická známka";"Historická města";"Praha-východ";"Středočeský kraj";"Turistické informační centrum Mnichovice (https://www.mnichovice.cz/turisticke-a-informacni-centrum/ms-2749/p1=2749)"
"1226";"Mirotice, Alšův dům";"Česká Republika";"Turistická známka";"Historická města";"Písek";"Jihočeský kraj";"Muzeum Mikoláše Alše, Mirotice (http://www.mirotice.cz/)"
"1227";"Lomnice nad Lužnicí";"Česká Republika";"Turistická známka";"Historická města, Vodácké řeky, Lužnice";"Jindřichův Hradec";"Jihočeský kraj";"Informační a kulturní středisko Lomnice nad Lužnicí (https://www.lomnice-nl.cz/turista/informacni-centrum/)"
"1228";"Orlová";"Česká Republika";"Turistická známka";"Historická města";"Karviná";"Moravskoslezský kraj";"Městské informační centrum Orlová, Masarykova třída 1324 (https://mic.knihovna-orlova.cz/#utm_source=mapy.cz&utm_medium=ppd&utm_content=hledani&utm_term=M%c4%9bstsk%c3%a9%20informa%c4%8dn%)
Restaurace Hájenka, Orlová (www.facebook.com/restaurace.hajenka?locale=cs_CZ)"
"1229";"Kralovice";"Česká Republika";"Turistická známka";"Historická města";"Plzeň-sever";"Plzeňský kraj";"Turistické infocentrum města Kralovice (https://www.icka.cz/ic/turisticke-infocentrum-mesta-kralovice)
Městský úřad Kralovice (http://www.kralovice.cz/)"
"1230";"Smiřice zámecká kaple Zjevení Páně";"Česká Republika";"Turistická známka";"Historická města, Církevní památky";"Hradec Králové";"Královéhradecký kraj";"Kaple, Smiřice (https://www.mestosmirice.cz/kaple-zjeveni-pane/ds-1125)
Městské kulturní středisko, Palackého 124, Smiřice (https://www.mestosmirice.cz/index.asp)"
"1231";"Bělá - Pstruží Farma";"Česká Republika";"Turistická známka";"Volnočasové areály, Zoologické zahrady";"Opava";"Moravskoslezský kraj";"Pstruží farma, Bělá u Hlučína (http://pstruzi-farma-bela.cz/)"
"1232";"Bílá - Beskydy";"Česká Republika";"Turistická známka";"Ski areály, Pohoří, Beskydy";"Frýdek-Místek";"Moravskoslezský kraj";"Hotel Bauer, Bílá v Beskydech 148 (hotelbauer.cz)
Pokladna lanové dráhy - ZBOJNÍK (https://www.beskydy.cz/content/beskydy-lanova-draha-lanovka-zbojnik-bila.aspx)
Turistické informační centrum Bílá v Beskydech (https://www.nabile.cz/infocentrum/)"
"1233";"Jarotice u Mirotic - FORT HARY";"Česká Republika";"Turistická známka";"Western";"Písek";"Jihočeský kraj";"Westernová pevnost a indiánské muzeum FORT HARY (https://forthary.webnode.cz/)"
"1234";"Miniuni Ostrava";"Česká Republika";"Turistická známka";"Zahrady a parky, Technické památky";"Ostrava-město";"Moravskoslezský kraj";"Prodej dočasně pozastaven
Návštěvnické centrum Turistických známek, Rýmařov (http://www.turisticke-znamky.cz/)"
"1235";"Centrum mistra Jana Husa - Husinec";"Česká Republika";"Turistická známka";"Památníky";"Prachatice";"Jihočeský kraj";"Centrum Mistra Jana Husa, Husinec (https://www.cmjh.cz/cs/)
Městský úřad Husinec (https://www.husinec.cz/)"
"1236";"Nové Hutě - Král Šumavy";"Česká Republika";"Turistická známka";"Pohoří, Šumava";"Prachatice";"Jihočeský kraj";"Penzion U Studeného potoka, Nové Hutě 42 (http://www.ustudenehopotoka.cz/)
Penzion U Zpěváků, Nové Hutě (https://uzpevaku.cz/)
Smíšené zboží, Nové Hutě 106
Informační středisko, Horská Kvilda 40 (http://horskakvilda.eu/)
Turistické centrum Chata Terezka, Kvilda 35 (https://chataterezka.cz/)"
"1237";"Prales Mionší";"Česká Republika";"Turistická známka";"Pohoří, CHKO a rezervace, Přírodní útvary a místa, Beskydy";"Frýdek-Místek";"Moravskoslezský kraj";"Lomňanské muzeum (https://lomnadolina.cz/lomnanske-muzeum/)
Pošta Dolní Lomná (dolnilomna.eu)
Restaurace Mánes, Dolní Lomná 19 (http://www.manes-dolnilomna.cz)
iCafé Dolní Lomná"
"1238";"Kolářova chata Slavíč";"Česká Republika";"Turistická známka";"Pohoří, Horské chaty a boudy, Beskydy";"Frýdek-Místek";"Moravskoslezský kraj";"Kolářova chata Slavíč, Morávka (http://www.kolarovachata.cz/)"
"1239";"Pramen Labe";"Česká Republika";"Turistická známka";"Pohoří, Přírodní útvary a místa, Krkonoše";"Semily";"Liberecký kraj";"Horský hotel Labská Bouda (http://www.labskabouda.cz/)
Vrbatova bouda (https://www.facebook.com/VRBATOVA-BOUDA-425010054356521)
Informační srub Správy KRNAP, Zlaté Návrší (http://www.krnap.cz/)
TIC, Svatopetrská 173, Špindlerův Mlýn (https://www.mestospindleruvmlyn.cz/)
Infocentrum SPINDL.INFO, Špindlerův Mlýn 10 (https://www.spindleruv-mlyn.com/cz/)
Infocentrum KRNAP, Špindlerův Mlýn 269 (https://www.krnap.cz/ic-spidleruv-mlyn/)
Infocentrum Správy KRNAP, Harrachov 442 (https://www.krnap.cz/ic-harrachov/)
Suvenýry Eva (před hotelem Bílý Hořec), Harrachov
Lesnická expozice Šindelka, Harrachov 269 (https://www.krnap.cz/expozice-sindelka-harrachov/)
Suvenýry Vejnarová, Bedřichov 22
Penzion Rotunda, Harrachov 609 (rotunda-harrachov.cz)"
"1240";"Labská Stráň, Belveder";"Česká Republika";"Turistická známka";"Pohoří, Přírodní útvary a místa, Labské pískovce";"Děčín";"Ústecký kraj";"Hotel Belveder, Labská Stráň 105 (http://belvederhotel.cz/)
Informační centrum Děčín, K.Čapka 1441/3 (http://idecin.cz/)"
"1241";"Jiljov skalní tvrz - Holany";"Česká Republika";"Turistická známka";"Hrady";"Česká Lípa";"Liberecký kraj";"Obecní úřad, Holany (http://www.holany.cz/)
Kemp Milčany (https://www.holany.cz/obec-7/kemp-milcany/)"
"1242";"Hrad Hartenštejn";"Česká Republika";"Turistická známka";"Hrady, Slavkovský les";"Karlovy Vary";"Karlovarský kraj";"Informační centrum, náměstí Míru 1, Bochov (http://www.mesto-bochov.cz/)
Restaurace Radniční sklípek, nám. Míru 1, Bochov (https://www.mesto-bochov.cz/)
Hračky - papír - Marcela Macháčková, nám. Míru 304, Bochov
U Zlaté Koule, nám. Míru 42, Bochov"
"1243";"Hrad Hněvín - Most";"Česká Republika";"Turistická známka";"Hrady";"Most";"Ústecký kraj";"Hrad Hněvín, Most (https://www.mesto-most.cz/hrad-hnevin/d-4413)
Turistické informační centrum, Radniční 1/2, Most (https://www.imostecko.cz/)
ČD Centrum Most (http://www.ceskedrahy.cz/tiskove-centrum/fotogalerie/nadrazi/-1208/)"
"1244";"Brozany nad Ohří";"Česká Republika";"Turistická známka";"Hrady, Ohře";"Litoměřice";"Ústecký kraj";"Tvrz, Brozany nad Ohří (https://www.brozanynadohri.cz/mestys/historie-mestyse-a-spolky/tvrz/historie-tvrze/)
Úřad Městyse Brozany nad Ohří (https://www.brozanynadohri.cz/)
Pošta, Brozany nad Ohří (https://www.postaonline.cz/detail-pobocky/-/pobocky/detail/41181)"
"1245";"Prašná brána, Praha";"Česká Republika";"Turistická známka";"Rozhledny a vyhlídky, Historické budovy a stavby";"Praha";"Hlavní město Praha";"TIC Středočeské centrály cest. ruchu, Husova 156/21, Praha 1 (https://www.centralbohemia.cz/)"
"1246";"Obřany - Chvalčov";"Česká Republika";"Turistická známka";"Hrady";"Kroměříž";"Zlínský kraj";"Hostinec Pod Lipami, Svornosti 10, Chvalčov (http://www.obec-chvalcov.cz/)
Obecní úřad, Obřanská 145, Chvalčov (https://www.obec-chvalcov.cz/)"
"1247";"Hrad Ralsko";"Česká Republika";"Turistická známka";"Hrady";"Česká Lípa";"Liberecký kraj";"Informační centrum, Mírová 76, Mimoň (https://www.kulturamimon.cz/infocentrum/)
Městské muzeum, V Lukách 101, Mimoň (https://www.kulturamimon.cz/muzeum/)
Infocentrum, Stráž pod Ralskem (http://www.strazpr.cz/turistika/os-1038/p1=60)
Informační centrum Hamr na Jezeře (https://obechamr.cz/turistika-a-cykloturistika/informacni-centrum/)
Občerstvení u Průrvy Ploučnice, Noviny pod Ralskem
Informační centrum Ralsko - Kuřivody (https://mestoralsko.cz/turistika/informacni-centrum/)
Informačním centrum Vojenských lesů a statků, Hradčany (https://www.vls.cz/cs/lesni-pedagogika/informacni-centrum-hradcany)"
"1248";"Hrad Nístějka";"Česká Republika";"Turistická známka";"Hrady";"Semily";"Liberecký kraj";"Nístějka, hrad (při víkendových akcích)
Turistické infocentrum - Městská knihovna, Vysoké nad Jizerou (http://www.vysokenadjizerou.cz/)
Vlastivědné muzeum, Dr. Karla Farského 130, Vysoké nad Jizerou (https://www.vysokenadjizerou.cz/vlastivedne-muzeum/os-1002/p1=1061)
Sport FALCO Cyklo, Věnceslava Metelky 368, Vysoké nad Jizerou (http://www.cyklovysoke.cz/falco1.php)
Skirent Šneko - Věnceslava Metelky 368, Vysoké nad Jizerou"
"1249";"Hrad Veliš";"Česká Republika";"Turistická známka";"Hrady";"Jičín";"Královéhradecký kraj";"Obecní úřad, Veliš (http://www.velis.cz/)
Restaurace kovárna, Bukvice 33 (https://penzion-kovarna.cz/)
Informační centrum, Jičín (http://www.jicin.org/)"
"1250";"Severomoravská chata";"Česká Republika";"Turistická známka";"Pohoří, Horské chaty a boudy, Jeseníky";"Šumperk";"Olomoucký kraj";"Severomoravská chata (http://www.severomoravska-chata.cz/)"
"1251";"Kadaň Františkánský Klášter";"Česká Republika";"Turistická známka";"Církevní památky, Vodácké řeky, Ohře";"Chomutov";"Ústecký kraj";"TIC, Jana Švermy 7, Kadaň (https://kadan.eu/informace/tic/)
Františkánský klášter - Městské muzeum Kadaň (https://www.klaster-kadan.cz/)"
"1252";"Poutní kostel, Chlum Sv. Maří";"Česká Republika";"Turistická známka";"Církevní památky, Krušné hory, Ohře";"Sokolov";"Karlovarský kraj";"Poutní místo Chlum Svaté Maří (krizovnici.eu)
Obecní úřad Chlum Svaté Maří (https://www.chlumsvatemari.cz/)
Chlumské vitráže, náměstí J.W.Goetheho 19, Chlum Svaté Maří (www.chlumske-vitraze.cz)"
"1253";"Slavoňov, Kostelík sv. Jana Křtitele";"Česká Republika";"Turistická známka";"Církevní památky";"Náchod";"Královéhradecký kraj";"Infocentrum, Husovo náměstí 1225, Nové Město nad Metují (http://www.infocentrum-nmnm.cz/)"
"1254";"Panenský Týnec";"Česká Republika";"Turistická známka";"Církevní památky";"Louny";"Ústecký kraj";"Obecní úřad, Panenský Týnec (v klášteře) (https://www.panenskytynec.cz/fotogalerie/byvaly-klaster-klarisek)
Kiosek v klášteře, Panenský Týnec
Prodejna TALPA, Panenský Týnec
Krámeček U Tejnické panenky, Panenský Týnec 135 (https://www.spektrumzdravi.cz/dobry-kontakt/hana-hanzalova-kramecek-u-tejnicke-panenky)"
"1255";"Velká Lhota, evangelický toleranční kostel";"Česká Republika";"Turistická známka";"Církevní památky";"Vsetín";"Zlínský kraj";"Toleranční evangelický kostel, Velká Lhota (http://www.velkalhota.cz/)
Hospoda v Obecním domě, Velká Lhota 88 (http://www.hospodavobecnimdome.cz/)"
"1256";"Poutní místo Homol - Borovnice";"Česká Republika";"Turistická známka";"Církevní památky";"Rychnov nad Kněžnou";"Královéhradecký kraj";"Obecní úřad Borovnice - Přestavlky (https://www.borovnice.info/)
Hrad Potštejn - suvenýry (http://potstejn.cz/)
TIC, Palackého nám. 29, Kostelec nad Orlicí (https://www.rtic.cz/)
Infocentrum, Tyršovo náměstí 301, Choceň (http://www.chocen-mesto.cz/)"
"1257";"Stará Boleslav - Bazilika Svatého Václava";"Česká Republika";"Turistická známka";"Církevní památky";"Praha-východ";"Středočeský kraj";"Infocentrum - Kočárkovna, Plantáž 2480, Brandýs nad Labem (https://www.brandysko.cz/infocentrum-mesta-brandys-nad-labem-stara-boleslav/)
Zámek Brandýs nad Labem (brandyszamek.cz)
Muzeum Brandýs nad Labem, Masarykovo náměstí 97 (https://www.muzeumbrandys.cz/)
Staroboleslavská Brána, Stará Boleslav
Informační centrum, Jungmannova 468/4, Stará Boleslav (https://www.staraboleslav.com/)"
"1258";"Poutní místo Netín";"Česká Republika";"Turistická známka";"Církevní památky";"Žďár nad Sázavou";"Kraj Vysočina";"Obecní úřad Netín (http://www.obecnetin.cz/)
Farma rodiny Němcovy, č. p. 78 (https://www.farmanemcova.cz/)
Pošta Netín (http://www.obecnetin.cz/)"
"1259";"Křenov - kostel Narození Sv. Jana Křtitele";"Česká Republika";"Turistická známka";"Církevní památky";"Svitavy";"Pardubický kraj";"Obecní úřad, Křenov
Hospoda Pod Lipou, Křenov 26 (https://www.obeckrenov.cz/)"
"1260";"Rychnov na Moravě - Mariánská studánka";"Česká Republika";"Turistická známka";"Církevní památky";"Svitavy";"Pardubický kraj";"Obecní úřad, Rychnov na Moravě (http://www.rychnovnm.cz/stranka/obecni-urad)
Koupaliště, Rychnov na Moravě (v sezóně) (http://www.rychnovnm.cz/koupaliste)"
"1261";"Nový Bydžov";"Česká Republika";"Turistická známka";"Historická města";"Hradec Králové";"Královéhradecký kraj";"Městský úřad, Nový Bydžov, Masarykovo náměstí (http://www.novybydzov.cz/)
Muzeum Nový Bydžov (https://www.novybydzov.cz/muzeum.asp)
Informační středisko, Husova 1370, Nový Bydžov"
"1262";"Vítkov";"Česká Republika";"Turistická známka";"Historická města";"Opava";"Moravskoslezský kraj";"Infocentrum, Vítkov, náměstí Jana Zajíce (http://www.vitkov.info/)"
"1263";"Janov nad Nisou";"Česká Republika";"Turistická známka";"Historická města";"Jablonec nad Nisou";"Liberecký kraj";"Obecní úřad, Janov nad Nisou (http://www.janov-n-n.cz/)
B-sport Severák, Hrabětice 9 (bsport-hrabetice.cz)"
"1264";"Albrechtice v Jizerských horách";"Česká Republika";"Turistická známka";"Historická města";"Jablonec nad Nisou";"Liberecký kraj";"Obecní úřad Albrechtice v Jizerských Horách č.p.226 (https://www.albrechtice-jh.cz/)
POMI ski centrum Albrechtice v Jizerských horách (http://www.pomi.cz/pujcovna_albrechtice_kontakt.html)
Potraviny Vlček, Albrechtice v Jizerských horách č.p.841 (https://www.albrechtice-jh.cz/)"
"1265";"Bystré";"Česká Republika";"Turistická známka";"Historická města";"Svitavy";"Pardubický kraj";"Infocentrum, Bystré (http://www.bystre.cz/)
Pohostinství u Tušlů, Hamry 9"
"1266";"Staňkov";"Česká Republika";"Turistická známka";"Historická města";"Domažlice";"Plzeňský kraj";"Pivnice u Šimků, náměstí T.G.Masaryka,Staňkov (https://www.facebook.com/usimkustankov)
MÚ Staňkov (https://www.mestostankov.cz/)
Elektro, papírnictví - Staňkov"
"1267";"Barokní Valeč";"Česká Republika";"Turistická známka";"Církevní památky";"Karlovy Vary";"Karlovarský kraj";"IC Prádelna - v areálu zámeckého parku (https://www.facebook.com/pradelna.valec/?ref=page_internal#utm_source=mapy.cz&utm_medium=ppd&utm_content=hledani&utm_term=ic%20pr%)
Obecní úřad, Valeč (http://www.valec.cz/)
Pošta Partner Valeč (https://www.valec.cz/)"
"1268";"Uhlířský vrch";"Česká Republika";"Turistická známka";"Církevní památky";"Bruntál";"Moravskoslezský kraj";"Infocentrum, Náměstí Míru 64/7, Bruntál (http://www.mubruntal.cz/)
Gabrielův dům - Bruntál Shop (https://www.facebook.com/BruntalShop/)"
"1269";"Kublov";"Česká Republika";"Turistická známka";"Církevní památky";"Beroun";"Středočeský kraj";"Infocentrum CHKO, nám. Sv. Čecha 82, Křivoklát (http://www.is-krivoklat.cz/)"
"1270";"Jaroměřice u Jevíčka";"Česká Republika";"Turistická známka";"Církevní památky";"Svitavy";"Pardubický kraj";"Centrum života a podnikání, Jaroměřice u Jevíčka 200 (www.jaromerice.cz)
Restaurace U Trojanů, Jaroměřice u Jevíčka 206 (https://www.utrojanu.cz/)
COOP TUTY, Jaroměřice u Jevíčka (https://www.coopclub.cz/prodejny/jednota-505/)
Obecní knihovna Jaroměřice čp. 200 (https://www.jaromerice.cz/knihovna.html)"
"1271";"Býčí skála";"Česká Republika";"Turistická známka";"Archeo";"Blansko";"Jihomoravský kraj";"Stará huť u Adamova, Josefovská 460
Jeskyně Výpustek (https://www.caves.cz/jeskyne/jeskyne-vypustek#utm_source=mapy.cz&utm_medium=ppd&utm_campaign=firmy.cz-2127039)
Zámek Křtiny - infocentrum (https://www.zamek-krtiny.cz/)
Malá Nádražka Adamov (https://www.facebook.com/profile.php?id=61559940832954)"
"1272";"Štola Halíře Pohoří";"Česká Republika";"Turistická známka";"Technické památky";"Praha-západ";"Středočeský kraj";"Regionální muzeum, Masarykovo nám. 16, Jílové u Prahy (http://muzeumjilove.cz/)
Štola Halíře (http://www.muzeumjilove.cz/stoly/stola-halire/)"
"1273";"Nýznerovské vodopády";"Česká Republika";"Turistická známka";"Pohoří, Přírodní útvary a místa, Rychlebské hory";"Jeseník";"Olomoucký kraj";"Infocentrum - knihovna Žulová (http://www.mestozulova.cz/mestska-knihovna-zulova/os-1011)
Muzeum Nýznerov, Nýznerovská 302, Skorošice (červenec - srpen) (https://www.skorosice.cz/)
Eleanor Café Žulová (http://www.zulova.cz/kavarna-eleanor-cafe/os-1028)"
"1274";"Medvědí bouda";"Česká Republika";"Turistická známka";"Pohoří, Horské chaty a boudy, Krkonoše";"Trutnov";"Královéhradecký kraj";"Medvědí bouda, Špindlerův Mlýn 84 (http://www.medvedibouda.cz/)"
"1275";"Hranická propast";"Česká Republika";"Turistická známka";"Jeskyně a propasti";"Přerov";"Olomoucký kraj";"Turistické informační centrum, Pernštejnské náměstí 1, Hranice (https://infocentrum-hranice.cz/)
Městské muzeum a galerie, Janáčkova 728, Hranice (http://www.mesto-hranice.cz/)
Zbrašovské jeskyně - suvenýry, Zbrašov (caves.cz)"
"1276";"Hvězdárna a planetárium Brno";"Česká Republika";"Turistická známka";"Technické památky, Hvězdárny";"Brno-město";"Jihomoravský kraj";"Infocentrum POD KROKODÝLEM, Radnická 8, Brno (https://ticbrno.cz/informacni-centra/informacni-centrum-pod-krokodylem)
Hvězdárna a planetárium Brno (http://www.hvezdarna.cz/)
IC Zámečnická, Zámečnická 90/2, Brno (https://ticbrno.cz/informacni-centra/informacni-centrum-to-je-brno)"
"1277";"Klatovské katakomby";"Česká Republika";"Turistická známka";"Církevní památky";"Klatovy";"Plzeňský kraj";"Klatovské katakomby, Divadelní 148, Klatovy (http://www.katakomby.cz/katakombyklatovy)
Informační centrum, Vídeňská 66, Klatovy (https://www.klatovy.cz/icklatovy/)"
"1278";"Vojenské muzeum Lešany";"Česká Republika";"Turistická známka";"Válečné památníky, Skanzeny a muzea, Sázava";"Benešov";"Středočeský kraj";"Army shop, Vojenské technické muzeum - Lešany (http://www.vhu.cz/muzea/zakladni-informace-o-vtm-lesany/)
Vojenské technické muzeum v Lešanech (http://www.vhu.cz/muzea/zakladni-informace-o-vtm-lesany/)"
"1279";"Muzeum Třineckých Železáren a města Třince";"Česká Republika";"Turistická známka";"Technické památky";"Frýdek-Místek";"Moravskoslezský kraj";"Muzeum Třineckých Železáren, Frýdecká 387, Třinec (https://muzeumtz.cz/hlavni-stranka/1/uvod)"
"1280";"Podorlický skanzen Krňovice";"Česká Republika";"Turistická známka";"Skanzeny a muzea";"Hradec Králové";"Královéhradecký kraj";"Podorlický skanzen, Krňovice (http://www.krnovice.cz/)"
"1281";"Trojský zámek - Praha";"Česká Republika";"Turistická známka";"Zámky";"Praha";"Hlavní město Praha";"Trojský zámek, Praha (http://www.ghmp.cz/zamek-troja/)"
"1282";"Kamenice nad Lipou";"Česká Republika";"Turistická známka";"Zámky";"Pelhřimov";"Kraj Vysočina";"Zámek Kamenice nad Lipou
Turistické informační centrum, Kamenice nad Lipou (http://www.kamenicenl.cz/index.asp)"
"1283";"Letohrádek Hvězda - Praha";"Česká Republika";"Turistická známka";"Zámky";"Praha";"Hlavní město Praha";"Muzeum Literatury - Památník národního písemnictví, Praha (http://www.pamatniknarodnihopisemnictvi.cz/letohradek-hvezda/)"
"1284";"Hustopeče nad Bečvou";"Česká Republika";"Turistická známka";"Zámky";"Přerov";"Olomoucký kraj";"Úřad městyse, Hustopeče nad Bečvou (ihustopece.cz)"
"1285";"Jílovský zámek";"Česká Republika";"Turistická známka";"Zámky";"Děčín";"Ústecký kraj";"Jílové, zámek (http://www.mujilove.cz/jilovsky-zamek/)
Městský úřad Jílové- vstupní hala (mujilove.cz)"
"1286";"Zámek Linhartovy";"Česká Republika";"Turistická známka";"Zámky";"Bruntál";"Moravskoslezský kraj";"Zámek, Linhartovy (https://www.zameklinhartovy.cz/)"
"1287";"Bredovský letohrádek";"Česká Republika";"Turistická známka";"Zámky";"Liberec";"Liberecký kraj";"Zámek Lemberk - suvenýry (zamek-lemberk.cz)
Cukrárna, náměstí Míru 17, Jablonné v Podještědí"
"1288";"Střelské Hoštice";"Česká Republika";"Turistická známka";"Zámky, Vodácké řeky, Otava";"Strakonice";"Jihočeský kraj";"Obec Střelské Hoštice, Střelské Hoštice 83 (http://www.strelskehostice.cz/)
Muzeum řeky Otavy, Střelské Hoštice (http://www.strelskehostice.cz/fotogalerie/obec/muzeum-reky-otavy-a-voroplavby-35cs.html)
Kemp, Střelské Hoštice
Informační centrum Střelské Hoštice (http://www.strelskehostice.cz/)"
"1289";"Keramická dílna Maříž";"Česká Republika";"Turistická známka";"Technické památky";"Jindřichův Hradec";"Jihočeský kraj";"Maříž, Autorská originální keramika s.r.o. (http://www.keramika-mariz.cz/)"
"1290";"Zámek Zahrádky";"Česká Republika";"Turistická známka";"Zámky";"Česká Lípa";"Liberecký kraj";"Informační centrum Zahrádky (budova Obecního úřadu) (http://www.zahradkycl.cz)
Potraviny Zahrádky, Zahrádky č. p. 6"
"1291";"Rozhledna Horní Les";"Česká Republika";"Turistická známka";"Rozhledny a vyhlídky";"Žďár nad Sázavou";"Kraj Vysočina";"Infocentrum, Bystré (http://www.bystre.cz/)
Obecní úřad Rovečné (http://www.rovecne.cz/)
Hospoda Na Růžku, Rovečné č. p. 82 (http://www.rovecne.cz/hospoda-na-ruzku/)
Hrad Svojanov - pokladna (svojanov.cz)
TIC, Masarykovo nám. 1, Bystřice nad Pernštejnem (https://info.bystricenp.cz/)
TIC Továrna Vír (https://www.tovarnavir.cz)"
"1292";"Bismarckova rozhledna na Zelené hoře u Chebu";"Česká Republika";"Turistická známka";"Rozhledny a vyhlídky, Ohře";"Cheb";"Karlovarský kraj";"Infocentrum, Jateční 2, Cheb (http://www.mestocheb.cz/)"
"1293";"Žižkovská věž, 216m, Praha";"Česká Republika";"Turistická známka";"Rozhledny a vyhlídky";"Praha";"Hlavní město Praha";"Restaurace U Mariánského obrazu, Praha 3 (http://www.umarianskehoobrazu.cz/)
IC, Milešovská 846/1, Praha 3 (https://www.praha3.cz/urad/organizacni-struktura/odbor-vnejsich-vztahu-a-kultury/oddeleni-informacniho-centra/upominkove-a-darkove-predmety#g_1193044)
Žižkovská věž, Praha"
"1294";"Kozárov u Lysic";"Česká Republika";"Turistická známka";"Rozhledny a vyhlídky";"Blansko";"Jihomoravský kraj";"Rozhledna Kozárov (https://www.kozarov.cz/rozhledna/)"
"1295";"Víťova vyhlídka - Náčkovice u Lovečkovic";"Česká Republika";"Turistická známka";"Rozhledny a vyhlídky";"Litoměřice";"Ústecký kraj";"Galerie U brány, Úštěk (https://www.galerie-ubrany.cz/)
Víťova vyhlídka (https://www.obecloveckovice.cz/rozhledna-nackovice/d-25781)"
"1296";"Rozhledna Rašovka";"Česká Republika";"Turistická známka";"Rozhledny a vyhlídky, Horské chaty a boudy";"Liberec";"Liberecký kraj";"Rozhledna Rašovka (http://www.pamatkylk.cz/dr-cs/5875-rozhledna-rasovka.html)"
"1297";"Rozhledna Skuhrov nad Bělou";"Česká Republika";"Turistická známka";"Rozhledny a vyhlídky";"Rychnov nad Kněžnou";"Královéhradecký kraj";"Informační centrum Skuhrov nad Bělou (https://www.skuhrov.cz/turisticke-informacni-centrum)"
"1298";"Rozhledna Boiika";"Česká Republika";"Turistická známka";"Rozhledny a vyhlídky, Pohoří, Železné hory";"Chrudim";"Pardubický kraj";"Turistické informační centrum, Náměstí 37, Nasavrky (http://www.nasavrky.cz/turisticke-informacni-centrum/os-1033)"
"1299";"Frotzelova rozhledna na Stříbrníku u Loun, 275 m";"Česká Republika";"Turistická známka";"Rozhledny a vyhlídky, Horské chaty a boudy";"Louny";"Ústecký kraj";"Infocentrum, Pražská 95, Louny (http://www.louny.eu/)
Ejmova chata na Stříbrníku (https://www.cervenak-rozhledna.cz/)"
"1300";"Portáš";"Česká Republika";"Turistická známka";"Pohoří, Horské chaty a boudy, Javorníky";"Vsetín";"Zlínský kraj";"Hotel Portáš, Nový Hrozenkov 244 (http://www.hotelportas.cz/)"
"1301";"Bojiště u Dvora Králové nad Labem 29.června 1866";"Česká Republika";"Turistická známka";"Válečné památníky";"Trutnov";"Královéhradecký kraj";"Městské muzeum, Sladkovského 530, Dvůr Králové nad Labem (muzeumdk.cz)"
"1302";"Bojiště u Jičína 29.června 1866";"Česká Republika";"Turistická známka";"Válečné památníky";"Jičín";"Královéhradecký kraj";"Turistické centrum Český ráj, Prachov (www.prachovskeskaly.cz)
Informační centrum, Jičín (http://www.jicin.org/)
Regionální muzeum, Valdštejnovo náměstí (http://www.muzeumhry.cz)"
"1303";"Bojiště u Kuřivod 26.6.1866";"Česká Republika";"Turistická známka";"Válečné památníky";"Česká Lípa";"Liberecký kraj";"Informační centrum Ralsko - Kuřivody (https://mestoralsko.cz/turistika/informacni-centrum/)
Městský úřad Ralsko (https://mestoralsko.cz/)"
"1304";"Pevnost Kahan, muzeum studené války, N-71 ""V sedle""";"Česká Republika";"Turistická známka";"Válečné památníky";"Náchod";"Královéhradecký kraj";"Pevnost Kahan III., Dobrošov (https://www.kahan3.cz/)
Městské informační centrum, Masarykovo nám. 1, Náchod (https://mestonachod.cz/pro-turistu/infocentrum/)"
"1305";"Kovářská, muzeum letecké bitvy nad Krušnohořím";"Česká Republika";"Turistická známka";"Válečné památníky, Pohoří, Krušné hory";"Chomutov";"Ústecký kraj";"Muzeum letecké bitvy nad Krušnohořím, Kovářská (https://www.museum.cz/muzeum-111-muzeum-letecke-bitvy-nad-krusnohorim)"
"1306";"Bojiště u Mnichova Hradiště";"Česká Republika";"Turistická známka";"Válečné památníky";"Mladá Boleslav";"Středočeský kraj";"Městské informační centrum, Palackého 236, Mnichovo Hradiště (http://www.mnhradiste.cz/)"
"1307";"Historické vojenské město Milovice";"Česká Republika";"Turistická známka";"Válečné památníky";"Nymburk";"Středočeský kraj";"Turistické informační centrum, Nám. 30.června 507, Milovice (http://volnycas.mesto-milovice.cz/cs/)"
"1308";"Vojenské muzeum Lichkov";"Česká Republika";"Turistická známka";"Válečné památníky";"Ústí nad Orlicí";"Pardubický kraj";"Vojenské Muzeum Lichkov (www.vojenskemuzeumlichkov.cz)
Infocentrum, Lichkov (http://www.lichkov.cz/)"
"1309";"Rozhledna Na Studenci u České Kamenice";"Česká Republika";"Turistická známka";"Rozhledny a vyhlídky";"Děčín";"Ústecký kraj";"Informační centrum, nám. Míru 122, Česká Kamenice (https://ceska-kamenice.cz/turista/)
Informační centrum Studený (hasičská zbrojnice u parkoviště) (http://podstudencem.cz/)
Dárkové předměty, Janáčkova ulice 207, Česká Kamenice (http://podstudencem.cz/)
Informační centrum, Chřibská 21, Chřibská (https://www.mesto-chribska.cz/)"
"1310";"Westernové městečko Stonetown";"Česká Republika";"Turistická známka";"Western, Volnočasové areály";"Pelhřimov";"Kraj Vysočina";"Westernové Městečko Stonetown u Humpolce (http://www.stonetown.cz/)"
"1311";"Ostrovské Skály";"Česká Republika";"Turistická známka";"Přírodní útvary a místa, Pohoří, Labské pískovce";"Děčín";"Ústecký kraj";"Autocamp Pod Císařem, Ostrov u Tisé (http://www.podcisarem.cz/)
Hotel Ostrov, Ostrov u Tisé 12 (http://www.hotelostrov.com)"
"1312";"Kunratický vrch a jeho vyhlídky";"Česká Republika";"Turistická známka";"Pohoří, Rozhledny a vyhlídky, Lužické hory";"Děčín";"Ústecký kraj";"Informační centrum, nám. Míru 122, Česká Kamenice (https://ceska-kamenice.cz/turista/)
Obecní úřad Kunratice (https://www.obec-kunratice.cz/)
Pohostinství a penzion u Cempů, Kunratice 88 (https://www.obec-kunratice.cz/)
Bistro Starý mlýn, Kunratice 108 (https://www.obec-kunratice.cz/)"
"1313";"Muzeum Vápenka Horní Albeřice";"Česká Republika";"Turistická známka";"Pohoří, Skanzeny a muzea, Krkonoše";"Trutnov";"Královéhradecký kraj";"Infocentrum Veselý Výlet, Horní Maršov - Temný Důl 46 (http://www.veselyvylet.cz/)
Infocentrum Veselý Výlet, Hlavní ulice 196, Pec pod Sněžkou (http://www.veselyvylet.cz/cz/vv5.html)
Trafika, Třída Josefa II. 140, Horní Maršov
TIC Infokoloniál DOTEK, Horní Maršov (https://www.dotek.eu/Uvodni-strana.html)"
"1314";"Žofínský prales - Novohradské hory";"Česká Republika";"Turistická známka";"Pohoří, Přírodní útvary a místa, Novohradské hory";"Český Krumlov";"Jihočeský kraj";"KIC, náměstí Republiky 46, Nové Hrady (http://www.kicnovehrady.cz/)
Obchodní domek Rillich, Frymburk (https://www.rillich.cz/)
Infocentrum, Pohorská Ves 31 (http://www.pohorskaves.cz/)"
"1315";"Plešné jezero";"Česká Republika";"Turistická známka";"Pohoří, Přírodní útvary a místa";"Prachatice";"Jihočeský kraj";"Občerstvení Říjiště, Nová Pec (https://www.rijiste.cz/)
Infocentrum, Nové Chalupy 41, Nová Pec (https://www.novapec.eu/)
Občerstvení u Jirásků, Jelení 46, Nová Pec
Občerstvení Jelení vrchy, Nová Pec
Informační středisko NP Šumava, Stožec (https://www.npsumava.cz/navstivte-sumavu/navstevnicka-centra/informacni-stredisko-stozec/)
Obchod ,, U Pešků "", Náměstí 50, Horní Planá (https://www.upesku.com/)
Infocentrum, Náměstí 8, Horní Planá (https://www.sumava-lipno.eu/)"
"1316";"Říjiště";"Česká Republika";"Turistická známka";"Pohoří, Horské chaty a boudy, Šumava";"Prachatice";"Jihočeský kraj";"Občerstvení Říjiště, Nová Pec (https://www.rijiste.cz/)
Infocentrum, Nové Chalupy 41, Nová Pec (https://www.novapec.eu/)"
"1317";"Kružberk - Velké sedlo";"Česká Republika";"Turistická známka";"Technické památky";"Opava";"Moravskoslezský kraj";"Penzion Velké Sedlo, Kružberk (http://www.velkesedlo.cz/)"
"1318";"Pomník Přemysla Oráče Stadice";"Česká Republika";"Turistická známka";"Památníky";"Ústí nad Labem";"Ústecký kraj";"Informační středisko, Mírové náměstí 1/1, Ústí nad Labem (https://www.usti-nad-labem.cz/cz/)"
"1319";"Zdislavina studánka";"Česká Republika";"Turistická známka";"Památná místa a obce";"Liberec";"Liberecký kraj";"Zámek Lemberk - suvenýry (zamek-lemberk.cz)
Infocentrum, náměstí Míru 23, Jablonné v Podještědí (http://www.jablonnevp.cz/)
Cukrárna, náměstí Míru 17, Jablonné v Podještědí"
"1320";"Ostrá - Historická vesnice";"Česká Republika";"Turistická známka";"Skanzeny a muzea, Zahrady a parky, Volnočasové areály";"Nymburk";"Středočeský kraj";"Historická vesnice umění a řemesel Botanicus, Ostrá u Lysé nad Labem (http://www.botanicus.cz/)"
"1321";"Vír - Českomoravská vrchovina";"Česká Republika";"Turistická známka";"Technické památky";"Žďár nad Sázavou";"Kraj Vysočina";"Obecní úřad, Vír 178 (http://www.virvudolisvratky.cz)
Vagón bowling, Vír 178 (http://www.vagonbowling.cz/)
Prodejna smíšeného zboží, Vír 246
TIC, Masarykovo nám. 1, Bystřice nad Pernštejnem (https://info.bystricenp.cz/)
Turistické informační centrum, Nedvědice (http://www.pernstejnsko.cz/)
TIC Továrna Vír (https://www.tovarnavir.cz)"
"1322";"Elektrárna královského města Písku";"Česká Republika";"Turistická známka";"Technické památky, Otava";"Písek";"Jihočeský kraj";"Ekocentrum - elektrárna královského města Písek (http://www.elektrarnapisek.cz/)
Turistické informační centrum, Velké nám. 1/24, Písek (http://www.piseckem.cz)"
"1323";"Lodní doprava Břeclav";"Česká Republika";"Turistická známka";"Lodní doprava, Lednicko-valtický areál";"Břeclav";"Jihomoravský kraj";"Turistické informační centrum, Na Návsi 88, Pavlov (www.obec-pavlov.cz)
Kancelář, Ladná, Mlýnská 459 (celoročně od 8 - 17 hodin) (http://www.lodnidoprava.com/)
Přístav Pavlov (http://www.lodnidoprava.com/)"
"1324";"Lodní doprava na Brněnské přehradě";"Česká Republika";"Turistická známka";"Lodní doprava";"Brno-město";"Jihomoravský kraj";"Infocentrum POD KROKODÝLEM, Radnická 8, Brno (https://ticbrno.cz/informacni-centra/informacni-centrum-pod-krokodylem)
Předprodej Lodní dopravy Bystrc (http://www.brnenskaprehrada.cz/p_doprav.html)
IC Zámečnická, Zámečnická 90/2, Brno (https://ticbrno.cz/informacni-centra/informacni-centrum-to-je-brno)"
"1325";"Bystřička - přehrada";"Česká Republika";"Turistická známka";"Technické památky";"Vsetín";"Zlínský kraj";"Obec Bystřička (http://www.bystricka.cz/)
Kemp Ranč Bystřička (http://kemp-bystricka.cz/)
Tábořiště Dolinky, Bystřička (https://www.bystricka.cz/pro-turisty/taboriste-dolinky/)
Delikates Bufet, Bystřička 372"
"1326";"Utzův mechanický betlém";"Česká Republika";"Turistická známka";"Technické památky, Technické památky";"Rychnov nad Kněžnou";"Královéhradecký kraj";"Informační centrum, Olešnice v Orlických horách (https://www.olesnice.net/infocentrum/betlem/)"
"1327";"Přehrada Lipno";"Česká Republika";"Turistická známka";"Technické památky, Vltava";"Český Krumlov";"Jihočeský kraj";"Hotel u Martina, Rožmberk nad Vltavou (https://www.hotelrozmberk.cz/)
Obchodní domek Rillich, Frymburk (https://www.rillich.cz/)
Infocentrum, náměstí 5, Frymburk - budova Muzea (https://www.frymburk.info/)
Infocentrum, Náměstí 8, Horní Planá (https://www.sumava-lipno.eu/)
Lipno Info Point, Lipno nad Vltavou 124
Klientské informační centrum, Lipno nad Vltavou 307 (https://www.lipno.info/)"
"1328";"Hvězdárna a planetárium Teplice";"Česká Republika";"Turistická známka";"Technické památky, Hvězdárny";"Teplice";"Ústecký kraj";"Informační centrum, Benešovo nám. 840, Teplice (http://www.teplice.cz/)
Hvězdárna, Písečný vrch 2517, Teplice (http://www.hapteplice.cz/hvezdarna-teplice.html)
Planetárium, Kopernikova 3062, Teplice (http://www.hapteplice.cz/planetarium-teplice.html)"
"1329";"Přehrada Les Království";"Česká Republika";"Turistická známka";"Technické památky";"Trutnov";"Královéhradecký kraj";"Občerstvení Na Vyhlídce (https://prehrada-les-kralovstvi.cz/obcerstveni-na-vyhlidce/)
Infocentrum, Švehlova 400, Dvůr Králové nad Labem (https://www.dvurkralove.cz/)
Štěrbova vila, Bílá Třemešná (http://prehradaleskralovstvi.cz/)"
"1330";"Kyselka - Radošovský Most";"Česká Republika";"Turistická známka";"Technické památky, Vodácké řeky, Ohře";"Karlovy Vary";"Karlovarský kraj";"Obecní úřad, Kyselka (http://www.obeckyselka.cz/)
Restaurace Na Špici, Kyselka 87"
"1331";"Moravské zemské muzeum Brno - pavilon Anthropos";"Česká Republika";"Turistická známka";"Skanzeny a muzea";"Brno-město";"Jihomoravský kraj";"Infocentrum POD KROKODÝLEM, Radnická 8, Brno (https://ticbrno.cz/informacni-centra/informacni-centrum-pod-krokodylem)
Pavilon Anthropos, Mor. zemské muzeum, Brno - Pisárky (http://www.mzm.cz/pavilon-anthropos/)
IC Zámečnická, Zámečnická 90/2, Brno (https://ticbrno.cz/informacni-centra/informacni-centrum-to-je-brno)"
"1332";"Středočeské muzeum v Roztokách u Prahy";"Česká Republika";"Turistická známka";"Skanzeny a muzea, Vltava";"Praha-západ";"Středočeský kraj";"Středočeské muzeum, Roztoky u Prahy (http://www.muzeum-roztoky.cz/)"
"1333";"Muzeum Prahy";"Česká Republika";"Turistická známka";"Skanzeny a muzea";"Praha";"Hlavní město Praha";"Muzeum Hlavního Města Prahy (http://www.muzeumprahy.cz/)"
"1334";"Škoda muzeum, Mladá Boleslav";"Česká Republika";"Turistická známka";"Skanzeny a muzea, Technické památky";"Mladá Boleslav";"Středočeský kraj";"Škoda Auto Muzeum, Mladá Boleslav (https://museum.skoda-auto.cz/)
Infocentrum, Železná 107, Mladá Boleslav (https://www.mladoboleslavsko.eu/)"
"1335";"Muzeum vesnických staveb Vysoký Chlumec";"Česká Republika";"Turistická známka";"Skanzeny a muzea";"Příbram";"Středočeský kraj";"Skanzen Vysoký Chlumec (https://muzeum-pribram.cz/cz/novinky/)
Infocentrum, Vysoký Chlumec 14 (https://www.vysokychlumec.eu/infocentrum/)"
"1336";"Lysečinská bouda, Krkonoše";"Česká Republika";"Turistická známka";"Pohoří, Horské chaty a boudy, Krkonoše";"Trutnov";"Královéhradecký kraj";"Lysečinská bouda (https://boudaukostela.cz/)"
"1337";"Královské Poříčí - Centrum tradičních řemesel, statek Bernard";"Česká Republika";"Turistická známka";"Skanzeny a muzea, Krušné hory, Ohře";"Sokolov";"Karlovarský kraj";"Muzeum řemesel Královské Poříčí (https://www.statek-bernard.cz/)"
"1338";"Karlov, muzeum policie, Praha";"Česká Republika";"Turistická známka";"Skanzeny a muzea";"Praha";"Hlavní město Praha";"Muzeum Policie ČR, Praha, Ke Karlovu 1 (http://www.muzeumpolicie.cz/)"
"1339";"Jeskyně Pekárna";"Česká Republika";"Turistická známka";"Jeskyně a propasti, Moravský kras";"Brno-venkov";"Jihomoravský kraj";"Občerstvení U mě, Hostěnice (https://www.facebook.com/ustrojnika/)"
"1340";"Botanická zahrada, rozárium a skleníky Výstaviště Flora Olomouc";"Česká Republika";"Turistická známka";"Zahrady a parky";"Olomouc";"Olomoucký kraj";"Sbírkové skleníky Výstaviště Flora Olomouc (http://www.flora-ol.cz/)
Botanická zahrada a Rozárium Výstaviště Flora Olomouc (http://www.flora-ol.cz/)"
"1341";"Pivovar Bernard";"Česká Republika";"Turistická známka";"Historické pivovary";"Pelhřimov";"Kraj Vysočina";"Podniková prodejna Pivovaru Bernard, Humpolec (http://www.bernard.cz/)"
"1342";"Pivovar Holba Hanušovice";"Česká Republika";"Turistická známka";"Historické pivovary";"Šumperk";"Olomoucký kraj";"Pivovarské muzeum, Zábřežská 265, Hanušovice (http://www.holba.cz/)"
"1343";"Žatecký pivovar";"Česká Republika";"Turistická známka";"Historické pivovary, Ohře";"Louny";"Ústecký kraj";"Žatecký pivovar (http://www.zateckypivovar.cz/)
IC Chrámu Chmele a Piva, nám. Prokopa Velkého 1951, Žatec (https://www.chchp.cz/)"
"1344";"Pivovar Velké Březno";"Česká Republika";"Turistická známka";"Historické pivovary";"Ústí nad Labem";"Ústecký kraj";"Pivovar Velké Březno (http://www.breznak.cz/)"
"1345";"Pivovar Konrád Vratislavice";"Česká Republika";"Turistická známka";"Historické pivovary";"Liberec";"Liberecký kraj";"Podniková prodejna pivovaru Vratislavice (http://www.pivo-konrad.cz/)"
"1346";"Archeopark Chotěbuz-Podobora, Muzeum Těšínska";"Česká Republika";"Turistická známka";"Archeo";"Karviná";"Moravskoslezský kraj";"Archeopark Chotěbuz (http://www.archeopark-chotebuz.cz/)"
"1347";"Tetřeví boudy";"Česká Republika";"Turistická známka";"Pohoří, Horské chaty a boudy, Krkonoše";"Trutnov";"Královéhradecký kraj";"Turistické Informační Centrum, Černý Důl 48 (http://www.cernydul.cz/)
Tetřeví boudy, Černý Důl (http://www.tetreviboudy.com/)"
"1348";"Mladé Buky";"Česká Republika";"Turistická známka";"Pohoří, Ski areály, Krkonoše";"Trutnov";"Královéhradecký kraj";"TIC, nám. Svornosti 527, Svoboda nad Úpou (https://www.pohadkovekrkonose.cz/turisticke-informacni-centrum-svoboda-nad-upou/)"
"1349";"Královské město Jaroměř";"Česká Republika";"Turistická známka";"Historická města";"Náchod";"Královéhradecký kraj";"TIC, nám. Československé armády 16, Jaroměř (https://www.jaromer-josefov.cz/)"
"1350";"Uhlířské Janovice";"Česká Republika";"Turistická známka";"Historická města";"Kutná Hora";"Středočeský kraj";"Infocentrum, Uhlířské Janovice, ul. Pečírková 168 (https://www.uhlirskejanovice.cz/kic.asp)"
"1351";"Krupka";"Česká Republika";"Turistická známka";"Historická města";"Teplice";"Ústecký kraj";"Prohlídková Štola Starý Martin, Krupka (https://www.krupka-mesto.cz/stola-stary-martin/d-1536)
Informační středisko, Mariánské náměstí 641, Krupka (http://www.mukrupka.cz/)
Turistické informační centrum, Mariánské náměstí 32, Krupka (https://www.krupka-mesto.cz/)
Infocentrum hornické krajiny, Husitská 722, Krupka (https://www.krupka-mesto.cz/)"
"1352";"Králíky";"Česká Republika";"Turistická známka";"Historická města";"Ústí nad Orlicí";"Pardubický kraj";"Městské muzeum, Králíky (http://www.muzeumkraliky.cz/)"
"1353";"Trhové Sviny";"Česká Republika";"Turistická známka";"Historická města";"České Budějovice";"Jihočeský kraj";"Prodejna suvenýrů - Nové Hrady (https://rillich.cz/)
Infocentrum Trhové Sviny (http://www.tsviny.cz/)"
"1354";"Stráž pod Ralskem, Vartemberk";"Česká Republika";"Turistická známka";"Historická města, Zámky";"Česká Lípa";"Liberecký kraj";"Infocentrum, Stráž pod Ralskem (http://www.strazpr.cz/turistika/os-1038/p1=60)
Informační centrum Hamr na Jezeře (https://obechamr.cz/turistika-a-cykloturistika/informacni-centrum/)"
"1355";"Plánice - F. Křižík";"Česká Republika";"Turistická známka";"Historická města";"Klatovy";"Plzeňský kraj";"Muzeum Františka Křižíka, Plánice (https://www.planice.cz/organizace/muzeum/)
Průmyslové Zboží Petr DIO, Plánice"
"1356";"Lanžhot";"Česká Republika";"Turistická známka";"Historická města";"Břeclav";"Jihomoravský kraj";"Městská knihovna, Lanžhot (https://lanzhot.knihovna.cz/)
Tabák Časopisy Komenského 82
Pizzerie Toscana, Kostická 6, Lanžhot (http://www.toscanapizzerie.cz/)
Muzeum Lanžhot (https://www.lanzhot.cz/prakticke-informace/sluzby-a-firmy/muzeum-1820cs.html)"
"1357";"Královské město Podivín";"Česká Republika";"Turistická známka";"Historická města";"Břeclav";"Jihomoravský kraj";"Městský úřad, Podivín (http://www.podivin.cz/)
Domácí potřeby, Palackého 710, Podivín
Trafika, Komenského 949, Podivín (http://www.podivin.cz/)"
"1358";"Moravský Beroun";"Česká Republika";"Turistická známka";"Historická města";"Olomouc";"Olomoucký kraj";"Infocentrum, náměstí 9. května 4, Moravský Beroun (https://www.morberoun.cz/informacni-centrum/os-14543/p1=93033)"
"1359";"Město Krnov";"Česká Republika";"Turistická známka";"Historická města";"Bruntál";"Moravskoslezský kraj";"TIC, Hobzíkova 13/11, Krnov (https://www.infokrnov.cz/)
Městské muzeum, Hlubčická 152/20, Krnov (http://mikskrnov.cz/muzeum)
Rozhledna Cvilín, Krnov (https://www.infokrnov.cz/rozhledna-cvilin-uzavrena-2020/os-1326/p1=1491)"
"1360";"Černostudniční Hřeben";"Česká Republika";"Turistická známka";"Pohoří, Přírodní útvary a místa, Jizerské hory";"Jablonec nad Nisou";"Liberecký kraj";"Infocentrum, Krkonošská 629, Tanvald (http://www.tanvald.cz/)
Řemeslná dílna v areálu Pěnčín (www.farmapencin.cz)
Infocentrum, nám. T. G. Masaryka 638, Smržovka (http://www.smrzovka.cz/mestska-knihovna-a-infocentrum-smrzovka/os-1058/p1=1006)"
"1361";"Naučná stezka Lužické a Žitavské hory";"Česká Republika";"Turistická známka";"Pohoří, Stezky a trasy, Přírodní útvary a místa, Lužické hory";"Liberec";"Liberecký kraj";"Hotel Jítravský Dvorec, Jitrava u Rynoltic 70 (http://www.jitrava.cz/)
Pension Sportturia, Polesí 59, Lužické hory (https://www.penzionsportturia.cz/cs/)"
"1362";"Tereziino Údolí";"Česká Republika";"Turistická známka";"Pohoří, Přírodní útvary a místa, Stezky a trasy, Novohradské hory";"České Budějovice";"Jihočeský kraj";"Penzion Tereziiny Lázničky, Údolí u Nových Hradů 150 (http://www.penzion-laznicky.cz/cs/)
Infocentrum, Horní Stropnice 68 (http://www.horni-stropnice.cz/)
KIC, náměstí Republiky 46, Nové Hrady (http://www.kicnovehrady.cz/)
Prodejna suvenýrů - Nové Hrady (https://rillich.cz/)"
"1363";"Pastviny";"Česká Republika";"Turistická známka";"Technické památky";"Ústí nad Orlicí";"Pardubický kraj";"Informační centrum Pastviny (https://www.obecpastviny.cz/turisticke-informacni-centrum)
Obecní úřad, Pastviny (https://www.obecpastviny.cz/)
Rybářské potřeby a suvenýry Na hrázi, Pastviny
Penzion Pastviny (https://www.kyjovskaterasa.cz/)
Turistické informační centrum Žamberk Masarykovo náměstí 168 (http://www.zamberk.cz/)
Městské muzeum Žamberk (http://www.muzeumzamberk.cz/)"
"1364";"Hlídka na Stráži";"Česká Republika";"Turistická známka";"Pohoří, Přírodní útvary a místa, Rozhledny a vyhlídky, Krkonoše";"Semily";"Liberecký kraj";"Horský Hotel na Stráži (http://www.hotelstraz.cz/)
Městské informační centrum, Rokytnice nad Jizerou (http://www.mesto-rokytnice.cz/)
Infocentrum Lenka, Rokytnice nad Jizerou (http://www.infolenka.cz/cs/)
RV Club, Rokytnice nad Jizerou, Dolní náměstí (rvclub.cz)
Kiosek s občerstvením Na Vrších"
"1365";"Obec Cítoliby - barokní klenotnice Lounska";"Česká Republika";"Turistická známka";"Památná místa a obce";"Louny";"Ústecký kraj";"Městys Cítoliby - kancelář úřadu, Zeměšská 219 (www.obec-citoliby.cz)
Restaurace Dělnický dům, Zeměšská 219, Cítoliby (https://www.facebook.com/Restaurace-D%C4%9Blnick%C3%BD-d%C5%AFm-C%C3%ADtoliby-298645137219457/)"
"1366";"Chata Kamenitý";"Česká Republika";"Turistická známka";"Pohoří, Horské chaty a boudy, Beskydy";"Frýdek-Místek";"Moravskoslezský kraj";"Chata Kamenitý, Dolní Lomná (http://www.chatakamenity.cz/)"
"1367";"Horská bouda Jelenka";"Česká Republika";"Turistická známka";"Pohoří, Horské chaty a boudy, Krkonoše";"Trutnov";"Královéhradecký kraj";"Chata Jelenka, Horní Malá Úpa (http://www.jelenka.eu/)"
"1368";"Poniklá - kolébka perličkových ozdob";"Česká Republika";"Turistická známka";"Pohoří, Technické památky, Krkonoše";"Semily";"Liberecký kraj";"Obchod třpytivá krása, Poniklá (http://www.rautis.cz/cz/exkurze/)
Obecní úřad, Poniklá (http://www.ponikla.cz/)
Muzeum krkonošských řemesel, Poniklá (http://www.krkonose-muzeum.cz/)"
"1369";"Dinopark Vyškov";"Česká Republika";"Turistická známka";"Volnočasové areály";"Vyškov";"Jihomoravský kraj";"Dinopark Vyškov (https://www.dinopark.cz/cz/vyskov)"
"1370";"Vikštejn u Radkova - Podhradí";"Česká Republika";"Turistická známka";"Hrady";"Opava";"Moravskoslezský kraj";"Bar U Vody, Podhradí 2016 (https://www.facebook.com/baruvodypodhradi/)
Infocentrum, Vítkov, náměstí Jana Zajíce (http://www.vitkov.info/)"
"1371";"Tvrz Lnáře";"Česká Republika";"Turistická známka";"Hrady";"Strakonice";"Jihočeský kraj";"Tvrz Lnáře (http://www.tvrz.lnare-obec.cz/)"
"1372";"Puclice";"Česká Republika";"Turistická známka";"Hrady";"Domažlice";"Plzeňský kraj";"Tvrz Puclice (http://www.puclice.cz/)"
"1373";"Hrad Děvín - Ralská pahorkatina";"Česká Republika";"Turistická známka";"Hrady, Pohoří, Ralská pahorkatina";"Česká Lípa";"Liberecký kraj";"Informační centrum Hamr na Jezeře (https://obechamr.cz/turistika-a-cykloturistika/informacni-centrum/)
Infocentrum, Stráž pod Ralskem (http://www.strazpr.cz/turistika/os-1038/p1=60)"
"1374";"Hrad Šostýn u Kopřivnice";"Česká Republika";"Turistická známka";"Hrady";"Nový Jičín";"Moravskoslezský kraj";"Muzeum Fojtství, Kopřivnice (tatramuseum.cz)
Technické muzeum TATRA, Kopřivnice (tatramuseum.cz)
Informační centrum, Obránců míru 368, Kopřivnice (https://www.kdk.cz/)"
"1375";"Hrad Ronov";"Česká Republika";"Turistická známka";"Hrady, Pohoří, České středohoří";"Česká Lípa";"Liberecký kraj";"Infocentrum, Úštěcká 53, Kravaře (https://www.kravarecl.cz/)
Vísecká rychta Kravaře (http://www.muzeumcl.cz/)
Infocentrum, Mírové náměstí 47, Úštěk (mesto-ustek.cz)
Galerie U brány, Úštěk (https://www.galerie-ubrany.cz/)
Víno dárky čaje, 1. máje 5, Úštěk (https://www.vinodarkycaje.cz/)"
"1376";"Hrad Blansko";"Česká Republika";"Turistická známka";"Hrady";"Ústí nad Labem";"Ústecký kraj";"Obecní úřad Ryjice (https://www.ryjice.cz/)
Hostinec Pod Blanskem, Ryjice"
"1377";"Zřícenina hradu Rokštejn";"Česká Republika";"Turistická známka";"Hrady";"Jihlava";"Kraj Vysočina";"Samoobslužný stánek Doubkov, Brtnice (https://www.facebook.com/profile.php?id=61589081415478)
Informační centrum Brtnice (http://www.brtnice.cz/)
Pohostinství Nad Přejezdem, Přímělkov (https://www.facebook.com/pages/Nad%20P%C5%99ejezdem/206635849349055/)"
"1378";"Hrad Karlík";"Česká Republika";"Turistická známka";"Hrady, Berounka";"Praha-západ";"Středočeský kraj";"Informační centrum, 5. května 912, Dobřichovice (dobrichovice.cz)
TCK7 – Turistické centrum Karlštejn 7 (https://www.karlstejnsko.cz/cs/)
Muzeum Betlémů, Karlštejn 11 (http://www.muzeumbetlemu.cz/)
Muzeum voskových figurín, Karlštejn (waxmuseumprague.cz)
Smíšené zboží Obecní úřad, Karlická 63"
"1379";"Hrad a poustevna Stohánek";"Česká Republika";"Turistická známka";"Hrady, Přírodní útvary a místa";"Česká Lípa";"Liberecký kraj";"Informační centrum Hamr na Jezeře (https://obechamr.cz/turistika-a-cykloturistika/informacni-centrum/)
Infocentrum, Stráž pod Ralskem (http://www.strazpr.cz/turistika/os-1038/p1=60)
Infocentrum, Osečná (http://osecna.info/)
Informační centrum Ralsko - Kuřivody (https://mestoralsko.cz/turistika/informacni-centrum/)"
"1380";"Zámek Zdechovice";"Česká Republika";"Turistická známka";"Zámky";"Pardubice";"Pardubický kraj";"Obecní úřad, Zdechovice (http://www.zdechovice.cz/)"
"1381";"Zámek Tršice";"Česká Republika";"Turistická známka";"Zámky";"Olomouc";"Olomoucký kraj";"Obecní úřad, Tršice (http://www.trsice.cz/)"
"1382";"Zámek Ptenín";"Česká Republika";"Turistická známka";"Zámky";"Plzeň-jih";"Plzeňský kraj";"Zámek Ptenín (https://www.ptenin.cz/obec/spolky/zkraslovaci-spolek-ptenin/)
Obecní úřad Ptenín (po, st - úřední hodiny) (https://www.ptenin.cz/obec/spolky/zkraslovaci-spolek-ptenin/)"
"1383";"Potštejn";"Česká Republika";"Turistická známka";"Zámky";"Rychnov nad Kněžnou";"Královéhradecký kraj";"Potštejn, zámek (http://www.zamekpotstejn.cz/)"
"1384";"Zámek Dobřichovice";"Česká Republika";"Turistická známka";"Zámky, Berounka";"Praha-západ";"Středočeský kraj";"Informační centrum, 5. května 912, Dobřichovice (dobrichovice.cz)"
"1385";"Zámek Šluknov";"Česká Republika";"Turistická známka";"Zámky";"Děčín";"Ústecký kraj";"Infocentrum, Zámecká 642, Šluknov (https://zamek.mestosluknov.cz/)"
"1386";"Hrad Brníčko";"Česká Republika";"Turistická známka";"Hrady";"Šumperk";"Olomoucký kraj";"Obecní úřad, Brníčko (https://brnicko.estranky.cz/)
Hospoda U Kouřilů, Brníčko
Občerstvení pod Hradem, Brníčko 30"
"1387";"Zámek Velké Hoštice";"Česká Republika";"Turistická známka";"Zámky";"Opava";"Moravskoslezský kraj";"Zámecká restaurace Kastelán, Velké Hoštice (https://www.restaurace-kastelan.cz/)
Obecní úřad, Velké Hoštice (http://www.hostice.cz/)"
"1388";"Zámek Týnec";"Česká Republika";"Turistická známka";"Zámky";"Klatovy";"Plzeňský kraj";"Zámek Týnec, Týnec 1 (https://www.zamektynec.cz/cz/akce/)"
"1389";"Hora Svaté Kateřiny - Růžový vrch";"Česká Republika";"Turistická známka";"Rozhledny a vyhlídky, Pohoří, Krušné hory";"Most";"Ústecký kraj";"Hora Sv. Kateřiny - rozhledna (https://www.horasvatekateriny.cz/turistika/turisticke-cile/#Rozhledna)
Obecní úřad Hora Svaté Kateřiny (http://www.horasvatekateriny.cz/)"
"1390";"Dubí - Krušné hory, kostel neposkvrněného početí Panny Marie";"Česká Republika";"Turistická známka";"Pohoří, Církevní památky, Krušné hory";"Teplice";"Ústecký kraj";"Cukrárna Pod Lesem, Dubí (https://www.facebook.com/cukrarnapodlesem)
Městské informační centrum - Dům porcelánu, Tovární 620/15a, Dubí (https://www.mesto-dubi.cz/turisticke-zajimavosti/dum-porcelanu-s-modrou-krvi#utm_source=mapy.cz)"
"1391";"Modlivý důl, skalní kaple";"Česká Republika";"Turistická známka";"Pohoří, Přírodní útvary a místa, Ralská pahorkatina";"Česká Lípa";"Liberecký kraj";"Krámek na Svojkově (http://www.krameknasvojkove.cz/)
Rozhledna Na Stráži (https://www.nastrazi.cz/)"
"1392";"Chlumec u Chabařovic";"Česká Republika";"Turistická známka";"Církevní památky";"Ústí nad Labem";"Ústecký kraj";"Restaurace Chlumec, Ústecká 55, Chlumec (https://restauracechlumec.cz/)"
"1393";"Poutní místo Žarošice - Žarošická Madona";"Česká Republika";"Turistická známka";"Církevní památky";"Hodonín";"Jihomoravský kraj";"Muzeum, Žarošice (http://www.zarosice.cz/)
Obecní úřad, Žarošice (http://www.zarosice.cz/)"
"1394";"Poutní místo Sv. Kliment u Vřesovic - Chřiby";"Česká Republika";"Turistická známka";"Církevní památky, Pohoří, Chřiby";"Uherské Hradiště";"Zlínský kraj";"Sídlo KČT Vřesovice, č.p. 252 - Lukáš Vaculík (https://kct-vresovice.webnode.cz/)
Obecní úřad Vřesovice (https://www.obecvresovice.cz/)"
"1395";"Kryštofovo Údolí - kostel sv. Kryštofa";"Česká Republika";"Turistická známka";"Církevní památky";"Liberec";"Liberecký kraj";"Obecní úřad, Kryštofovo Údolí (http://www.krystofovoudoli.cz/)
Hostinec U Kryštofa, Kryštofovo Údolí 26
Kavárna U Ježka, Kryštofovo Údolí 76 (kavarnaujezka.freepage.cz)
Ranč v Údolí, Kryštofovo údolí 7 (http://www.rancvudoli.eu/)"
"1396";"Veliny - Kostel sv. Mikuláše";"Česká Republika";"Turistická známka";"Církevní památky";"Pardubice";"Pardubický kraj";"Kostel sv. Mikuláše, Veliny (při prohlídce) (https://veliny.cz/turista/kostel-sv-mikulase/)
Obecní úřad, Veliny (https://veliny.cz/)"
"1397";"Betlémská kaple - Praha";"Česká Republika";"Turistická známka";"Církevní památky";"Praha";"Hlavní město Praha";"Betlémská kaple, Praha (https://www.suz.cvut.cz/ostatni/betlemska-kaple)"
"1398";"Mařenice, kostel Máří Magdalény - poutní místo";"Česká Republika";"Turistická známka";"Církevní památky";"Česká Lípa";"Liberecký kraj";"Hostinec U Tří lip, Mařenice 173/19 (https://www.utrilipmarenice.cz/)"
"1399";"Katedrála sv. Václava v Olomouci";"Česká Republika";"Turistická známka";"Církevní památky";"Olomouc";"Olomoucký kraj";"Informační centrum Olomouc - radnice (olomouc-tourism.cz)
Krypta katedrály sv. Václava, Olomouc (v sezóně) (http://www.katedralaolomouc.cz/FixPage.asp?ID=4)
Sakristie katedrály sv. Václava (mimo sezónu) (http://www.katedralaolomouc.cz/FixPage.asp?ID=9)
Infocentrum Arcibiskupství olomouckého, Wurmova 9 (http://www.katedralaolomouc.cz/FixPage.asp?ID=4)"
"1400";"Skalní hrad Svojkov";"Česká Republika";"Turistická známka";"Hrady, Přírodní útvary a místa";"Česká Lípa";"Liberecký kraj";"Krámek na Svojkově (http://www.krameknasvojkove.cz/)"
"1401";"Skalní hrad Jestřebí";"Česká Republika";"Turistická známka";"Hrady";"Česká Lípa";"Liberecký kraj";"Obecní úřad Jestřebí (https://www.obecjestrebi.cz/)
Infocentrum, Valdštejnská 183, Doksy (http://www.doksy.com/)
Infocentrum, Jana Roháče z Dubé 29, Staré Splavy (http://www.strediskorohac.cz/)
Penzion a restaurant Diana, Staré Splavy (http://diana.splavy.com/)
Stánek - Staré Splavy - Pod Borným (červenec - srpen)"
"1402";"Městečko Černošín - Volfštejn";"Česká Republika";"Turistická známka";"Hrady";"Tachov";"Plzeňský kraj";"Infocentrum, Javorová 343, Černošín (http://www.cernosin.cz/)"
"1403";"Hrad Zubštejn";"Česká Republika";"Turistická známka";"Hrady";"Žďár nad Sázavou";"Kraj Vysočina";"Suvenýry na hradě Pernštejn (http://suvenyry-pernstejn.eu/)
TIC, Masarykovo nám. 1, Bystřice nad Pernštejnem (https://info.bystricenp.cz/)
Prodejna smíšeného zboží, Vír 246
Turistické informační centrum, Nedvědice (http://www.pernstejnsko.cz/)"
"1404";"Hrad Aueršperk";"Česká Republika";"Turistická známka";"Hrady";"Žďár nad Sázavou";"Kraj Vysočina";"Prodejna smíšeného zboží, Vír 246
TIC, Masarykovo nám. 1, Bystřice nad Pernštejnem (https://info.bystricenp.cz/)
Suvenýry na hradě Pernštejn (http://suvenyry-pernstejn.eu/)
TIC Továrna Vír (https://www.tovarnavir.cz)"
"1405";"Hrad Pyšolec";"Česká Republika";"Turistická známka";"Hrady";"Žďár nad Sázavou";"Kraj Vysočina";"Prodejna smíšeného zboží, Vír 246
TIC, Masarykovo nám. 1, Bystřice nad Pernštejnem (https://info.bystricenp.cz/)
Suvenýry na hradě Pernštejn (http://suvenyry-pernstejn.eu/)
TIC Továrna Vír (https://www.tovarnavir.cz)"
"1406";"Slavníkovská Libice";"Česká Republika";"Turistická známka";"Památná místa a obce, Skanzeny a muzea";"Nymburk";"Středočeský kraj";"Pamětní síň Slavníkovské Libice (http://www.libicenadcidlinou.cz/)
TIC, Nám. T.G. Masaryka 210/17 (budova vlakového nádraží), Poděbrady (https://www.facebook.com/ticpodebrady/)"
"1407";"Zámek Nový Falkenburg";"Česká Republika";"Turistická známka";"Zámky";"Liberec";"Liberecký kraj";"Infocentrum, náměstí Míru 23, Jablonné v Podještědí (http://www.jablonnevp.cz/)
Cukrárna, náměstí Míru 17, Jablonné v Podještědí"
"1408";"Curia Vítkov - středověká tvrz";"Česká Republika";"Turistická známka";"Skanzeny a muzea, Hrady";"Liberec";"Liberecký kraj";"Infocentrum, náměstí 1. Máje, Chrastava (http://www.chrastava.cz/kultura/cesky/infocentrum.htm)
Smíšené zboží, Dolní Vítkov 42 (https://mapy.cz/turisticka?x=14.9650784&y=50.8452975&z=17&source=firm&id=2037809)"
"1409";"Milštejn";"Česká Republika";"Turistická známka";"Hrady";"Česká Lípa";"Liberecký kraj";"Penzion Milštejn, Rousínov 68 (https://www.milstejn.cz/index.php/kontakt)"
"1410";"Vyhlídková věž - Lidové sady Liberec l.p. 1901";"Česká Republika";"Turistická známka";"Rozhledny a vyhlídky";"Liberec";"Liberecký kraj";"Vyhlídková věž, Lidové sady, Liberec (http://www.lidovesadyliberec.cz/cz/vez)"
"1411";"Červenovodské sedlo - Suchý vrch 995 m";"Česká Republika";"Turistická známka";"Přírodní útvary a místa, Ski areály, Pohoří, Orlické hory";"Ústí nad Orlicí";"Pardubický kraj";"Infocentrum, Červenovodské Sedlo (www.orlicko.cz)
Kramářova chata (http://www.suchak.cz/)
Obecní úřad Čenkovice (https://www.obeccenkovice.cz/)"
"1412";"Brněnská Stará radnice";"Česká Republika";"Turistická známka";"Rozhledny a vyhlídky";"Brno-město";"Jihomoravský kraj";"Infocentrum POD KROKODÝLEM, Radnická 8, Brno (https://ticbrno.cz/informacni-centra/informacni-centrum-pod-krokodylem)
IC Zámečnická, Zámečnická 90/2, Brno (https://ticbrno.cz/informacni-centra/informacni-centrum-to-je-brno)
Infocentrum HLAVNÍ NÁDRAŽÍ, Brno (https://ticbrno.cz/informacni-centra/tic-brno-informacni-centrum-na-hlavnim-nadrazi)
Pavilon Anthropos, Mor. zemské muzeum, Brno - Pisárky (http://www.mzm.cz/pavilon-anthropos/)"
"1413";"Rozhledna Dymník";"Česká Republika";"Turistická známka";"Rozhledny a vyhlídky";"Děčín";"Ústecký kraj";"Infocentrum, Lužické nám. 103, Rumburk (https://ic.rumburk.cz/)
Rozhledna Dymník (http://rozhledny.webzdarma.cz/dymnik.htm)"
"1414";"Rozhledna na Strážném vrchu";"Česká Republika";"Turistická známka";"Rozhledny a vyhlídky";"Děčín";"Ústecký kraj";"OÚ Merboltice (http://www.merboltice.cz/)
Infocentrum, Úštěcká 53, Kravaře (https://www.kravarecl.cz/)
Infocentrum, nám. Míru 1, Benešov nad Ploučnicí (https://benesovnpl.cz/)"
"1415";"Rozhledna V. Menšíka, Hlína";"Česká Republika";"Turistická známka";"Rozhledny a vyhlídky";"Brno-venkov";"Jihomoravský kraj";"Rozhledna Vladimíra Menšíka na Hlíně (https://www.obec-hlina.cz/39183/rozhledna/)"
"1416";"Rozhledna Hradišť a 7 kadlínských zastavení";"Česká Republika";"Turistická známka";"Rozhledny a vyhlídky";"Mělník";"Středočeský kraj";"Muzeum obce Kadlín (http://www.kadlin.cz/)"
"1417";"Rozhledna Borůvková hora";"Česká Republika";"Turistická známka";"Rozhledny a vyhlídky, Pohoří, Rychlebské hory";"Jeseník";"Olomoucký kraj";"Rozhledna Borůvková hora (https://boruvkovahora.websnadno.cz/)
Soud - turistické centrum, Puškinova 7, Javorník (https://kulturnidumjavornik.cz/)
Trafika Richter, ul. Míru (parkoviště pod zámkem), Javorník
Zámek Jánský Vrch - pokladna (https://www.zamek-janskyvrch.cz/cs)"
"1418";"Rozhledna Na Křížové hoře";"Česká Republika";"Turistická známka";"Rozhledny a vyhlídky";"Ústí nad Orlicí";"Pardubický kraj";"Rozhledna Na Křížové hoře (http://www.cervenavoda.cz/rozhledna-na-krizove-hore)
Obecní úřad Červená Voda (http://www.cervenavoda.cz/)"
"1419";"Bučina";"Česká Republika";"Turistická známka";"Rozhledny a vyhlídky, Ohře";"Karlovy Vary";"Karlovarský kraj";"Hospoda Dubina, č. p. 30 (http://www.hospodadubina.cz/cs/)"
"1420";"Bílovice nad Svitavou";"Česká Republika";"Turistická známka";"Památná místa a obce";"Brno-venkov";"Jihomoravský kraj";"Trafika na Nádraží, Bílovice nad Svitavou (https://www.facebook.com/Trafika-na-n%C3%A1dra%C5%BE%C3%AD-B%C3%ADlovice-nad-Svitavou-656097954599801/)"
"1421";"Raspenava";"Česká Republika";"Turistická známka";"Historická města";"Liberec";"Liberecký kraj";"Rekreační a sportovní areál, Raspenova (www.raspenava.cz)
Městský úřad Raspenova (http://www.raspenava.cz/)"
"1422";"Odolena Voda, Vítězslav Hálek z Dolínku";"Česká Republika";"Turistická známka";"Historická města";"Praha-východ";"Středočeský kraj";"Rodinný dům V. Hálka, Odolena Voda (https://www.odolenavoda.cz/kulturni-pamatky/d-4632/p1=4333)
Městská knihovna Odolena Voda (https://knihovnaodolenavoda.webk.cz/pages/oteviraci_doba.html)
Městský úřad - podatelna, Odolena Voda (https://www.odolenavoda.cz/)"
"1423";"Letovice";"Česká Republika";"Turistická známka";"Historická města";"Blansko";"Jihomoravský kraj";"Zámek Letovice (www.zamekletovice.cz)
Turistické informační centrum, Tyršova 2, Letovice (https://www.mks-letovice.cz/tic)"
"1424";"Rtyně v Podkrkonoší";"Česká Republika";"Turistická známka";"Historická města";"Trutnov";"Královéhradecký kraj";"Městské muzeum Rtyně v Podkrkonoší (http://www.rtyne.cz/)"
"1425";"Sadská";"Česká Republika";"Turistická známka";"Historická města";"Nymburk";"Středočeský kraj";"Kulturní a informační centrum města Sadská (https://www.kic-sadska.cz/)"
"1426";"Nový Zámek u Lanškrouna";"Česká Republika";"Turistická známka";"Zámky";"Ústí nad Orlicí";"Pardubický kraj";"Infocentrum, B. Němcové 124, Lanškroun (https://www.lanskroun.eu/)"
"1427";"Skalka - kostel sv. Máří Magdalény";"Česká Republika";"Turistická známka";"Církevní památky";"Praha-západ";"Středočeský kraj";"Skalka - občerstvení (https://www.facebook.com/Skalka-Mn%C3%AD%C5%A1ek-pod-Brdy-Ob%C4%8Derstven%C3%AD-438835372817994/)
Městský úřad Mníšek pod Brdy (https://www.mnisek.cz/)"
"1428";"Zámek Rosice";"Česká Republika";"Turistická známka";"Zámky";"Brno-venkov";"Jihomoravský kraj";"Zámek Rosice (https://zamek-rosice.cz/)
Informační centrum, Palackého nám. 45, Rosice (http://www.kic.rosice.cz/)"
"1429";"Dolany - Kartuziánský klášter";"Česká Republika";"Turistická známka";"Církevní památky";"Olomouc";"Olomoucký kraj";"Prodej dočasně pozastaven
Návštěvnické centrum Turistických známek, Rýmařov (http://www.turisticke-znamky.cz/)"
"1430";"Letecké muzeum Kbely, Praha";"Česká Republika";"Turistická známka";"Skanzeny a muzea, Technické památky";"Praha";"Hlavní město Praha";"Letecké muzeum Kbely (http://www.vhu.cz/muzea/zakladni-informace-o-lm-kbely/)"
"1431";"Muzeum techniky a řemesel Koloveč";"Česká Republika";"Turistická známka";"Skanzeny a muzea, Technické památky";"Domažlice";"Plzeňský kraj";"Muzeum techniky a řemesel, Koloveč, Domažlická (http://www.muzeum-kolovec.cz/)"
"1432";"Květná zahrada Kroměříž";"Česká Republika";"Turistická známka";"Zahrady a parky";"Kroměříž";"Zlínský kraj";"Infocentrum, Velké náměstí 115, Kroměříž (http://www.kromeriz.eu/)
Květná zahrada, Kroměříž (zamek-kromeriz.cz)
ČD centrum, Kroměříž (http://www.ceskedrahy.cz/tiskove-centrum/fotogalerie/nadrazi/-1208/)"
"1433";"Empírový řetězový most na Lužnici - Stádlec";"Česká Republika";"Turistická známka";"Technické památky, Vodácké řeky, Lužnice";"Tábor";"Jihočeský kraj";"Městys Stádlec čp. 150 (http://www.stadlec.eu/)
Bistro, Stádlec č.p. 10
Restaurace Stádlec čp. 69 (letní sezóna a víkendy) (https://www.stadleckarestaurace.cz/)
Dětská psychiatrická nemocnice, Opařany (http://www.dploparany.cz/)
Touristinformation, náměstí T. G. M. 5, Bechyně (http://www.visitbechyne.cz/)
Infocentrum a knihovna Malšice (www.malsice.eu)"
"1434";"Hvězdárna a planetárium v Hradci Králové";"Česká Republika";"Turistická známka";"Hvězdárny, Technické památky";"Hradec Králové";"Královéhradecký kraj";"Hvězdárna a planetárium v Hradci Králové (http://www.astrohk.cz/)"
"1435";"Hvězdárna barona Artura Krause v Pardubicích";"Česká Republika";"Turistická známka";"Hvězdárny, Technické památky";"Pardubice";"Pardubický kraj";"Hvězdárna barona Artura Krause v Pardubicích (http://www.astropardubice.cz/)
TIC, třída Míru 60 - Machoňova pasáž - Pardubice (http://www.ipardubice.cz/)"
"1436";"Popovská hora - Mariánská";"Česká Republika";"Turistická známka";"Pohoří, Přírodní útvary a místa, Krušné hory";"Karlovy Vary";"Karlovarský kraj";"Informační centrum, nám. Republiky 1, Jáchymov (https://www.mestojachymov.cz/volny-cas/informacni-a-kulturni-centrum/)
Horská chata Na sluníčku, Mariánská (https://www.horyakola.cz/)"
"1437";"Sluňákov, brána do Litovelského Pomoraví";"Česká Republika";"Turistická známka";"Pohoří, Stezky a trasy, Litovelské Pomoraví";"Olomouc";"Olomoucký kraj";"Sluňákov, Horka nad Moravou (http://www.slunakov.cz/)"
"1438";"Rotunda narození panny Marie v Holubicích";"Česká Republika";"Turistická známka";"Církevní památky";"Praha-západ";"Středočeský kraj";"Obecní úřad Holubice - Kozinec (http://www.holubicekozinec.cz/)"
"1439";"Pivovar Olivětín - Broumov";"Česká Republika";"Turistická známka";"Historické pivovary";"Náchod";"Královéhradecký kraj";"IC Broumovska, Mírové nám. 105, Broumov (http://www.broumov-mesto.cz/)
Pivovar Olivětín - Broumov (http://www.pivovarbroumov.cz/)"
"1440";"Nový hrad u Kopřivné";"Česká Republika";"Turistická známka";"Hrady";"Šumperk";"Olomoucký kraj";"Obecní úřad Kopřivná (http://www.obeckoprivna.cz/)
Informační centrum, Hanušovice (https://ichanusovice.cz/)"
"1441";"Hrad Zvířetice";"Česká Republika";"Turistická známka";"Hrady";"Mladá Boleslav";"Středočeský kraj";"Turistické informační centrum Zvířetice (http://www.zviretice.cz/infocentrum/)
Muzeum Bakovska, Bakov nad Jizerou (http://www.knihovnabakov.cz/o-muzeu/)
Městská knihovna, Bakov nad Jizerou (http://www.knihovnabakov.cz/)
Infocentrum, Železná 107, Mladá Boleslav (https://www.mladoboleslavsko.eu/)"
"1442";"Hrad Týřov";"Česká Republika";"Turistická známka";"Hrady, Berounka";"Rakovník";"Středočeský kraj";"Muzeum- Památník Joachima Barranda, Skryje 68 (http://www.muzeumtgm.cz/)
Restaurace Penzion Trilobit, Skryje 48
Potraviny - občerstvení na Faře, Skryje č. p. 44"
"1443";"Hrad Vrabinec, Těchlovice";"Česká Republika";"Turistická známka";"Hrady";"Děčín";"Ústecký kraj";"Obecní úřad, Těchlovice 37 (https://www.techlovice-dc.cz/)
Potraviny, Těchlovice 120
Hostinec U Kaštanu, Těchlovice 24 (https://www.techlovice-dc.cz/sluzby-v-obci/998-restaurace-u-kastanu)"
"1444";"Tvrz Kestřany";"Česká Republika";"Turistická známka";"Hrady, Otava";"Písek";"Jihočeský kraj";"Pokladna Horní tvrze Kestřany (https://kestrany.cz/)
Restaurace Platan, Kestřany 136 (https://www.facebook.com/Restaurace-Platan-Kest%C5%99any-U-HANI-MANI-321538274857540/)
Turistické informační centrum, Velké nám. 1/24, Písek (http://www.piseckem.cz)
Kiosek u fotbalového hřiště U CHULIGÁNA, Kestřany (https://www.facebook.com/profile.php?id=100092969406483)"
"1445";"Dalečín";"Česká Republika";"Turistická známka";"Hrady";"Žďár nad Sázavou";"Kraj Vysočina";"TIC, Masarykovo nám. 1, Bystřice nad Pernštejnem (https://info.bystricenp.cz/)
Obecní úřad Dalečín (https://www.dalecin.cz/)
TIC Továrna Vír (https://www.tovarnavir.cz)"
"1446";"Tvrz ve Lštění u Domažlic";"Česká Republika";"Turistická známka";"Hrady";"Domažlice";"Plzeňský kraj";"Infocentrum, Chodské náměstí 96, Domažlice (http://www.idomazlice.cz/)"
"1447";"Valdická brána - Jičín";"Česká Republika";"Turistická známka";"Rozhledny a vyhlídky";"Jičín";"Královéhradecký kraj";"Valdická brána, Jičín (https://www.rumcajsovasevcovna.cz/jicinska-brana)"
"1448";"Šumburk";"Česká Republika";"Turistická známka";"Hrady, Ohře";"Chomutov";"Ústecký kraj";"Infocentrum pod radnicí, nám. Dr. E. Beneše 85, Klášterec nad Ohří (http://www.muklasterec.cz/)
IC a stáčírna minerálních vod, Kyselka 104, Klášterec nad Ohří (https://www.klasterec.cz/mesto/informace-o-meste-1/informace-pro-turisty/informacni-centrum/kontakt/)"
"1449";"Hrad Lestkov";"Česká Republika";"Turistická známka";"Hrady, Ohře";"Chomutov";"Ústecký kraj";"Infocentrum pod radnicí, nám. Dr. E. Beneše 85, Klášterec nad Ohří (http://www.muklasterec.cz/)
IC a stáčírna minerálních vod, Kyselka 104, Klášterec nad Ohří (https://www.klasterec.cz/mesto/informace-o-meste-1/informace-pro-turisty/informacni-centrum/kontakt/)"
"1450";"Nosálov";"Česká Republika";"Turistická známka";"Skanzeny a muzea";"Mělník";"Středočeský kraj";"Vrátenská rozhledna (https://www.sdruzeniobcikokorinska.cz/)"
"1451";"Rozhledna Rubačka u Velkého Meziříčí";"Česká Republika";"Turistická známka";"Rozhledny a vyhlídky";"Žďár nad Sázavou";"Kraj Vysočina";"Infocentrum Velké Meziříčí, Radnická 29/1 (mestovm.cz)"
"1452";"Muzeum generála Peřiny";"Česká Republika";"Turistická známka";"Skanzeny a muzea";"Břeclav";"Jihomoravský kraj";"Muzeum genpor. Peřiny, Morkůvky (http://www.morkuvky.cz/muzeum-generalporucika-frantiska-periny/d-1024)
Obecní úřad, Morkůvky (http://www.morkuvky.cz/)"
"1453";"Arboretum Nový Dvůr, Slezské zemské muzeum";"Česká Republika";"Turistická známka";"Zahrady a parky";"Opava";"Moravskoslezský kraj";"Arboretum, Nový Dvůr (http://www.szm.cz/rubrika/16/expozicni-arealy/arboretum-novy-dvur.html)"
"1454";"Arboretum Křtiny";"Česká Republika";"Turistická známka";"Zahrady a parky";"Blansko";"Jihomoravský kraj";"Školní lesní podnik Křtiny, Masarykův les - Arboretum Křtiny (www.slpkrtiny.cz)
Zámek Křtiny - infocentrum (https://www.zamek-krtiny.cz/)
Infocentrum - obecní úřad, Křtiny (http://www.krtiny.cz/)"
"1455";"Granátník";"Česká Republika";"Turistická známka";"Rozhledny a vyhlídky";"Český Krumlov";"Jihočeský kraj";"Unios tourist - zámek Český Krumlov(II. , III. a IV. zámecké nádvoří) (http://www.unios.cz/)
Infocentrum, náměstí Svornosti 2, Český Krumlov (http://www.ckrumlov.cz/)
Infocentrum - žel. stanice, Třída Míru 1, Český Krumlov (http://c-krumlov.cz/)
Antikvariát na bývalé faře, Zlatá Koruna"
"1456";"Městská hora v Berouně";"Česká Republika";"Turistická známka";"Rozhledny a vyhlídky, Berounka";"Beroun";"Středočeský kraj";"Městské informační centrum, Husovo náměstí 69, Beroun (mkcberoun.cz/mic)
Bistro na Městské hoře, Beroun"
"1457";"Rozhledna Velký Kamýk";"Česká Republika";"Turistická známka";"Rozhledny a vyhlídky";"Písek";"Jihočeský kraj";"Informační centrum, Velké náměstí 113, Písek (http://www.sladovna.cz/)
Obecní úřad Dobev (http://www.obecdobev.cz/)"
"1458";"Slabošovka u Besednice";"Česká Republika";"Turistická známka";"Rozhledny a vyhlídky";"Český Krumlov";"Jihočeský kraj";"Prodejna suvenýrů - Nové Hrady (https://rillich.cz/)
Knihovna a infocentrum městyse Besednice (www.besednice.cz)
Úřad městyse Besednice (www.besednice.cz)"
"1459";"Rozhledna na Kraví hoře";"Česká Republika";"Turistická známka";"Rozhledny a vyhlídky, Přírodní útvary a místa";"České Budějovice";"Jihočeský kraj";"Prodejna suvenýrů - Nové Hrady (https://rillich.cz/)
KIC, náměstí Republiky 46, Nové Hrady (http://www.kicnovehrady.cz/)
Infocentrum, Horní Stropnice 68 (http://www.horni-stropnice.cz/)"
"1460";"Rozhledna Semenec";"Česká Republika";"Turistická známka";"Rozhledny a vyhlídky, Vltava";"České Budějovice";"Jihočeský kraj";"Infocentrum, náměstí Míru 1, Týn nad Vltavou (http://www.tnv.cz/)
Přírodovědné muzeum Semenec (https://www.muzeumsemenec.cz/)"
"1461";"Rozhledna Osičina - Vojenice";"Česká Republika";"Turistická známka";"Rozhledny a vyhlídky";"Rychnov nad Kněžnou";"Královéhradecký kraj";"Rozhledna Osičina - Vojenice (http://www.osicina.cz/)"
"1462";"Kalvárie - Čestice u Volyně";"Česká Republika";"Turistická známka";"Církevní památky";"Strakonice";"Jihočeský kraj";"Supermarket TUTY, Čestice 88 (http://www.cestice.cz/)"
"1463";"Rozhledna Milohlídka";"Česká Republika";"Turistická známka";"Rozhledny a vyhlídky";"Jičín";"Královéhradecký kraj";"Informační centrum, Jičín (http://www.jicin.org/)
Regionální muzeum, Valdštejnovo náměstí (http://www.muzeumhry.cz)"
"1464";"Okrouhlá Staříč";"Česká Republika";"Turistická známka";"Rozhledny a vyhlídky";"Frýdek-Místek";"Moravskoslezský kraj";"Rozhledna Okrouhlá Staříč (https://www.obec-staric.cz/rozhledna-okrouhla)
Obecní úřad - knihovna Staříč (http://www.obec-staric.cz/)"
"1465";"Pivovar Rohozec";"Česká Republika";"Turistická známka";"Historické pivovary";"Semily";"Liberecký kraj";"Pivovar Rohozec, Malý Rohozec u Turnova (http://www.pivorohozec.cz/)"
"1466";"Český Ráj - Rozhledna Hlavatice";"Česká Republika";"Turistická známka";"Rozhledny a vyhlídky, Pohoří, Přírodní útvary a místa, Český ráj";"Semily";"Liberecký kraj";"Penzion Pod Hlavaticí, Mašov 95, Turnov (www.hlavatice.eu)
Turistické informační centrum, 5. května 26 (http://www.infocentrum-turnov.cz/)
Kiosek pod rozhlednou Hlavatice"
"1467";"Rozhledna na Královci";"Česká Republika";"Turistická známka";"Rozhledny a vyhlídky";"Zlín";"Zlínský kraj";"Rekreační středisko Královec u Val. Klobouk (www.kralovec.cz)
Infocentrum, Valašské Klobouky (http://www.valasskeklobouky.cz/)
Hotel Alfacentrum, Masarykovo náměstí 42, Valašské Klobouky (http://www.alfacentrum.cz/)"
"1468";"Trojanovice";"Česká Republika";"Turistická známka";"Pohoří, Beskydy";"Nový Jičín";"Moravskoslezský kraj";"Občerstvení u vody, Trojanovice (naproti hotelu Ráztoka)
Infocentrum, Trojanovice 1 (https://www.trojanovice.cz/)
Horní stanice lanovky, Pustevny
TIC, nám. Míru 1, Frenštátu pod Radhoštěm (http://www.frenstat.info/)"
"1469";"Cvikov";"Česká Republika";"Turistická známka";"Historická města";"Česká Lípa";"Liberecký kraj";"Informační centrum, Cvikov (www.cvikov.cz)"
"1470";"Skuteč";"Česká Republika";"Turistická známka";"Historická města";"Chrudim";"Pardubický kraj";"TIC, Rybičkova 364, Skuteč (http://www.skutecsky.navstevnik.cz/)"
"1471";"Křížová cesta bolestí Olešnicka";"Česká Republika";"Turistická známka";"Stezky a trasy, Památná místa a obce";"Blansko";"Jihomoravský kraj";"Turistické a informační centrum Olešnice na Moravě"
"1472";"Rozhledna Panorama";"Česká Republika";"Turistická známka";"Rozhledny a vyhlídky";"Frýdek-Místek";"Moravskoslezský kraj";"TIC, Zámecké náměstí 1257, Frýdek-Místek (https://visitfm.cz/)
TIC, Náměstí Svobody 6, Frýdek-Místek (https://visitfm.cz/)"
"1473";"Březina Žandov";"Česká Republika";"Turistická známka";"Rozhledny a vyhlídky";"Kutná Hora";"Středočeský kraj";"Rozhledna Žandov, dům č.36, Žandov (http://www.obec-chlistovice.cz/index.php?nid=622&lid=cs&oid=17784)
Obecní úřad, Chlístovice 66 (https://www.obec-chlistovice.cz/)"
"1474";"Rozhledna Hořický chlum";"Česká Republika";"Turistická známka";"Rozhledny a vyhlídky";"Jičín";"Královéhradecký kraj";"Hořický Chlum, rozhledna (https://infocentrum.horice.org/o-meste/pamatky/rozhledna-horicky-chlum)
Informační centrum, nám. Jiřího z Poděbrad 3, Hořice (https://infocentrum.horice.org/)"
"1475";"Prales Polom Železné Hory";"Česká Republika";"Turistická známka";"Pohoří, Přírodní útvary a místa, Železné hory";"Chrudim";"Pardubický kraj";"Turistické informační centrum, Nasavrky (https://www.nasavrky.cz/turisticke-informacni-centrum/os-1033)
Turistické informační centrum, Chrudimská 94, Seč (http://www.mestosec.cz/ic.asp)
Recepce Autokempu - Seč Pláž (http://www.autokempsec.cz/)
Informační centrum města Třemošnice (https://ic.tremosnice.cz/)
Obecní úřad Horní Bradlo (https://www.hornibradlo.cz/)
Hospůdka pod věží - Krásné"
"1476";"Ždírec nad Doubravou - Ransko";"Česká Republika";"Turistická známka";"CHKO a rezervace, Pohoří, Žďárské vrchy";"Havlíčkův Brod";"Kraj Vysočina";"Informační centrum Ždírec nad Doubravou (http://www.zdirec.cz/)
Moře u rybníka Řeka, historická plovárna (http://www.morerybnikreka.cz/)"
"1477";"Svatošské skály";"Česká Republika";"Turistická známka";"Přírodní útvary a místa, Vodácké řeky, Ohře, Slavkovský les";"Sokolov";"Karlovarský kraj";"Restaurace Jan Svatoš, Svatošské skály - Údolí 49
Infocentrum, náměstí T.G. Masaryka, Loket (http://www.loket.cz/)
Hrad Loket - hradní suvenýry (https://www.hradloket.cz/)
Suvenýry Loket, Čs. Armády 255/4 (http://www.suvenyryloket.cz/)"
"1478";"Hradčanské rybníky - Jeřáb Popelavý";"Česká Republika";"Turistická známka";"Pohoří, Přírodní útvary a místa, Ralská pahorkatina";"Česká Lípa";"Liberecký kraj";"Informačním centrum Vojenských lesů a statků, Hradčany (https://www.vls.cz/cs/lesni-pedagogika/informacni-centrum-hradcany)
Informační centrum, Mírová 76, Mimoň (https://www.kulturamimon.cz/infocentrum/)
Městské muzeum, V Lukách 101, Mimoň (https://www.kulturamimon.cz/muzeum/)
Informační centrum Hamr na Jezeře (https://obechamr.cz/turistika-a-cykloturistika/informacni-centrum/)"
"1479";"Orlické Záhoří";"Česká Republika";"Turistická známka";"Pohoří, Památná místa a obce, Orlické hory";"Rychnov nad Kněžnou";"Královéhradecký kraj";"Turistické informační centrum, Orlické Záhoří (http://www.orlickezahori.eu/index.php/informacni-centrum)"
"1480";"Jezbořice";"Česká Republika";"Turistická známka";"Církevní památky";"Pardubice";"Pardubický kraj";"Obecní úřad Jezbořice (https://www.obec-jezborice.cz/)
Kiosek, areál koupaliště Jezbořice (https://www.facebook.com/HospodanaKoupalisti.Jezborice/)
Večerka Potraviny, Jezbořice 93"
"1481";"Katusice";"Česká Republika";"Turistická známka";"Církevní památky";"Mladá Boleslav";"Středočeský kraj";"Hospoda Na Sušce, Bělská 210, Katusice (https://hospodanasusce.cz/)"
"1482";"Přehrada Naděje";"Česká Republika";"Turistická známka";"Technické památky";"Česká Lípa";"Liberecký kraj";"Hostinec U Tří lip, Mařenice 173/19 (https://www.utrilipmarenice.cz/)"
"1483";"Týnec nad Labem";"Česká Republika";"Turistická známka";"Historická města";"Kolín";"Středočeský kraj";"Turistické informační centrum Týnec nad Labem (http://www.tynecnadlabem.cz/)
Městský úřad Týnec nad Labem (http://www.tynecnadlabem.cz/)"
"1484";"Těchobuz";"Česká Republika";"Turistická známka";"Památná místa a obce";"Pelhřimov";"Kraj Vysočina";"Infocentrum Těchobuz (http://www.techobuz.cz/)"
"1485";"Rozhledna Súsedská";"Česká Republika";"Turistická známka";"Rozhledny a vyhlídky";"Hodonín";"Jihomoravský kraj";"Obecní úřad Hýsly (https://www.hysly.cz/)
Obecní úřad Ježov (https://www.jezov.cz/)
Obecní úřad Žádovice (https://www.obeczadovice.cz/)
Obecní úřad Vřesovice (https://www.obecvresovice.cz/)
Hospoda Hýsly (https://www.facebook.com/hospodahysly.nove.5)
Autokemp Ježov (https://www.facebook.com/Autokempink-Je%C5%BEov-690992514255947)
Obecní hospoda Žádovice (https://www.facebook.com/Obecn%C3%AD-hospoda-%C5%BD%C3%A1dovice-101730985531220)"
"1486";"Běloveský pevnostní skanzen Březinka";"Česká Republika";"Turistická známka";"Válečné památníky";"Náchod";"Královéhradecký kraj";"Pěchotní srub N-S 81 ""Lom"" (http://www.brezinka.cz/)
Městské informační centrum, Masarykovo nám. 1, Náchod (https://mestonachod.cz/pro-turistu/infocentrum/)
Městské IC Malé lázně Běloves, U starých lázní 129, Náchod (https://mestonachod.cz/pro-turistu/infocentrum/)
Pěchotní srub N-S 84 ""Voda"" (http://www.brezinka.cz/)"
"1487";"Starý Svojanov kostel sv. Mikuláše";"Česká Republika";"Turistická známka";"Církevní památky";"Svitavy";"Pardubický kraj";"Hrad Svojanov - pokladna (svojanov.cz)
Infocentrum Svojanov (http://www.mestyssvojanov.cz/)"
"1488";"Staré Splavy - Jarmilina skála";"Česká Republika";"Turistická známka";"Přírodní útvary a místa, Památná místa a obce";"Česká Lípa";"Liberecký kraj";"Infocentrum, Valdštejnská 183, Doksy (http://www.doksy.com/)
Infocentrum, Jana Roháče z Dubé 29, Staré Splavy (http://www.strediskorohac.cz/)
Stánek - Staré Splavy - Pod Borným (červenec - srpen)
Občerstvení u Máchového jezera, poblíž Yacht klub
Aloha bistro, Chatový tábor Karolínka"
"1489";"Slučí kameny";"Česká Republika";"Turistická známka";"Přírodní útvary a místa";"Trutnov";"Královéhradecký kraj";"Rekreační areál a kemp Svatá Kateřina, Chotěvice u Trutnova (http://kempsvatakaterina.cz/)"
"1490";"Štěchovice";"Česká Republika";"Turistická známka";"Památná místa a obce, Lodní doprava, Vltava";"Praha-západ";"Středočeský kraj";"Obchůdek Zvonek, Štěchovice (http://obchudekzvonek.webmium.com/)
Obecní úřad Štěchovice (http://www.stechovice.info/)
Infocentrum Štěchovice (https://www.cez.cz/cs/o-cez/infocentra/infocentrum-vodni-elektrarny-stechovice-47624#utm_source=mapy.cz&utm_medium=ppd&utm_content)"
"1491";"Ruda u Rýmařova, Křížový vrch";"Česká Republika";"Turistická známka";"Církevní památky";"Bruntál";"Moravskoslezský kraj";"Restaurace, Rešov (http://www.vodopady-resov.cz/)
Návštěvnické centrum Turistických známek, Rýmařov (http://www.turisticke-znamky.cz/)"
"1492";"Rozhledna Milíře";"Česká Republika";"Turistická známka";"Rozhledny a vyhlídky";"Tachov";"Plzeňský kraj";"Infocentrum, nám. Republiky 288, Přimda (https://www.mestoprimda.cz/)
Restaurace U Šilhů, Rozvadov 219 (http://www.usilhu.cz/)"
"1493";"Mariánské Skoky - Maria Stock";"Česká Republika";"Turistická známka";"Církevní památky, Slavkovský les";"Karlovy Vary";"Karlovarský kraj";"Poutní kostel Skoky, Skoky u Žlutic (www.skoky.eu)"
"1494";"Jezerní slať";"Česká Republika";"Turistická známka";"Rozhledny a vyhlídky, Pohoří, Šumava";"Klatovy";"Plzeňský kraj";"Informační středisko, Horská Kvilda 40 (http://horskakvilda.eu/)
Stálá expozice historie Kvildy a Bučiny (http://www.sumava.net/oukvilda/)
Suvenýry U RYSA, Kvilda 18
Informační středisko NP a CHKO Šumava, Kvilda (https://www.npsumava.cz/navstivte-sumavu/navstevnicka-centra/informacni-stredisko-kvilda/)
Turistické centrum Chata Terezka, Kvilda 35 (https://chataterezka.cz/)
Inf. středisko NP Šumava, Sušická 399, Kašperské Hory (https://www.npsumava.cz/navstivte-sumavu/navstevnicka-centra/informacni-stredisko-kasperske-hory/)"
"1495";"Nisanka";"Česká Republika";"Turistická známka";"Rozhledny a vyhlídky";"Jablonec nad Nisou";"Liberecký kraj";"Rozhledna Nisanka, Nová Ves nad Nisou (http://www.rozhledna-nisanka.cz/)"
"1496";"Horní Smržov skanzen";"Česká Republika";"Turistická známka";"Skanzeny a muzea";"Blansko";"Jihomoravský kraj";"Muzeum Horní Smržov (www.hornismrzov.cz)
Obecní úřad Horní Smržov (http://www.hornismrzov.cz/)"
"1497";"Horní Stropnice, kostel sv. Mikuláše";"Česká Republika";"Turistická známka";"Církevní památky";"České Budějovice";"Jihočeský kraj";"KIC, náměstí Republiky 46, Nové Hrady (http://www.kicnovehrady.cz/)
Infocentrum, Horní Stropnice 68 (http://www.horni-stropnice.cz/)"
"1498";"Vyskeř kaple sv. Anny s kalvárií";"Česká Republika";"Turistická známka";"Církevní památky";"Semily";"Liberecký kraj";"Kaple sv. Anny, Vyskeř (v sezóně) (http://www.vysker.cz/)
Obecní úřad, Vyskeř 50 (http://www.vysker.cz/)
Koloniál Vyskeř (https://www.kolonialvysker.cz/)
Restaurace a penzion, Vyskeř 71 (www.penzionvysker.com)"
"1499";"Muzeum Karlova mostu, Praha";"Česká Republika";"Turistická známka";"Skanzeny a muzea, Vltava";"Praha";"Hlavní město Praha";"Muzeum Karlova mostu, Křížovnícké nám. 3, Praha 1 (http://www.muzeumkarlovamostu.cz/)"
"1500";"Dobře ukrytá rozhledna Járy Cimrmana - Březová nad Svitavou";"Česká Republika";"Turistická známka";"Rozhledny a vyhlídky";"Svitavy";"Pardubický kraj";"TIC Březová nad Svitavou (http://www.brezova.cz/)"
"1501";"Hudlice Josef Jungmann";"Česká Republika";"Turistická známka";"Památníky";"Beroun";"Středočeský kraj";"Rodný dům J. Jungmanna, Hudlice (www.obec-hudlice.cz)"
"1502";"Pivovar Svijany";"Česká Republika";"Turistická známka";"Historické pivovary";"Liberec";"Liberecký kraj";"Podniková prodejna pivovaru, Svijany (http://www.pivovarsvijany.cz/)"
"1503";"Rozhledna na Landeku";"Česká Republika";"Turistická známka";"Rozhledny a vyhlídky";"Ostrava-město";"Moravskoslezský kraj";"Areál LANDEK PARK - Hornické muzeum (https://www.dolnivitkovice.cz/landek-park/)"
"1504";"Na Čihadle";"Česká Republika";"Turistická známka";"Pohoří, Přírodní útvary a místa, Jizerské hory";"Liberec";"Liberecký kraj";"Hotel Panský dům, Jizerka (https://www.jizerka.cz/)
Infocentrum, Klášterní 87, Hejnice (https://www.mestohejnice.cz/)
Trafika, Josefův Důl č. 297 (u kostela) (www.trafikajosefuvdul.websnadno.cz)
Obecní úřad Bílý Potok (bily-potok.cz)
Restaurace U Tetřeva Hejnice - Ferdinandov
Turistické informační centrum Hejnice"
"1505";"Hořičky - kostel sv. Ducha";"Česká Republika";"Turistická známka";"Církevní památky";"Náchod";"Královéhradecký kraj";"Obecní úřad Hořičky (http://www.horicky.cz)
Prodejna potravin, Hořičky č. p. 59 (http://www.horicky.cz)
Hostinec Hořičky č. p. 3 (http://www.horicky.cz)
Suvenýry, Ratibořice 5 (https://www.sites.google.com/site/kniharstviuvasatujaromer/)"
"1506";"Rodný dům J.G.Mendela";"Česká Republika";"Turistická známka";"Památníky";"Nový Jičín";"Moravskoslezský kraj";"Rodný dům J.G.Mendela Vražné-Hynčice (https://www.mendel-rodnydum.vrazne.cz/)"
"1507";"Národní divadlo - Praha";"Česká Republika";"Turistická známka";"Historické budovy a stavby";"Praha";"Hlavní město Praha";"Pokladna Národního divadla, Národní 4, Praha 1 (http://www.novascena.cz/cs/)"
"1508";"Lázně Velichovky 1897";"Česká Republika";"Turistická známka";"Lázně";"Náchod";"Královéhradecký kraj";"Lázeňská prodejna, Lázně Velichovky (http://www.velichovky.cz/)
TIC, nám. Československé armády 16, Jaroměř (https://www.jaromer-josefov.cz/)"
"1509";"Česká Kanada";"Česká Republika";"Turistická známka";"Přírodní útvary a místa";"Jindřichův Hradec";"Jihočeský kraj";"Infocentrum, Palackého náměstí 1, Dačice (http://www.dacice.cz)
TIC, Mírové náměstí 54, Nová Bystřice (https://www.novabystrice.cz/)
TIC Slavonice, náměstí Míru 476, Slavonice (i.slavonice-mesto.cz)
Kavárna Kafíčko, Kunžak 93 (https://www.facebook.com/kafickokunzak/)"
"1510";"Národní muzeum, Praha";"Česká Republika";"Turistická známka";"Skanzeny a muzea, Památníky, Historické budovy a stavby";"Praha";"Hlavní město Praha";"Národní muzeum (obchůdek ve vestibulu) (https://www.nm.cz/navstivte-nas/objekty/muzejni-komplex-narodniho-muzea)"
"1511";"Památník Františka Palackého a Františka Ladislava Riegra, Praha";"Česká Republika";"Turistická známka";"Památníky, Skanzeny a muzea";"Praha";"Hlavní město Praha";"Památník, Palackého 7, Praha 1 (https://www.nm.cz/navstivte-nas/objekty/pamatnik-frantiska-palackeho-a-frantiska-ladislava-riegra)"
"1512";"Lískovec u Frýdku - Místku, Kaplička v Hájku";"Česká Republika";"Turistická známka";"Církevní památky";"Frýdek-Místek";"Moravskoslezský kraj";"TIC, Zámecké náměstí 1257, Frýdek-Místek (https://visitfm.cz/)
TIC, Náměstí Svobody 6, Frýdek-Místek (https://visitfm.cz/)"
"1513";"Muzeum české loutky a cirkusu - Prachatice";"Česká Republika";"Turistická známka";"Skanzeny a muzea";"Prachatice";"Jihočeský kraj";"Muzeum české loutky a cirkusu - Prachatice (https://www.nm.cz/navstivte-nas/objekty/muzeum-ceske-loutky-a-cirkusu)"
"1514";"České muzeum hudby, Praha";"Česká Republika";"Turistická známka";"Skanzeny a muzea";"Praha";"Hlavní město Praha";"České muzeum hudby, Karmelitská 2, Praha 1 (https://www.nm.cz/navstivte-nas/objekty/ceske-muzeum-hudby)
Café Time Music - Muzeum hudby, Karmelitská 2, Praha 1 (www.timemusic.cz)"
"1515";"Muzeum Bedřicha Smetany - Praha";"Česká Republika";"Turistická známka";"Skanzeny a muzea, Vltava";"Praha";"Hlavní město Praha";"Muzeum Bedřicha Smetany, Praha 1 (https://www.nm.cz/navstivte-nas/objekty/muzeum-bedricha-smetany)"
"1516";"Muzeum Antonína Dvořáka, Praha";"Česká Republika";"Turistická známka";"Skanzeny a muzea";"Praha";"Hlavní město Praha";"Muzeum Antonína Dvořáka, Ke Karlovu 20, Praha 2 (https://www.nm.cz/navstivte-nas/objekty/muzeum-antonina-dvoraka)"
"1517";"Památník Jaroslava Ježka (Modrý pokoj), Praha";"Česká Republika";"Turistická známka";"Památníky";"Praha";"Hlavní město Praha";"Památník Jaroslava Ježka, Kaprova 10, Praha 1 (https://www.nm.cz/navstivte-nas/objekty/pamatnik-jaroslava-jezka-modry-pokoj)"
"1518";"Náprstkovo muzeum asijských, afrických a amerických kultur, Praha";"Česká Republika";"Turistická známka";"Skanzeny a muzea";"Praha";"Hlavní město Praha";"Náprstkovo muzeum, Betlémské nám. 1, Praha 1 (https://www.nm.cz/navstivte-nas/objekty/naprstkovo-muzeum-asijskych-africkych-a-americkych-kultur)"
"1519";"Muzeum nové generace, Žďár nad Sázavou";"Česká Republika";"Turistická známka";"Skanzeny a muzea, Sázava";"Žďár nad Sázavou";"Kraj Vysočina";"Muzeum nové generace, Žďár nad Sázavou (http://www.zamekzdar.cz/muzeum-nove-generace/)"
"1520";"Kámen republiky";"Česká Republika";"Turistická známka";"Přírodní útvary a místa, Památníky";"Jindřichův Hradec";"Jihočeský kraj";"TIC, Mírové náměstí 54, Nová Bystřice (https://www.novabystrice.cz/)
Trafika u Hráze, Chlum u Třeboně"
"1521";"Památník Bedřicha Smetany - Jabkenice";"Česká Republika";"Turistická známka";"Památníky";"Mladá Boleslav";"Středočeský kraj";"Památník Bedřicha Smetany - Jabkenice (https://www.nm.cz/navstivte-nas/objekty/pamatnik-bedricha-smetany)"
"1522";"Rodný dům Antonína Dvořáka - Nelahozeves";"Česká Republika";"Turistická známka";"Památníky, Vltava";"Mělník";"Středočeský kraj";"Zámecká prodejní galerie, Nelahozeves (https://www.lobkowicz.cz/nelahozeves)
Rodný dům Antonína Dvořáka, Nelahozeves (https://www.lobkowicz.cz/rodny-dum-antonina-dvoraka#)
Infocentrum Nelahozeves (https://infocentrum.nelahozeves.cz/)"
"1523";"Léčebné lázně Vráž - zámek";"Česká Republika";"Turistická známka";"Lázně, Zámky, Otava";"Písek";"Jihočeský kraj";"Lázně Vráž - zámek, recepce (http://www.lazne-vraz.cz)"
"1524";"Lapidárium NM, Praha";"Česká Republika";"Turistická známka";"Skanzeny a muzea";"Praha";"Hlavní město Praha";"Lapidárium NM, Výstaviště 422, Praha 7 (https://www.nm.cz/navstivte-nas/objekty/lapidarium-narodniho-muzea#u)"
"1525";"MUSAION - národopisná expozice NM, Praha";"Česká Republika";"Turistická známka";"Skanzeny a muzea";"Praha";"Hlavní město Praha";"Národopisné muzeum, Petřínské sady 98, Praha 5 (https://www.nm.cz/navstivte-nas/objekty/narodopisne-muzeum-narodniho-muzea)"
"1526";"Čertova zeď - Ralská pahorkatina";"Česká Republika";"Turistická známka";"Přírodní útvary a místa, Pohoří, CHKO a rezervace, Ralská pahorkatina";"Liberec";"Liberecký kraj";"Infocentrum, Osečná (http://osecna.info/)
Informační centrum Hamr na Jezeře (https://obechamr.cz/turistika-a-cykloturistika/informacni-centrum/)"
"1527";"Město Loket";"Česká Republika";"Turistická známka";"Historická města, Vodácké řeky, Ohře, Slavkovský les";"Sokolov";"Karlovarský kraj";"Hrad Loket - hradní suvenýry (https://www.hradloket.cz/)
Infocentrum, náměstí T.G. Masaryka, Loket (http://www.loket.cz/)
Suvenýry Loket, Čs. Armády 255/4 (http://www.suvenyryloket.cz/)
České suvenýry, nám. T. G. Masaryka 102/43, Loket (https://ceske-suvenyry.infoloket.cz/index.html)"
"1528";"Pivovar Janáček Uherský Brod";"Česká Republika";"Turistická známka";"Historické pivovary";"Uherské Hradiště";"Zlínský kraj";"Městské informační centrum Uherský Brod (https://www.ub.cz/)
Olšavanka-pivovarská prodejna, Neradice 369, Uherský Brod (https://pivo-uherskybrod.cz/01)"
"1529";"Smetanova vyhlídka, Třebsín";"Česká Republika";"Turistická známka";"Přírodní útvary a místa, Rozhledny a vyhlídky, Vltava";"Benešov";"Středočeský kraj";"Prodej dočasně pozastaven
Návštěvnické centrum Turistických známek, Rýmařov (http://www.turisticke-znamky.cz/)"
"1530";"Ozubnicová žel.trať Tanvald – Kořenov";"Česká Republika";"Turistická známka";"Železnice";"Jablonec nad Nisou";"Liberecký kraj";"Infocentrum, Krkonošská 629, Tanvald (http://www.tanvald.cz/)
Při jízdách zvláštních vlaků, muzeum Kořenov (http://www.zubacka.cz/)
Informační centrum Kořenov (http://www.jizerkyprovas.cz/cs-tesarovska_kaple)
Penzion Rotunda, Harrachov 609 (rotunda-harrachov.cz)
Ski Chata Špičák (www.skichataspicaktanvald.cz)"
"1531";"Hvězdárna Karlovy Vary";"Česká Republika";"Turistická známka";"Hvězdárny";"Karlovy Vary";"Karlovarský kraj";"Hvězdárna Karlovy Vary (http://astropatrola.cz/)"
"1532";"Zlaté Hory";"Česká Republika";"Turistická známka";"Historická města";"Jeseník";"Olomoucký kraj";"Městské informační centrum, Zlaté Hory (zlatehory.cz)
Rozhledna - Biskupská Kupa (zlatehory.cz)"
"1533";"Soumarský Most";"Česká Republika";"Turistická známka";"Technické památky, Vodácké řeky, Vltava";"Prachatice";"Jihočeský kraj";"Tábořiště Soumarský most - Bufet u Kotvy (https://www.facebook.com/bufetukotvy#utm_source=mapy.cz&utm_medium=ppd&utm_content=hledani&utm_term=T%c3%a1bo%c5%99i%c5%a1t%c4%9b%)
Informační středisko NP Šumava, Stožec (https://www.npsumava.cz/navstivte-sumavu/navstevnicka-centra/informacni-stredisko-stozec/)
Infocentrum, Horní Vltavice 119 (https://www.hornivltavice.cz/ouhornivltavice/)
Železniční stanice Vimperk, Špidrova ul. (http://spzs.sweb.cz/)"
"1534";"Hrad Lopata";"Česká Republika";"Turistická známka";"Hrady";"Plzeň-jih";"Plzeňský kraj";"Zámek Kozel (https://www.zamek-kozel.cz/cs)"
"1535";"Hornické muzeum Planá";"Česká Republika";"Turistická známka";"Skanzeny a muzea";"Tachov";"Plzeňský kraj";"Hornické muzeum Planá (https://www.hornickemuzeumplana.estranky.cz/)
Informační centrum Planá (http://www.plana.cz/)"
"1536";"Bělá pod Pradědem";"Česká Republika";"Turistická známka";"Pohoří, Jeseníky";"Jeseník";"Olomoucký kraj";"Obecní úřad Domašov (www.bela.cz)
Infocentrum Bělá v pohybu, Adolfovice 41 (https://www.belavpohybu.cz/cz/)"
"1537";"Rozhledna Studený vrch";"Česká Republika";"Turistická známka";"Rozhledny a vyhlídky";"Příbram";"Středočeský kraj";"Rozhledna Studený vrch, Hostomice (https://rozhlednastudenyvrch.estranky.cz/)
Velký Chlumec č. 31 (www.sweb.cz/s.krajina)
Muzeum Betlémů, Karlštejn 11 (http://www.muzeumbetlemu.cz/)"
"1538";"Muzeum Dr. E. Beneše";"Česká Republika";"Turistická známka";"Skanzeny a muzea";"Plzeň-sever";"Plzeňský kraj";"Městský úřad Kožlany (www.kozlany.cz)
Muzeum Dr. E. Beneše, Kožlany (https://www.muzeumkozlany.cz/)"
"1539";"Zámek Jemčina";"Česká Republika";"Turistická známka";"Zámky";"Jindřichův Hradec";"Jihočeský kraj";"Prodej dočasně pozastaven
Návštěvnické centrum Turistických známek, Rýmařov (http://www.turisticke-znamky.cz/)"
"1540";"Hamr na Jezeře";"Česká Republika";"Turistická známka";"Přírodní útvary a místa, Pohoří, CHKO a rezervace, Ralská pahorkatina";"Česká Lípa";"Liberecký kraj";"Infocentrum, Stráž pod Ralskem (http://www.strazpr.cz/turistika/os-1038/p1=60)
Informační centrum Hamr na Jezeře (https://obechamr.cz/turistika-a-cykloturistika/informacni-centrum/)"
"1541";"Voděradské Bučiny";"Česká Republika";"Turistická známka";"Přírodní útvary a místa, CHKO a rezervace";"Praha-východ";"Středočeský kraj";"TIC, Masarykovo nám. 83/1, Říčany (laduv-kraj.cz)
Informační centrum, Příčná 11, Mukařov (https://www.mukarov.cz/)
Přírodní zahrada Hnutí Duha, Přestvůrka 162, Černé Voděrady (www.stezky.info)"
"1542";"Zámek Osvračín";"Česká Republika";"Turistická známka";"Zámky";"Domažlice";"Plzeňský kraj";"Obecní úřad Osvračín (www.osvracin.cz)
COOP, Osvračín 66 (www.osvracin.cz)"
"1543";"Rozhledna Bílov";"Česká Republika";"Turistická známka";"Rozhledny a vyhlídky";"Nový Jičín";"Moravskoslezský kraj";"Rozhledna Bílov - Kanihůra (http://www.bilov.cz/)
Obecní úřad Bílov (http://www.bilov.cz/)"
"1544";"Nivnice rodiště J.A.Komenského";"Česká Republika";"Turistická známka";"Historická města";"Uherské Hradiště";"Zlínský kraj";"Nadační dům Dr.Kachníka, Nivnice - místní knihovna (http://www.nivnice.knihovna.cz/)
Nivnická riviéra - rekreační areál (www.nivnicka-riviera.ic.cz)
Obecní úřad, Nivnice (http://www.nivnice.cz/)
Hotel Savary, Hoštáky 85, Nivnice (http://www.nivnice.cz/)"
"1545";"Českokamenický hrad";"Česká Republika";"Turistická známka";"Hrady";"Děčín";"Ústecký kraj";"Informační centrum, nám. Míru 122, Česká Kamenice (https://ceska-kamenice.cz/turista/)"
"1546";"Rozhledna Hoslovice";"Česká Republika";"Turistická známka";"Rozhledny a vyhlídky";"Strakonice";"Jihočeský kraj";"Vodní mlýn Hoslovice (https://www.muzeum-st.cz/cs/mlyn-hoslovice/)
Muzeum Středního Pootaví, Hradební 50, Strakonice (http://www.muzeum.strakonice.cz/)"
"1547";"Trhový Štěpánov";"Česká Republika";"Turistická známka";"Historická města";"Benešov";"Středočeský kraj";"Městský úřad Trhový Štěpánov (www.trhovystepanov.cz)
Infocentrum - společenský dům, Vlašimská 61, Trhový Štěpánov (https://www.rozhlednanapasece.cz/)"
"1548";"Muzeum K. Klika Deštná";"Česká Republika";"Turistická známka";"Skanzeny a muzea";"Jindřichův Hradec";"Jihočeský kraj";"Provaznické muzeum, nám. Míru 95, Deštná (https://www.destna.cz/muzea/provaznicke-muzeum-k-klika/)
Městský úřad, nám. Míru 65, Deštná (http://www.provaznickemuzeum.destna.cz/)"
"1549";"Sklářské muzeum Kamenický Šenov";"Česká Republika";"Turistická známka";"Skanzeny a muzea";"Česká Lípa";"Liberecký kraj";"Sklářské muzeum, Kamenický Šenov (http://www.muzeumskla.cz/stala-expozice/)"
"1550";"NKP Dolní oblast Vítkovice";"Česká Republika";"Turistická známka";"Technické památky, Skanzeny a muzea";"Ostrava-město";"Moravskoslezský kraj";"Dolní oblast - vstup, Dolní Vítkovice (http://www.dolnivitkovice.cz/)
Infocentrum Svinov, Peterkova 1152/14, Ostrava (https://www.ostravainfo.cz/cz/info/infocentra/8565-infocentrum-svinov.html)
Infocentrum Věž, Prokešovo náměstí 1803/8, Ostrava (https://www.ostravainfo.cz/cz/info/infocentra/8566-infocentrum-vez.html)
Dolní oblast Vítkovic -Svět techniky, Dolní Vítkovice (http://www.ostravainfo.cz/)"
"1551";"Hora Krudum";"Česká Republika";"Turistická známka";"Pohoří, Rozhledny a vyhlídky, Památná místa a obce, Přírodní útvary a místa, Slavkovský les";"Sokolov";"Karlovarský kraj";"Sportcentrum, Hrušková 2194, Sokolov (https://sport-hruskova.cz/)
Radnice - podatelna, Radniční 1, Krásno (https://www.mesto-krasno.cz/)
Infocentrum, 5. května 655, Sokolov (http://www.mdksokolov.cz/)
Hrad Loket - hradní suvenýry (https://www.hradloket.cz/)
Infocentrum, náměstí T.G. Masaryka, Loket (http://www.loket.cz/)
Stánky u Karolininy kolonády, Mariánské Lázně"
"1552";"Hvězdárna Úpice";"Česká Republika";"Turistická známka";"Hvězdárny";"Trutnov";"Královéhradecký kraj";"Hvězdárna, U Lipek 160, Úpice (www.obsupice.cz)
Informační centrum, nám. T. G. Masaryka 31, Úpice (https://www.icupice.cz/informacni-centrum/)"
"1553";"Hlinsko, Pivovar Rychtář";"Česká Republika";"Turistická známka";"Historické pivovary";"Chrudim";"Pardubický kraj";"TIC, Čelakovského 561, Hlinsko (http://www.hlinsko.cz/)
Pivovar Rychtář, Resslova 260, Hlinsko (http://www.rychtar.cz)"
"1554";"Zámek Rochlov";"Česká Republika";"Turistická známka";"Zámky";"Plzeň-sever";"Plzeňský kraj";"Prodej dočasně pozastaven
Návštěvnické centrum Turistických známek, Rýmařov (http://www.turisticke-znamky.cz/)"
"1555";"Muzeum železniční a silniční historické techniky - Výtopna Zdice";"Česká Republika";"Turistická známka";"Železnice, Skanzeny a muzea, Technické památky";"Beroun";"Středočeský kraj";"Po telefonní dohodě - Zdice, výtopna, muzeum, železniční a silniční technické muzeum (http://www.saxi.cz/)"
"1556";"Hrad Jenčov";"Česká Republika";"Turistická známka";"Hrady";"Kladno";"Středočeský kraj";"Konzum, Dukelská 19, Běleč
Melicharovo vlastivědné muzeum, nám. T. G. Masaryka 109, Unhošť (https://muzeum9.webnode.cz/)
Infocentrum CHKO, nám. Sv. Čecha 82, Křivoklát (http://www.is-krivoklat.cz/)
Parkoviště, Křivoklát"
"1557";"Masarykova chata na Beskydě";"Česká Republika";"Turistická známka";"Pohoří, Horské chaty a boudy, Beskydy";"Frýdek-Místek";"Moravskoslezský kraj";"Masarykova chata na Beskydě (https://www.masarykovachata.cz/cs/)"
"1558";"Město Potštát";"Česká Republika";"Turistická známka";"Historická města";"Přerov";"Olomoucký kraj";"Městský úřad, Zámecká 1, Potštát (https://www.potstat.cz/)
Restaurace na Baště, Hřbitovní 80, Potštát (https://www.potstat.cz/)"
"1559";"Erbenova vyhlídka";"Česká Republika";"Turistická známka";"Rozhledny a vyhlídky";"Ústí nad Labem";"Ústecký kraj";"Informační středisko, Mírové náměstí 1/1, Ústí nad Labem (https://www.usti-nad-labem.cz/cz/)"
"1560";"Hevlínské jezero - přírodní památka";"Česká Republika";"Turistická známka";"Přírodní útvary a místa, CHKO a rezervace";"Znojmo";"Jihomoravský kraj";"Infocentrum Hevlín (http://www.hevlin.cz)"
"1561";"Památník A. Heyduka v Písku";"Česká Republika";"Turistická známka";"Památníky, Otava";"Písek";"Jihočeský kraj";"Památník A. Heyduka, Tyršova 438/30, Písek (http://www.prachenskemuzeum.cz/index.php?option=com_content&task=view&id=28&Itemid=56)"
"1562";"Dobrš, kaple sv. Jana a Pavla";"Česká Republika";"Turistická známka";"Církevní památky";"Strakonice";"Jihočeský kraj";"Ludvík Rezek, Dobrš 41 (http://www.dobrs.cz/turisticke-informace/kostel-a-zvonice/)
paní Kramlová, Dobrš 32"
"1563";"Expozice české hračky, Kašperské Hory";"Česká Republika";"Turistická známka";"Skanzeny a muzea";"Klatovy";"Plzeňský kraj";"Expozice české hračky Kašperské hory (http://expozicehracek.snadno.eu/)"
"1564";"Meditační zahrada Plzeň";"Česká Republika";"Turistická známka";"Zahrady a parky";"Plzeň-město";"Plzeňský kraj";"Meditační zahrada Plzeň - Doudlevce (https://www.meditacnizahrada.cz/)"
"1565";"Světelský oltář, Kostel Sv. Barbory, Adamov";"Česká Republika";"Turistická známka";"Církevní památky";"Blansko";"Jihomoravský kraj";"Farní úřad, Adamov (http://www.adamov.name)
Zámek Křtiny - infocentrum (https://www.zamek-krtiny.cz/)
Malá Nádražka Adamov (https://www.facebook.com/profile.php?id=61559940832954)"
"1566";"Rozhledna Hamelika";"Česká Republika";"Turistická známka";"Rozhledny a vyhlídky, Slavkovský les";"Cheb";"Karlovarský kraj";"Infocentrum, Hlavní 47, Mariánské Lázně (marianskelazne.cz)
Stánky u Karolininy kolonády, Mariánské Lázně
Spa Products, Mariánské Lázně"
"1567";"Muzeum Obecná škola Kozlovice";"Česká Republika";"Turistická známka";"Skanzeny a muzea";"Frýdek-Místek";"Moravskoslezský kraj";"Areál Fojtství v Kozlovicích, Muzeum Obecná škola (https://www.kozlovice.cz/obec-kozlovice/vzdelani-sport-kultura/areal-fojtstvi-puvodni)"
"1568";"Hrad Kamýk";"Česká Republika";"Turistická známka";"Hrady";"Litoměřice";"Ústecký kraj";"Obecní úřad Kamýk (http://www.obec-kamyk.cz/)
Hospůka pod hradem, Kamýk
Městské informační centrum, Mírové náměstí, Litoměřice (https://www.litomerice.cz/)"
"1569";"Palkovice - Myslíkovské Lurdy";"Česká Republika";"Turistická známka";"Církevní památky, Přírodní útvary a místa";"Frýdek-Místek";"Moravskoslezský kraj";"Obecní úřad Palkovice (www.palkovice.cz)"
"1570";"Chvalský zámek - Horní Počernice, Praha";"Česká Republika";"Turistická známka";"Zámky";"Praha";"Hlavní město Praha";"Zámek Chvaly - Horní Počernice (http://www.chvalskyzamek.cz/)"
"1571";"Obříství - památník B. Smetany";"Česká Republika";"Turistická známka";"Památníky";"Mělník";"Středočeský kraj";"Památník B. Smetany, Obříství (www.obristvi.cz)
Obecní úřad Obříství (www.obristvi.cz)"
"1572";"Hrad Džbán";"Česká Republika";"Turistická známka";"Hrady";"Rakovník";"Středočeský kraj";"Expozice Kounovské kamenné řady, Kounov 49 (https://www.obec-kounov.cz)
Obecní úřad, Kounov 44 (https://www.obec-kounov.cz/)"
"1573";"Barokní sýpka - Valašské Meziříčí";"Česká Republika";"Turistická známka";"Skanzeny a muzea";"Vsetín";"Zlínský kraj";"TIC, Komenského 169, Valašské Meziříčí (http://www.info-vm.cz/)"
"1574";"Obec Trnová nad Vltavou";"Česká Republika";"Turistická známka";"Církevní památky, Vltava";"Praha-západ";"Středočeský kraj";"Trnovská krčma, Trnová 20 (https://www.trnovskakrcma.cz/)"
"1575";"Obec Horní Police";"Česká Republika";"Turistická známka";"Církevní památky";"Česká Lípa";"Liberecký kraj";"Restaurace U Huberta, 9. května 57, Horní Police (www.hornipolice.cz)
Obecní úřad, Horní Police (www.hornipolice.cz)
Kostel Navštívení Panny Marie, Horní Police"
"1576";"Obec Blučina";"Česká Republika";"Turistická známka";"Církevní památky";"Brno-venkov";"Jihomoravský kraj";"Restaurace Lidový dům, Blučina (http://www.obedyblucina.cz/restaurater/)
Obecní úřad Blučina"
"1577";"Renesanční zámek v Pyšelích u Prahy";"Česká Republika";"Turistická známka";"Zámky";"Benešov";"Středočeský kraj";"Muzeum, Nám. T.G.M. 34, Pyšely (http://www.pysely.cz)
Informační centrum, nám. T. G. Masaryka 4, Pyšely (http://www.pysely.cz)
Trafika, nám. T. G. Masaryka 29, Pyšely u Prahy"
"1578";"Město Karolinka";"Česká Republika";"Turistická známka";"Historická města";"Vsetín";"Zlínský kraj";"Informační centrum, Nábřežní 545, Karolinka (www.karolinka.cz)"
"1579";"Jirkov - vyhlídková věž a historické sklepení";"Česká Republika";"Turistická známka";"Rozhledny a vyhlídky, Historická města";"Chomutov";"Ústecký kraj";"Zámek Červený Hrádek (http://www.zamek-cerveny-hradek.cz)
Infocentrum, Tyršova 23, Jirkov (https://www.jirkov.cz/volny-cas/informacni-centrum/)
Penzion Bremen, Olejomlýnská 327, Jirkov (https://www.facebook.com/Penzion-Bremen-420981304698593#utm_source=mapy.cz&utm_medium=ppd&utm_content=hledani&utm_term=Penzion%20B)"
"1580";"Muzeum Svatopluka Čecha a Jarmily Novotné, Městys Liteň";"Česká Republika";"Turistická známka";"Skanzeny a muzea";"Beroun";"Středočeský kraj";"Muzeum Betlémů, Karlštejn 11 (http://www.muzeumbetlemu.cz/)
Muzeum Sv. Čecha a Jarmily Novotné, Městys Liteň (www.obecliten.cz)"
"1581";"Pozořice";"Česká Republika";"Turistická známka";"Církevní památky";"Brno-venkov";"Jihomoravský kraj";"Restaurace Fanda, Pozořice (www.pozorice.cz)
Potraviny Hruška, Pozořice (www.pozorice.cz)"
"1582";"Ranč Děpoltovice";"Česká Republika";"Turistická známka";"Western";"Karlovy Vary";"Karlovarský kraj";"Restaurace Pegas, Děpoltovice (http://www.jkpegas.cz/)"
"1583";"Rotavské Varhany";"Česká Republika";"Turistická známka";"Pohoří, Přírodní útvary a místa, Krušné hory";"Sokolov";"Karlovarský kraj";"KIC, nám. T. G. Masaryka 1782, Kraslice (http://www.icka.cz/ic/kic-kraslice)
Infocentrum, Sídliště 721, Rotava (http://www.rotava.cz)"
"1584";"Velká Holná";"Česká Republika";"Turistická známka";"Přírodní útvary a místa";"Jindřichův Hradec";"Jihočeský kraj";"Rekreační středisko Velká Holná, Hatín 7 (http://www.rsholnaamladotice.cz/)"
"1585";"Větrný mlýn Světlík";"Česká Republika";"Turistická známka";"Technické památky";"Děčín";"Ústecký kraj";"Informační centrum, Náměstí Jiřího 300, Jiřetín pod Jedlovou (http://www.jiretin.cz/)
Potraviny Sámoška, Horní Podluží 1 (www.vetrny-mlyn-svetlik.com)"
"1586";"Dalešická přehrada";"Česká Republika";"Turistická známka";"Technické památky, Lodní doprava";"Třebíč";"Kraj Vysočina";"Loď Horácko, Dalešická přehrada (http://www.dalesickaprehrada.cz)
Informační centrum Koněšín 145 (https://www.obeckonesin.cz/)
Turistická ubytovna Koněšín 181 (https://www.ubytovnakonesin.cz/)"
"1587";"Jeskyně Výpustek";"Česká Republika";"Turistická známka";"Jeskyně a propasti";"Blansko";"Jihomoravský kraj";"Jeskyně Výpustek (https://www.caves.cz/jeskyne/jeskyne-vypustek#utm_source=mapy.cz&utm_medium=ppd&utm_campaign=firmy.cz-2127039)
Informační středisko Skalní Mlýn (http://www.skalnimlyn.cz/)"
"1588";"Santiniho kaple v Panenských Břežanech";"Česká Republika";"Turistická známka";"Církevní památky";"Praha-východ";"Středočeský kraj";"Památník národního útlaku a odboje, Panenské Břežany (http://panenske-brezany.muzeumbrandys.cz/cz/)"
"1589";"Strážnický zámek, Strážnice";"Česká Republika";"Turistická známka";"Zámky";"Hodonín";"Jihomoravský kraj";"Národní ústav lidové kultury, Zámek 672, Strážnice (http://www.nulk.cz)
TIC Strážnicko, Vinohradská 35, Strážnice (http://www.straznice-mesto.cz/)
Skanzen, Bzenecká 1510, Strážnice (https://nulk.cz/web_skanzen/)
Prodejna Folklorika, Bzenecká 671, Strážnice (http://www.folklorika.cz)"
"1590";"Pražské Klementinum - Praha";"Česká Republika";"Turistická známka";"Historické budovy a stavby";"Praha";"Hlavní město Praha";"TIC Středočeské centrály cest. ruchu, Husova 156/21, Praha 1 (https://www.centralbohemia.cz/)
Národní knihovna České republiky, Klementinum 190, Praha 1 (https://www.nkp.cz/)"
"1591";"Muzeum moravské gobelínové manufaktury, Valašské Meziříčí";"Česká Republika";"Turistická známka";"Skanzeny a muzea";"Vsetín";"Zlínský kraj";"Živé muzeum Gobelínů, Husova 4, Valašské Meziříčí (http://gobelin.cz)"
"1592";"Luisino údolí - Krkonošské roubenky";"Česká Republika";"Turistická známka";"Pohoří, Horské chaty a boudy, Přírodní útvary a místa, Krkonoše";"Trutnov";"Královéhradecký kraj";"Liberecká bouda, Dolní Dvůr 123 (http://www.libereckabouda.cz/)
Chata Jitka, Dolní Dvůr 53 (http://www.chatajitka.cz/)
Venkovské infocentrum mikroregionu, Lánov (http://www.lanov.cz/)"
"1593";"Muzeum rekordů Pelhřimov";"Česká Republika";"Turistická známka";"Historická města";"Pelhřimov";"Kraj Vysočina";"Muzeum rekordů a kuriozit, Palackého 47, Pelhřimov (https://www.dobryden.cz/)
Muzeum rekordů a kuriozit, nábřeží Rekordů a kuriozit 811, Pelhřimov (https://www.dobryden.cz/)"
"1594";"Na vyhlídce, Nová Ves";"Česká Republika";"Turistická známka";"Pohoří, Horské chaty a boudy, Rozhledny a vyhlídky, Jeseníky";"Bruntál";"Moravskoslezský kraj";"Rozhledna Nová Ves, Jeseníky (https://obecdolnimoravice.estranky.cz/clanky/vyhlidkova-vez---nova-ves/)
Horská chata Na Vyhlídce, Nová Ves (http://www.vyhlidka.net/)"
"1595";"Fortová pevnost Olomouc";"Česká Republika";"Turistická známka";"Válečné památníky";"Olomouc";"Olomoucký kraj";"Fortová pevnost Křelov, Olomouc (http://www.forty.cz/)"
"1596";"Podyjí vyhlídka na Hardegg";"Česká Republika";"Turistická známka";"CHKO a rezervace, Přírodní útvary a místa, Rozhledny a vyhlídky";"Znojmo";"Jihomoravský kraj";"Návštěvnické středisko správy Podyjí, Čížov 176 (http://www.nppodyji.cz)
Autocamping Vranovská pláž (http://www.vranovska-plaz.cz/)
Infocentrum, Náměstí 47, Vranov nad Dyjí (http://www.navstivtevranovsko.cz/cs/)"
"1597";"Rodný dům Františka Palackého Hodslavice";"Česká Republika";"Turistická známka";"Památníky";"Nový Jičín";"Moravskoslezský kraj";"Památník F. Palackého, Hodslavice (http://www.muzeumnj.cz/pamatnik-frantiska-palackeho-v-hodslavicich/aktualni-akce-7/)
Obecní úřad Hodslavice (https://www.hodslavice.cz/)"
"1598";"Zámek Dívčí Hrad";"Česká Republika";"Turistická známka";"Zámky";"Bruntál";"Moravskoslezský kraj";"Informační centrum Dívčí Hrad (http://www.divcihrad.cz)"
"1599";"Obec Osoblaha";"Česká Republika";"Turistická známka";"Památná místa a obce";"Bruntál";"Moravskoslezský kraj";"Obecní úřad, Na Náměstí 106, Osoblaha (http://www.osoblaha.cz)
Informační centrum, Na Náměstí 106, Osoblaha (https://www.osoblaha.cz/)"
"1600";"Pramen Vltavy";"Česká Republika";"Turistická známka";"Pohoří, Památná místa a obce, Šumava, Vltava";"Prachatice";"Jihočeský kraj";"Informační středisko NP a CHKO Šumava, Kvilda (https://www.npsumava.cz/navstivte-sumavu/navstevnicka-centra/informacni-stredisko-kvilda/)
Turistické centrum Chata Terezka, Kvilda 35 (https://chataterezka.cz/)
Informační středisko, Horská Kvilda 40 (http://horskakvilda.eu/)
Stálá expozice historie Kvildy a Bučiny (http://www.sumava.net/oukvilda/)
Suvenýry U RYSA, Kvilda 18
Inf. středisko NP Šumava, Sušická 399, Kašperské Hory (https://www.npsumava.cz/navstivte-sumavu/navstevnicka-centra/informacni-stredisko-kasperske-hory/)"
"1601";"Obec Želízy, Čertovy hlavy";"Česká Republika";"Turistická známka";"Přírodní útvary a místa";"Mělník";"Středočeský kraj";"Obecní úřad, Želízy 46 (https://www.obeczelizy.cz/)
Kemp Koupaliště, Želízy (http://www.zelizy.cz/)
Hostinec u Blanky, Želízy 62
U Viktorky, Želízy 51"
"1602";"Richtrovy boudy";"Česká Republika";"Turistická známka";"Pohoří, Horské chaty a boudy, Krkonoše";"Trutnov";"Královéhradecký kraj";"Informační centrum Turista, Pec pod Sněžkou (http://turistapec.cz/)
Chata pod Studničnou, Pec p. Sněžkou (https://www.podstudnicnoukct.cz/)"
"1603";"Ostré - barokní poutní místo";"Česká Republika";"Turistická známka";"Církevní památky";"Litoměřice";"Ústecký kraj";"Statek Pod kalvárií, Ostré 22 (http://www.podkalvarii.cz/)
Infocentrum, Mírové náměstí 47, Úštěk (mesto-ustek.cz)
Úštěcká Šatlava (historicky-ustek.wbs.cz)
Galerie U brány, Úštěk (https://www.galerie-ubrany.cz/)
Víno dárky čaje, 1. máje 5, Úštěk (https://www.vinodarkycaje.cz/)
Chata Milešovka (milesovka.cz)"
"1604";"Muzeum stavebnice Merkur Police nad Metují";"Česká Republika";"Turistická známka";"Skanzeny a muzea";"Náchod";"Královéhradecký kraj";"Infocentrum, Masarykovo nám. 75, Police nad Metují (www.policko.cz)
Muzeum stavebnice, Police nad Metují (http://www.merkurpolice.cz)
Knihkupectví, Komenského nám. 402, Police nad Metují"
"1605";"Chvatěrubský hrad";"Česká Republika";"Turistická známka";"Hrady, Vltava";"Mělník";"Středočeský kraj";"Obecní úřad Chvatěruby (http://www.chvateruby.cz/)"
"1606";"Dlouhá Louka";"Česká Republika";"Turistická známka";"Pohoří, Přírodní útvary a místa, Krušné hory";"Teplice";"Ústecký kraj";"Penzion Rozcestí , Dlouhá Louka, Krušné Hory (http://www.penzionrozcesti.eu)
Turistické informační centrum, FrýTajm Osek (https://www.frytajmosek.cz/kontakt/)"
"1607";"Letiště Praha";"Česká Republika";"Turistická známka";"Technické památky";"Praha";"Hlavní město Praha";"Terminál 2 - Souvenir shop, Letiště Václava Havla - K letišti 1073/25, Praha 6 (www.prg.aero)"
"1608";"Město Pyšely - Loretánská Kaple";"Česká Republika";"Turistická známka";"Církevní památky";"Benešov";"Středočeský kraj";"Informační centrum, nám. T. G. Masaryka 4, Pyšely (http://www.pysely.cz)
Muzeum, Nám. T.G.M. 34, Pyšely (http://www.pysely.cz)
Trafika, nám. T. G. Masaryka 29, Pyšely u Prahy"
"1609";"Naučná stezka Prameny Morávky";"Česká Republika";"Turistická známka";"Pohoří, Stezky a trasy, Beskydy";"Frýdek-Místek";"Moravskoslezský kraj";"Obecní úřad Morávka (www.moravka.info)
Prodejna Smíšenka, Morávka (www.moravka.info)
Chata na Kotaři (kotar.komornilhotka.cz)
Penzion U Přehrady, Morávka (www.uprehrady.cz)"
"1610";"Pevnostní muzea na Pražské čáře";"Česká Republika";"Turistická známka";"Válečné památníky";"Kladno";"Středočeský kraj";"Muzeum čs. Opevnění Doksy (http://www.kvh-doksy.wgz.cz/)
Melicharovo vlastivědné muzeum v Unhošti (http://www.muzeumunhost.wz.cz/)
Vojenský skanzen Smečno (http://vojensky-skanzen-smecno.cz/)
Muzeum Betlémů, Karlštejn 11 (http://www.muzeumbetlemu.cz/)"
"1611";"Kerský les - pramen Sv. Josefa";"Česká Republika";"Turistická známka";"Přírodní útvary a místa";"Nymburk";"Středočeský kraj";"Lesní ateliér Kuba, Kersko (www.lesniatelierkuba.cz)
Hájenka Kersko, Kersko (www.hajenka-kersko.cz)"
"1612";"Předmostím až do pravěku";"Česká Republika";"Turistická známka";"Archeo";"Přerov";"Olomoucký kraj";"Infocentrum, Pod Skalkou 1a, Přerov - Předmostí (https://www.prerov.eu/)
Infocentrum, Nám. T. G. Masaryka 7, Přerov (https://www.prerov.eu/)
Muzeum, Horní náměstí 7, Přerov (http://www.prerovmuzeum.cz/)
ČD centrum, Přerov (http://www.ceskedrahy.cz/tiskove-centrum/fotogalerie/nadrazi/-1208/)"
"1613";"Hrad Návarov";"Česká Republika";"Turistická známka";"Hrady";"Jablonec nad Nisou";"Liberecký kraj";"Penzion Rusalka, Návarov 17 (http://www.rusalka.cz/)
Sport FALCO Cyklo, Věnceslava Metelky 368, Vysoké nad Jizerou (http://www.cyklovysoke.cz/falco1.php)
Skirent Šneko - Věnceslava Metelky 368, Vysoké nad Jizerou
Vlastivědné muzeum, Dr. Karla Farského 130, Vysoké nad Jizerou (https://www.vysokenadjizerou.cz/vlastivedne-muzeum/os-1002/p1=1061)
Turistické infocentrum - Městská knihovna, Vysoké nad Jizerou (http://www.vysokenadjizerou.cz/)"
"1614";"Bílá Voda";"Česká Republika";"Turistická známka";"Církevní památky";"Jeseník";"Olomoucký kraj";"Muzeum Bílá Voda (www.bilavoda.cz)
Obecní úřad, Bílá Voda (www.bilavoda.cz)
Pohostinství Bílá Voda (www.bilavoda.cz)"
"1615";"Rozhledna Šrotík";"Česká Republika";"Turistická známka";"Rozhledny a vyhlídky";"Uherské Hradiště";"Zlínský kraj";"Areál KovoZoo - Staré Město (https://www.kovozoo.cz/)"
"1616";"Hrad Nový Herštejn";"Česká Republika";"Turistická známka";"Hrady";"Domažlice";"Plzeňský kraj";"Rýzmberská hospůdka (https://hradryzmberk.webnode.cz/)
Infocentrum, Nádražní 314, Kdyně (http://www.kdyne.cz/mesto/informace-o-meste/kulturni-zarizeni/)"
"1617";"Zámek Liblice";"Česká Republika";"Turistická známka";"Zámky";"Mělník";"Středočeský kraj";"Zámek Liblice - recepce (www.zamek-liblice.cz)"
"1618";"Pivovar Radegast";"Česká Republika";"Turistická známka";"Historické pivovary";"Frýdek-Místek";"Moravskoslezský kraj";"Návštěvnické centrum, pivovar Radegast - Nošovice (www.radegast.cz)"
"1619";"Zámek Chotoviny";"Česká Republika";"Turistická známka";"Zámky";"Tábor";"Jihočeský kraj";"Prodej dočasně pozastaven
Návštěvnické centrum Turistických známek, Rýmařov (http://www.turisticke-znamky.cz/)"
"1620";"Zámek Radim";"Česká Republika";"Turistická známka";"Zámky";"Kolín";"Středočeský kraj";"Zámek Radim (www.zamek-radim.cz)"
"1621";"Bělá nad Radbuzou";"Česká Republika";"Turistická známka";"Historická města, Pohoří, Český les";"Domažlice";"Plzeňský kraj";"Městská knihovna Bělá nad Radbuzou (https://www.sumavanet.cz/knihovnabela/)
Informační centrum, Náměstí 47, Bělá nad Radbuzou (https://www.sumavanet.cz/icbela/)"
"1622";"Dřevěný kostel - Guty";"Česká Republika";"Turistická známka";"Církevní památky";"Frýdek-Místek";"Moravskoslezský kraj";"Městské informační centrum, Lidická 541, Třinec (www.info-trinec.cz)"
"1623";"Loucký klášter - Znojmo";"Česká Republika";"Turistická známka";"Církevní památky";"Znojmo";"Jihomoravský kraj";"Loucký klášter - Znojmo (www.znovin.cz)"
"1624";"Zámek Sloupno";"Česká Republika";"Turistická známka";"Zámky";"Hradec Králové";"Královéhradecký kraj";"Zámek Sloupno (www.sloupno.cz)"
"1625";"Vila Tugendhat";"Česká Republika";"Turistická známka";"Historické budovy a stavby";"Brno-město";"Jihomoravský kraj";"Vila Tugendhat (https://www.tugendhat.eu/)
Špilberk - prodejna suvenýrů (http://www.spilberk.cz/)
Infocentrum POD KROKODÝLEM, Radnická 8, Brno (https://ticbrno.cz/informacni-centra/informacni-centrum-pod-krokodylem)
IC Zámečnická, Zámečnická 90/2, Brno (https://ticbrno.cz/informacni-centra/informacni-centrum-to-je-brno)"
"1626";"Thunovská kaple - Děčín";"Česká Republika";"Turistická známka";"Církevní památky";"Děčín";"Ústecký kraj";"Kaple sv. Jana Nepomuckého, U kaple, Děčín (https://cs.wikipedia.org/wiki/Kostel_svat%C3%A9ho_Jana_Nepomuck%C3%A9ho_(Podmokly))
Oblastní Muzeum, Čsl. mládeže 1/31, Děčín (https://www.muzeumdc.cz/)
Zámek Děčín - pokladna (www.zamekdecin.cz)
Informační centrum Děčín, K.Čapka 1441/3 (http://idecin.cz/)
ČD Centrum Děčín (http://www.ceskedrahy.cz/tiskove-centrum/fotogalerie/nadrazi/-1208/)"
"1627";"Mělník, podzemí";"Česká Republika";"Turistická známka";"Technické památky";"Mělník";"Středočeský kraj";"Turistické informační centrum, Legionářů 51, Mělník (https://ticmelnik.cz/)"
"1628";"Křečhoř - památník bitvy u Kolína";"Česká Republika";"Turistická známka";"Válečné památníky";"Kolín";"Středočeský kraj";"Obecní úřad, Křečhoř 1 (https://www.krechor.cz/)
Smíšený obchod Kuchařová Sylva, Křečhoř 122 (www.krechor.cz)
Hospoda Pod smrkem, Křečhoř 74 (www.krechor.cz)
Městské informační centrum, Na Hradbách 157, Kolín (http://www.mukolin.cz/)
Turistické informační centrum Kolín, Karlovo náměstí 8, Kolín (http://www.muzeumkolin.cz/)
Podlipanské muzeum, Žitomířská 761, Český Brod (http://www.podlipanskemuzeum.cz/)"
"1629";"Archeoskanzen Březno";"Česká Republika";"Turistická známka";"Archeo, Ohře";"Louny";"Ústecký kraj";"Archeoskanzen, Březno u Loun (https://www.archeoskanzenbrezno.cz/)"
"1630";"Šikmý Kostel sv. Petra z Alkantary - Karviná";"Česká Republika";"Turistická známka";"Církevní památky";"Karviná";"Moravskoslezský kraj";"Kostel sv- Petra z Alkantary (kostel Karviná-Doly) (http://www.farnostdoly.cz/3/Prohl%C3%ADdky)"
"1631";"Santon - Bitva tří císařů";"Česká Republika";"Turistická známka";"Válečné památníky";"Brno-venkov";"Jihomoravský kraj";"Obecní úřad, Tvarožná u Brna (www.tvarozna.cz)"
"1632";"Pohořelice";"Česká Republika";"Turistická známka";"Historická města";"Brno-venkov";"Jihomoravský kraj";"KIC - Stará radnice, Brněnská 2, Pohořelice (www.pohorelice.cz)
Městský úřad - Knihovna, Vídeňská ulice, Pohořelice (www.pohorelice.cz)"
"1633";"Horní Blatná - kaple sv. Kříže";"Česká Republika";"Turistická známka";"Historická města, Pohoří, Krušné hory";"Karlovy Vary";"Karlovarský kraj";"Muzeum, Bezručova 127, Horní Blatná, (http://kvmuz.cz/)
Infocentrum, nám. sv. Vavřince 1, Horní Blatná (https://www.horni-blatna.cz/turisticke-informace/)
Suvenýry - JKT Kreativ, náměstí Sv. Vavřince 1, Horní Blatná"
"1634";"Bradlo Nová Hradečná";"Česká Republika";"Turistická známka";"Pohoří, Přírodní útvary a místa, Jeseníky";"Olomouc";"Olomoucký kraj";"Obecní úřad Nová Hradečná (www.novahradecna.cz)
Restaurace Pod Hůrkou, Nová Hradečná 51 (http://www.podhurkou.cz/)"
"1635";"Svatý Kámen poutní místo";"Česká Republika";"Turistická známka";"Církevní památky";"Český Krumlov";"Jihočeský kraj";"Prodej dočasně pozastaven
Návštěvnické centrum Turistických známek, Rýmařov (http://www.turisticke-znamky.cz/)"
"1636";"Dělostřelecká tvrz Hůrka";"Česká Republika";"Turistická známka";"Válečné památníky";"Ústí nad Orlicí";"Pardubický kraj";"Muzeum opevnění - dělostřelecká tvrz Hůrka (www.boudamuseum.com)"
"1637";"Hrad Rožnov";"Česká Republika";"Turistická známka";"Hrady";"Vsetín";"Zlínský kraj";"TIC, Masarykovo nám. 131, Rožnov pod Radhoštěm (https://www.visitroznov.cz/)"
"1638";"Botanická zahrada Liberec";"Česká Republika";"Turistická známka";"Zahrady a parky";"Liberec";"Liberecký kraj";"Botanická zahrada - pokladna
Stánek u tramvajové zastávky Botanická zahrada"
"1639";"Muzeum čs. opevnění z let 1935-38 Pěchotní srub K-S 14 ""U cihelny"" Králíky";"Česká Republika";"Turistická známka";"Válečné památníky";"Ústí nad Orlicí";"Pardubický kraj";"Muzeum čs. opevnění, Pěchotní srub K-S 14 ""U cihelny"", Králíky (www.militaryclub.info/cihelna)
Východočeský památník celnictví, Králíky (http://celnici.militaryclub.info/)"
"1640";"Důl Bílina Pungiphyllum Cruciatum";"Česká Republika";"Turistická známka";"Technické památky";"Teplice";"Ústecký kraj";"Informační centrum, Břežánská 50/4, Bílina (https://www.icbilina.cz/)"
"1641";"Bedřichovka - Orlické hory";"Česká Republika";"Turistická známka";"Pohoří, CHKO a rezervace, Orlické hory";"Rychnov nad Kněžnou";"Královéhradecký kraj";"Chata Bedřichovka, Orlické Záhoří (www.bedrichovka.cz)"
"1642";"Zámek Korozluky";"Česká Republika";"Turistická známka";"Zámky";"Most";"Ústecký kraj";"Zámek Korozluky (http://www.zamekkorozluky.cz/)"
"1643";"Středověký vodní mlýn Hoslovice";"Česká Republika";"Turistická známka";"Technické památky";"Strakonice";"Jihočeský kraj";"Muzeum Středního Pootaví, Hradební 50, Strakonice (http://www.muzeum.strakonice.cz/)
Vodní mlýn Hoslovice (https://www.muzeum-st.cz/cs/mlyn-hoslovice/)"
"1644";"Poutní areál Mariánské Radčice";"Česká Republika";"Turistická známka";"Církevní památky";"Most";"Ústecký kraj";"Obecní úřad Mariánské Radčice (http://www.sd-infocentrum.cz/)
Restaurace U Kostela, Komenského 2, Mariánské Radčice (http://www.restaurace-u-kostela.cz/index.php)"
"1645";"Zámek Teplice - Regionální muzeum v Teplicích";"Česká Republika";"Turistická známka";"Zámky, Skanzeny a muzea";"Teplice";"Ústecký kraj";"Informační centrum, Benešovo nám. 840, Teplice (http://www.teplice.cz/)
Zámek - regionální muzeum v Teplicích (www.muzeum-teplice.cz)
VisitTeplice IC, Krupská 346/2, Teplice (https://visitteplice.com)"
"1646";"Zámek Horažďovice";"Česká Republika";"Turistická známka";"Zámky, Otava";"Klatovy";"Plzeňský kraj";"Městské muzeum Horažďovice, TIC - zámek (http://www.muzeumhd.cz/)"
"1647";"Pošumavská jižní dráha Nové Údolí-Haidmühle";"Česká Republika";"Turistická známka";"Železnice";"Prachatice";"Jihočeský kraj";"Muzeum pošumavských železnic - hraniční přechod Nové Údolí (www.noveudoli.eu)"
"1648";"Zámeček Doubí - vánoční expozice";"Česká Republika";"Turistická známka";"Zámky, Skanzeny a muzea, Ohře";"Karlovy Vary";"Karlovarský kraj";"Vánoční dům - Zámeček Doubí, Karlovy Vary (www.vanocnidum.cz)"
"1649";"Město Lišov";"Česká Republika";"Turistická známka";"Historická města";"České Budějovice";"Jihočeský kraj";"Muzeum F. M. Čapka, Tř. 5. května, Lišov (www.lisov.cz)
Městská knihovna, Tř. 5. května 129, Lišov (www.lisov.cz)"
"1650";"Tvrz Kadov";"Česká Republika";"Turistická známka";"Hrady";"Strakonice";"Jihočeský kraj";"Obecní úřad Kadov (kadov.net)"
"1651";"Město Chřibská, Thaddeus Haenke 1761 - 1816";"Česká Republika";"Turistická známka";"Historická města";"Děčín";"Ústecký kraj";"Muzeum Tadeáše Haenkeho, Chřibská (www.haenke.slamow.com)
Informační centrum, Chřibská 21, Chřibská (https://www.mesto-chribska.cz/)"
"1652";"Dendrologická zahrada Průhonice";"Česká Republika";"Turistická známka";"Zahrady a parky";"Praha-západ";"Středočeský kraj";"Dendrologická zahrada Průhonice, Za dálnicí 146, Průhonice (http://dendrologickazahrada.cz/)"
"1653";"Rychnov u Jablonce nad Nisou - železniční viadukt";"Česká Republika";"Turistická známka";"Železnice, Technické památky";"Jablonec nad Nisou";"Liberecký kraj";"Městská knihovna a informační centrum, Rychnov u Jablonce nad Nisou (https://knihovna.rychnovjbc.cz/)
Muzeum - Husova 490, Rychnov u Jablonce nad Nisou"
"1654";"Kolonáda Reistna - Valtice";"Česká Republika";"Turistická známka";"Rozhledny a vyhlídky, Lednicko-valtický areál";"Břeclav";"Jihomoravský kraj";"Kolonáda Reistna (http://www.vsvaltice.cz/)
Zámek Valtice - pokladna (https://www.zamek-valtice.cz/cs)
Infocentrum, náměstí Svobody 4, Valtice (https://www.valtice.eu/)
Vinné sklepy, Vinařské 407, Valtice (http://www.vsvaltice.cz/)
Suvenýry ve Světě pohádek a strašidel, Valtice (https://svetpohadek.cz/)"
"1655";"Rozhledna Ostrá horka";"Česká Republika";"Turistická známka";"Rozhledny a vyhlídky";"Brno-město";"Jihomoravský kraj";"Restaurace Panská Lícha, Brno - Obřany (http://www.panskalicha.cz/-restaurace-)"
"1656";"Hrad Vízmburk";"Česká Republika";"Turistická známka";"Hrady";"Trutnov";"Královéhradecký kraj";"Hrad Vízmburk (www.vizmburk.cz)
Obecní úřad Havlovice (http://www.havlovice.cz/)"
"1657";"Rozhledna na Třenické Hoře u Cerhovic";"Česká Republika";"Turistická známka";"Rozhledny a vyhlídky";"Beroun";"Středočeský kraj";"Radnice, nám. Kpt. Kučery 10, Cerhovice (www.cerhovice.cz)
Cukrárna, Nám. Kpt. Kučery 42, Cerhovice (https://www.facebook.com/Cukr%C3%A1rna-Cerhovice-1405528396357942/)"
"1658";"Oldřichov v Hájích - Jizerské hory";"Česká Republika";"Turistická známka";"Pohoří, Stezky a trasy, Jizerské hory";"Liberec";"Liberecký kraj";"Dům přírody Jizerských hor, Oldřichov v Hájích (www.strevlik.cz)"
"1659";"Kostel Nanebevzetí Panny Marie Tismice";"Česká Republika";"Turistická známka";"Církevní památky";"Kolín";"Středočeský kraj";"Infocentrum, nám. Arnošta z Pardubic 1, Český Brod (https://ic.cvik.info/)
Obecní úřad Tismice (www.tismice.cz)
Obecní úřad Přišimasy (https://www.prisimasy.cz/)"
"1660";"Sklářské muzeum Moser Karlovy Vary";"Česká Republika";"Turistická známka";"Skanzeny a muzea, Ohře";"Karlovy Vary";"Karlovarský kraj";"Návštěvnické centrum MOSER, Kpt. Jaroše 46/19, Karlovy Vary (www.moser-glass.com)"
"1661";"Nejzápadnější bod ČR";"Česká Republika";"Turistická známka";"Geografické body";"Cheb";"Karlovarský kraj";"Obecní úřad Krásná (http://www.obeckrasna.cz/)
Informační centrum, Hlavní 23, Aš (https://www.info-as.cz/)"
"1662";"Přírodní památka Klepec I. II.";"Česká Republika";"Turistická známka";"Přírodní útvary a místa";"Kolín";"Středočeský kraj";"Obecní úřad Přišimasy (https://www.prisimasy.cz/)
Prodejna potravin, Přišimasy (www.tismice.cz)
Infocentrum, nám. Arnošta z Pardubic 1, Český Brod (https://ic.cvik.info/)"
"1663";"Rozhledna Na Skále";"Česká Republika";"Turistická známka";"Rozhledny a vyhlídky";"Plzeň-jih";"Plzeňský kraj";"Rozhledna Na Skále, Železný Újezd (http://www.obec-cizkov.cz/)"
"1664";"Zámek Berchtold";"Česká Republika";"Turistická známka";"Zámky";"Praha-východ";"Středočeský kraj";"Sportcentrum Na zámečku, Vidovice (www.zamekberchtold.cz)"
"1665";"Malá vodní elektrárna Hučák Hradec Králové";"Česká Republika";"Turistická známka";"Technické památky";"Hradec Králové";"Královéhradecký kraj";"Infocentrum Hradec Králové, Eliščino nábřeží 626 (www.hkinfo.cz)
Infocentrum Obnovitelné zdroje, Křižíkova, Hradec Králové (https://www.cez.cz/cs/o-cez/infocentra/infocentrum-obnovitelne-zdroje-47598)"
"1666";"Techmania science center Plzeň";"Česká Republika";"Turistická známka";"Technické památky, Skanzeny a muzea";"Plzeň-město";"Plzeňský kraj";"Techmania science center, Plzeň (www.techmania.cz)"
"1667";"Město Velké Bílovice";"Česká Republika";"Turistická známka";"Historická města";"Břeclav";"Jihomoravský kraj";"Městský úřad, nám. Osvoboditelů 570, Velké Bílovice (www.velkebilovice.cz)
Infocentrum, nám. Osvoboditelů 1363, Velké Bílovice (www.velkebilovice.cz)
Občerstvení Na sklepě, Žerotínova 204, sklepy Belegrady"
"1668";"Dřevěný hřbitovní kostel Panny Marie v Broumově";"Česká Republika";"Turistická známka";"Církevní památky";"Náchod";"Královéhradecký kraj";"IC Broumovska, Mírové nám. 105, Broumov (http://www.broumov-mesto.cz/)
Dřevěný hřbit. kostel v Broumově - při prohlídce (http://www.klaster-broumov.cz)
Klášterní kavárna Café Dientzenhofer, Broumov (https://www.baroque.cz/cafe_dientzenhofer/)
Klášter Broumov – pokladna prohlídek (http://www.opatstvibroumov.cz/)"
"1669";"Pevnost Terezín";"Česká Republika";"Turistická známka";"Válečné památníky, Ohře";"Litoměřice";"Ústecký kraj";"Prodejna skla a suvenýrů Luba, parkoviště
Infocentrum Retranchement 5, Dukelských hrdinů 43, Terezín (www.terezin.cz)
Prodejna na památníku Terezín (https://www.pamatnik-terezin.cz/)"
"1670";"Hrad a zámek Dolní Kounice";"Česká Republika";"Turistická známka";"Hrady, Zámky";"Brno-venkov";"Jihomoravský kraj";"Hrad a zámek, Zámecká 1, Dolní Kounice (www.zamekkounice.cz)
TIC, Masarykovo nám. 66/2, Dolní Kounice (http://www.dolnikounice.cz/)"
"1671";"Trojmezí Čech - Bavorska - Saska";"Česká Republika";"Turistická známka";"Geografické body";"Cheb";"Karlovarský kraj";"Městský úřad Hranice (www.mestohranice.cz)
Informační centrum, Hlavní 23, Aš (https://www.info-as.cz/)"
"1672";"Muzeum na demarkační linii v Rokycanech";"Česká Republika";"Turistická známka";"Skanzeny a muzea, Válečné památníky";"Rokycany";"Plzeňský kraj";"Infocentrum, Masarykovo náměstí 1, Rokycany (rokycany.cz)
Muzeum na demarkační linii, Rokycany (http://www.bahna.eu/)"
"1673";"Botanická zahrada Teplice";"Česká Republika";"Turistická známka";"Zahrady a parky";"Teplice";"Ústecký kraj";"Informační centrum, Benešovo nám. 840, Teplice (http://www.teplice.cz/)
Botanická zahrada, Teplice (www.botanickateplice.cz)"
"1674";"Přírodní park Přebuz Krušné hory";"Česká Republika";"Turistická známka";"Přírodní útvary a místa, Pohoří, Krušné hory";"Sokolov";"Karlovarský kraj";"KIC, nám. T. G. Masaryka 1782, Kraslice (http://www.icka.cz/ic/kic-kraslice)
Městský úřad Přebuz (www.prebuz.cz)"
"1675";"Rozhledna Nedánov Boleradice";"Česká Republika";"Turistická známka";"Rozhledny a vyhlídky";"Břeclav";"Jihomoravský kraj";"Úřad městyse Boleradice (https://www.boleradice.cz/)
Restaurace Na Bařině, Boleradice 376 (www.boleradice.cz)"
"1676";"Podzámecká zahrada, Kroměříž";"Česká Republika";"Turistická známka";"Zahrady a parky";"Kroměříž";"Zlínský kraj";"Zámek Kromeříž - pokladna (https://www.zamek-kromeriz.cz/cs)
Infocentrum, Velké náměstí 115, Kroměříž (http://www.kromeriz.eu/)"
"1677";"Letecké muzeum Deštná";"Česká Republika";"Turistická známka";"Technické památky, Skanzeny a muzea";"Jindřichův Hradec";"Jihočeský kraj";"Letecké muzeum Deštná (https://www.destna.cz/muzea/letecke-muzeum-destna/)"
"1678";"Muzeum městské hromadné dopravy v Praze";"Česká Republika";"Turistická známka";"Skanzeny a muzea, Technické památky";"Praha";"Hlavní město Praha";"Muzeum MHD, vozovna Střešovice, Patočkova 4, Praha 6 (https://www.dpp.cz/zabava-a-zazitky/historie-dpp/muzeum-mhd#utm_source=mapy.cz&utm_medium=ppd&utm_campaign=firmy.cz-689776)"
"1679";"Javoří hory CHKO Broumovsko";"Česká Republika";"Turistická známka";"CHKO a rezervace, Přírodní útvary a místa, Pohoří, Broumovské mezihoří";"Náchod";"Královéhradecký kraj";"IC Broumovska, Mírové nám. 105, Broumov (http://www.broumov-mesto.cz/)
Knihkupectví - Papírnictví, Zámecká 21, Teplice nad Metují
Stánek u hotelu Lesní Zátiší, Adršpach (skalyadrspach.cz)"
"1680";"Návštěvnické centrum Becherovka - Karlovy Vary";"Česká Republika";"Turistická známka";"Skanzeny a muzea, Ohře";"Karlovy Vary";"Karlovarský kraj";"Jan Becher shop, Karlovy Vary (www.becherovka.cz)"
"1681";"Tanaberk - kostel sv. Anny";"Česká Republika";"Turistická známka";"Církevní památky";"Domažlice";"Plzeňský kraj";"Tanaberk - při akcích pořádaných sdružením (http://www.vseruby.info/spolky-sdruzeni/)
Úřad městyse Všeruby (http://www.vseruby.info/spolky-sdruzeni/)
Infocentrum, Nádražní 314, Kdyně (http://www.kdyne.cz/mesto/informace-o-meste/kulturni-zarizeni/)"
"1682";"Historická výstavní budova Slezského zemského muzea Opava";"Česká Republika";"Turistická známka";"Skanzeny a muzea";"Opava";"Moravskoslezský kraj";"Historická výstavní budova, Slezské zemské muzeum, Opava (http://www.szm.cz/)"
"1683";"Zámek Olešnice u Českých Budějovic";"Česká Republika";"Turistická známka";"Zámky";"České Budějovice";"Jihočeský kraj";"Obecní úřad Olešnice (http://www.olesnice-obec.cz/)
Hospoda na kopečku, Olešnice 226 (http://www.olesnice-obec.cz/)"
"1684";"Rozhledna Slunečná – Velké Pavlovice";"Česká Republika";"Turistická známka";"Rozhledny a vyhlídky";"Břeclav";"Jihomoravský kraj";"Infocentrum, Hlavní 6, Velké Pavlovice (http://www.velke-pavlovice.cz)
Knihovna, Velké Pavlovice
Občerstvení - areál Nad Zahradami - Rozhledna Slunečná, Velké Pavlovice
Vinařský penzion André, Velké Pavlovice, Pod Břehy 565/54 (www.penzion-andre.cz)"
"1685";"Sopka Komorní hůrka - Cheb";"Česká Republika";"Turistická známka";"Přírodní útvary a místa, Ohře";"Cheb";"Karlovarský kraj";"Infocentrum, Máchova 8/373, Františkovy Lázně (www.frantiskovy-lazne.info)
Recepce hotelu Komorní hůrka, Komorní Dvůr 45, Cheb (https://komornihurka.eu/)
Rezervace Soos - pokladna Muzeum (muzeum-frantiskovylazne.cz)"
"1686";"Park Boheminium Mariánské Lázně";"Česká Republika";"Turistická známka";"Lázně, Skanzeny a muzea, Volnočasové areály, Slavkovský les";"Cheb";"Karlovarský kraj";"Park Boheminium, Mariánské Lázně (www.boheminium.cz)
Infocentrum, Hlavní 47, Mariánské Lázně (marianskelazne.cz)
Stánky u Karolininy kolonády, Mariánské Lázně
Tabák Columbus,Hlavní 668, Mariánské Lázně"
"1687";"Zámek Křinec";"Česká Republika";"Turistická známka";"Zámky";"Nymburk";"Středočeský kraj";"Zámek Křinec (https://www.zamekkrinec.cz/)"
"1688";"Rozhledna Rumburak";"Česká Republika";"Turistická známka";"Rozhledny a vyhlídky";"Znojmo";"Jihomoravský kraj";"Infocentrum, Náměstí 47, Vranov nad Dyjí (http://www.navstivtevranovsko.cz/cs/)
Rozhledna Rumburak - Bítov (www.restaurantrumburak.cz)"
"1689";"Kaple Nejsvětější Trojice - Rosice";"Česká Republika";"Turistická známka";"Církevní památky";"Brno-venkov";"Jihomoravský kraj";"Informační centrum, Palackého nám. 45, Rosice (http://www.kic.rosice.cz/)"
"1690";"Jistebnice";"Česká Republika";"Turistická známka";"Historická města";"Tábor";"Jihočeský kraj";"Hostinec a penzion U Rezků (http://www.urezku.cz/)
Smíšená prodejna s cukrárnou, Jistebnice"
"1691";"Fort Radíkov č. 2";"Česká Republika";"Turistická známka";"Válečné památníky";"Olomouc";"Olomoucký kraj";"Fort Radíkov č. 2, Na pevnůstce (http://www.chataradikov.cz/)
Rekreační středisko CHATA POD VĚŽÍ (http://www.chataradikov.cz/)"
"1692";"Kolínská řepařská drážka";"Česká Republika";"Turistická známka";"Železnice, Technické památky";"Kolín";"Středočeský kraj";"Výdejna jízdenek - Kolín Sendražice (www.zeleznicka.bloudil.cz)"
"1693";"Pivovar Vysoký Chlumec";"Česká Republika";"Turistická známka";"Historické pivovary";"Příbram";"Středočeský kraj";"Infocentrum, Vysoký Chlumec 14 (https://www.vysokychlumec.eu/infocentrum/)"
"1694";"Protržená přehrada na Bílé Desné";"Česká Republika";"Turistická známka";"Technické památky, Pohoří, Jizerské hory";"Jablonec nad Nisou";"Liberecký kraj";"Bufet Na Protržený přehradě
Riedelova Vila, Krkonošská 120, Desná v Jizerských horách (https://mesto-desna.cz/)
Trafika, Josefův Důl č. 297 (u kostela) (www.trafikajosefuvdul.websnadno.cz)
Obecní úřad Albrechtice v Jizerských Horách č.p.226 (https://www.albrechtice-jh.cz/)
Infocentrum, Josefův Důl 210 (http://josefuvdul.eu/)"
"1695";"Libverdské vyhlídky";"Česká Republika";"Turistická známka";"Pohoří, Jizerské hory";"Liberec";"Liberecký kraj";"Kiosek - suvenýry na parkovišti Obří Sud, Lázně Libverda
Infocentrum, Lázně Libverda 17 (http://www.laznelibverda.cz/cs/volny-cas/turisticke-informace/informacni-centrum.html)
Infocentrum, Klášterní 87, Hejnice (https://www.mestohejnice.cz/)
Cukrárna u kostela, Klášterní, Hejnice (https://www.facebook.com/cukrarnaukostela/)
Turistické infocentrum, Nové Město pod Smrkem (http://infocentrum-nmps.cz/cz/)
Balustráda Restaurant & Café, Libverda (https://www.facebook.com/people/Cukr%C3%A1rna-Balustr%C3%A1da-L%C3%A1zn%C4%9B-Libverda/100093144398054/)
Turistické informační centrum Hejnice"
"1696";"Pivovar Jihlava";"Česká Republika";"Turistická známka";"Historické pivovary";"Jihlava";"Kraj Vysočina";"Pivovarská restaurace, Vrchlického 2, Jihlava (https://www.jihlava.cz/pivovarska-restaurace/os-43307)
TIC - Brána Jihlavy, Matky Boží 22, Jihlava (https://www.jihlava.cz/tic/)
TIC - Jihlava, Věžní 1, Jihlava (https://www.jihlava.cz/tic/)"
"1697";"Pěchotní srub MJ-S 3 Zahrada - Šatov";"Česká Republika";"Turistická známka";"Válečné památníky";"Znojmo";"Jihomoravský kraj";"Pěchotní srub MJ-S 3 Zahrada, Šatov (http://www.technicalmuseum.cz/)"
"1698";"Hauswaldská kaple - Srní";"Česká Republika";"Turistická známka";"Církevní památky";"Klatovy";"Plzeňský kraj";"Informační centrum, Srní 106 (sumava.net/srni)
Hotel Srní, Srní 117 (https://www.hotely-srni.cz/hotelysrni/default.asp)
Inf. středisko NP Šumava, Sušická 399, Kašperské Hory (https://www.npsumava.cz/navstivte-sumavu/navstevnicka-centra/informacni-stredisko-kasperske-hory/)
Penzion Mechovský dvorec, Srní 181 (http://www.sumava-mechov.cz/)"
"1699";"Bazilika Minor - Žďár nad Sázavou";"Česká Republika";"Turistická známka";"Církevní památky, Sázava";"Žďár nad Sázavou";"Kraj Vysočina";"Muzeum nové generace, Žďár nad Sázavou (http://www.zamekzdar.cz/muzeum-nove-generace/)
Hotel Tálský mlýn, Žďár nad Sázavou (https://www.talskymlyn.cz/)
Infocentrum, Havlíčkovo nám. 253/5, Žďár nad Sázavou (https://www.zdarns.cz/cestovni-ruch/informacni-centrum)
ČD centrum, Žďár nad Sázavou (http://www.ceskedrahy.cz/tiskove-centrum/fotogalerie/nadrazi/-1208/)"
"1700";"Chrám Chmele a Piva - Žatec";"Česká Republika";"Turistická známka";"Skanzeny a muzea, Technické památky, Ohře";"Louny";"Ústecký kraj";"Chmelařské muzeum, nám. Prokopa Velkého 1952, Žatec (http://www.chmelarskemuzeum.cz/)
IC Chrámu Chmele a Piva, nám. Prokopa Velkého 1951, Žatec (https://www.chchp.cz/)"
"1701";"Rozhledna Pastýřka Moravská Třebová";"Česká Republika";"Turistická známka";"Rozhledny a vyhlídky";"Svitavy";"Pardubický kraj";"Městské informační centrum, náměstí T. G. Masaryka 29 (https://ic.moravskatrebova.cz/)
Zámek Moravská Třebová (https://www.zamekmoravskatrebova.cz/)
Tabák - Tisk, náměstí 17, Moravská Třebová"
"1702";"Město Velké Meziříčí";"Česká Republika";"Turistická známka";"Historická města";"Žďár nad Sázavou";"Kraj Vysočina";"Infocentrum Velké Meziříčí, Radnická 29/1 (mestovm.cz)"
"1703";"Jánské kameny - Johannisstein";"Česká Republika";"Turistická známka";"Pohoří, Přírodní útvary a místa, Lužické hory";"Česká Lípa";"Liberecký kraj";"Prodej dočasně pozastaven
Návštěvnické centrum Turistických známek, Rýmařov (http://www.turisticke-znamky.cz/)"
"1704";"Rozhledna Velká Buková";"Česká Republika";"Turistická známka";"Rozhledny a vyhlídky";"Rakovník";"Středočeský kraj";"Rozhledna Velká Buková (velkabukova.cz)
Infocentrum CHKO, nám. Sv. Čecha 82, Křivoklát (http://www.is-krivoklat.cz/)"
"1705";"Štípa Mariánské poutní místo";"Česká Republika";"Turistická známka";"Církevní památky";"Zlín";"Zlínský kraj";"Farní úřad Štípa, Mariánské náměstí 57 (http://www.stipa.cz/)
Kostel Narození Panny Marie (http://www.stipa.cz/)"
"1706";"Rozhledna Hnědý vrch - Pec pod Sněžkou";"Česká Republika";"Turistická známka";"Rozhledny a vyhlídky";"Trutnov";"Královéhradecký kraj";"Infocentrum Veselý Výlet, Horní Maršov - Temný Důl 46 (http://www.veselyvylet.cz/)
Infocentrum Veselý Výlet, Hlavní ulice 196, Pec pod Sněžkou (http://www.veselyvylet.cz/cz/vv5.html)
Informační centrum Turista, Pec pod Sněžkou (http://turistapec.cz/)
Trafika KAČA Pec pod Sněžkou"
"1707";"Rozhledna Réna Ivančice";"Česká Republika";"Turistická známka";"Rozhledny a vyhlídky";"Brno-venkov";"Jihomoravský kraj";"Infocentrum, Palackého 9, Ivančice, (https://ivancice.colosseum.eu/)"
"1708";"Město Rumburk";"Česká Republika";"Turistická známka";"Historická města";"Děčín";"Ústecký kraj";"Infocentrum, Lužické nám. 103, Rumburk (https://ic.rumburk.cz/)"
"1709";"Lovecký zámeček Dvojhradí";"Česká Republika";"Turistická známka";"Zámky";"Teplice";"Ústecký kraj";"Lovecký zámeček Dvojhradí (http://www.zamecekdvojhradi.cz/)
Městské informační centrum - Dům porcelánu, Tovární 620/15a, Dubí (https://www.mesto-dubi.cz/turisticke-zajimavosti/dum-porcelanu-s-modrou-krvi#utm_source=mapy.cz)"
"1710";"Archeopark Netolice";"Česká Republika";"Turistická známka";"Archeo";"Prachatice";"Jihočeský kraj";"Muzeum JUDr. O. Kudrny, Mírové Nám. 248, Netolice (https://www.muzeumnetolice.cz/)
Zahradní stánek v zahrádkářské kolonii, parc. č. 1425/4"
"1711";"Město Fryšták";"Česká Republika";"Turistická známka";"Historická města";"Zlín";"Zlínský kraj";"Městská knihovna Fryšták (http://www.frystak.knihovna.cz/)
Dům Ignáce Stuchlého, Fryšták (http://frystak.sdb.cz/)"
"1712";"Pivovar a muzeum U Fleků Praha";"Česká Republika";"Turistická známka";"Historické pivovary";"Praha";"Hlavní město Praha";"Restaurace U Fleků, Křemencova 1651/11, Praha 1 (http://www.ufleku.cz/)"
"1713";"Rozhledna Císařský kámen";"Česká Republika";"Turistická známka";"Rozhledny a vyhlídky";"Jablonec nad Nisou";"Liberecký kraj";"Kiosek Milíře (http://www.cisarskykamen.cz/)
Infocentrum, Nad Školou 1675, Vratislavice (http://www.vratislavice101010.cz/)"
"1714";"Alexandrova rozhledna u Adamova";"Česká Republika";"Turistická známka";"Rozhledny a vyhlídky";"Blansko";"Jihomoravský kraj";"Městský úřad, Adamov (http://www.adamov.cz/)
Zámek Křtiny - infocentrum (https://www.zamek-krtiny.cz/)
Malá Nádražka Adamov (https://www.facebook.com/profile.php?id=61559940832954)"
"1715";"Národní památník na Vítkově, Praha";"Česká Republika";"Turistická známka";"Skanzeny a muzea, Památníky";"Praha";"Hlavní město Praha";"Národní památník na Vítkově (https://www.nm.cz/navstivte-nas/objekty/narodni-pamatnik-na-vitkove)
IC, Milešovská 846/1, Praha 3 (https://www.praha3.cz/urad/organizacni-struktura/odbor-vnejsich-vztahu-a-kultury/oddeleni-informacniho-centra/upominkove-a-darkove-predmety#g_1193044)
Národní památník na Vítkově - Café Vítkov (https://cafevitkov.cz/)"
"1716";"Mlýn u Veselých - Choteč";"Česká Republika";"Turistická známka";"Technické památky";"Praha-západ";"Středočeský kraj";"Mlýn u Veselých, Choteč 23 (http://www.mlyn-uveselych.cz/#)"
"1717";"Poutní místo Dřízna - Přepychy";"Česká Republika";"Turistická známka";"Církevní památky";"Rychnov nad Kněžnou";"Královéhradecký kraj";"Obecní úřad Přepychy (https://prepychy.cz/)
Restaurace Katka, Přepychy
Rozhledna Osičina
Obchod p. Karlíčková (https://prepychy.cz/)"
"1718";"Město Náchod";"Česká Republika";"Turistická známka";"Historická města";"Náchod";"Královéhradecký kraj";"Zámek Náchod (https://www.zamek-nachod.cz/cs)
Městské informační centrum, Masarykovo nám. 1, Náchod (https://mestonachod.cz/pro-turistu/infocentrum/)
Městské IC Malé lázně Běloves, U starých lázní 129, Náchod (https://mestonachod.cz/pro-turistu/infocentrum/)"
"1719";"Kolínská bouda - Pec pod Sněžkou";"Česká Republika";"Turistická známka";"Horské chaty a boudy, Pohoří, Krkonoše";"Trutnov";"Královéhradecký kraj";"Hotel Kolínská Bouda - recepce (http://www.kolinskabouda.cz/)"
"1720";"Rozhledna Vartovna - Seninka";"Česká Republika";"Turistická známka";"Rozhledny a vyhlídky";"Vsetín";"Zlínský kraj";"Rozhledna Vartovna, Seninka (https://www.seninka.cz/rozhledna-vartovna-2/)
Obecní úřad Seninka (http://seninka.cz/)
Obecní úřad Liptál (https://www.liptal.cz/index.php?page=historie&sub=obec)
Infocentrum, Masarykovo náměstí 1008, Vizovice (http://www.mestovizovice.cz/)"
"1721";"Milíkov - hrázděný statek";"Česká Republika";"Turistická známka";"Skanzeny a muzea, Pohoří, Slavkovský les";"Cheb";"Karlovarský kraj";"Obecní úřad Milíkov (https://www.milikov.cz/)"
"1722";"Moravské Kopanice";"Česká Republika";"Turistická známka";"CHKO a rezervace, Pohoří, Bílé Karpaty";"Uherské Hradiště";"Zlínský kraj";"Infocentrum Starý Hrozenkov (http://iskopanice.cz/)"
"1723";"Rožmitál na Šumavě";"Česká Republika";"Turistická známka";"Památná místa a obce, Pohoří, Šumava";"Český Krumlov";"Jihočeský kraj";"Obecní muzeum, Rožmitál na Šumavě (https://www.ikaplice.cz/vylety/muzeum-telegrafu-telefonu-a-radii_58.html)
Obecní Úřad Rožmitál na Šumavě (http://www.rozmitalnasumave.cz/)
Prodejna COOP, Rožmitál na Šumavě"
"1724";"Znojemské podzemí";"Česká Republika";"Turistická známka";"Technické památky";"Znojmo";"Jihomoravský kraj";"Znojemské podzemí, Slepičí trh 2, Znojmo (https://www.znojemskabeseda.cz/)
TIC, Obroková ulice 10, Znojmo (https://www.znojemskabeseda.cz/)
TIC - Jižní přístupová cesta, Hradní ulice, Znojmo (https://www.znojemskabeseda.cz/)
Radniční věž, Obroková ul., Znojmo (https://www.znojemskabeseda.cz/)"
"1725";"Dobrovická muzea";"Česká Republika";"Turistická známka";"Skanzeny a muzea";"Mladá Boleslav";"Středočeský kraj";"Dobrovická muzea (http://dobrovickamuzea.cz/)"
"1726";"Přírodní park Halštrov - Výhledy";"Česká Republika";"Turistická známka";"Přírodní útvary a místa, Stezky a trasy";"Cheb";"Karlovarský kraj";"Restaurace ""Kuželna"", Hazlov 454
Trafika Amon, Hazlov 323
Informační centrum, Hlavní 23, Aš (https://www.info-as.cz/)"
"1727";"Hasičské muzeum Přibyslav";"Česká Republika";"Turistická známka";"Skanzeny a muzea, Sázava";"Havlíčkův Brod";"Kraj Vysočina";"Hasičské muzeum, Husova 300, Přibyslav (http://www.chh.cz/)"
"1728";"Zámek Ratibořice";"Česká Republika";"Turistická známka";"Zámky";"Náchod";"Královéhradecký kraj";"Zámek Ratibořice (zamek-ratiborice.cz)
Kiosek U zámku
Suvenýry, Ratibořice 5 (https://www.sites.google.com/site/kniharstviuvasatujaromer/)
Ratibořické suvenýry - Dřeváci (www.fler.cz/drevaci)"
"1729";"Vodní pila Penikov";"Česká Republika";"Turistická známka";"Technické památky";"Jindřichův Hradec";"Jihočeský kraj";"Vodní pila Penikov, Stoječín 21 (http://pilapenikov.sweb.cz/)
Návštěvnické centrum Graselových stezek, Na potoku 629, Slavonice (http://www.zdrojslavonice.cz)"
"1730";"Zámek Holešov";"Česká Republika";"Turistická známka";"Zámky";"Kroměříž";"Zlínský kraj";"Infocentrum - zámek Holešov (http://www.holesov.cz/)"
"1731";"Zaječov - Augustiniánský klášter Svaté Dobrotivé";"Česká Republika";"Turistická známka";"Církevní památky";"Beroun";"Středočeský kraj";"Zámek Hořovice (http://www.zamek-horovice.cz/)
Informační centrum Hořovice, Palackého náměstí 2, Hořovice (http://www.mkc-horovice.cz/mkc-ic.html)"
"1732";"Obyčtov - Kostel Navštívení Panny Marie";"Česká Republika";"Turistická známka";"Církevní památky";"Žďár nad Sázavou";"Kraj Vysočina";"Obecní úřad Obyčtov
Kostel navštívení panny Marie v Obyčtově (obyctov.cz)
Prodejna COOP, Obyčtov (https://www.coopvelmez.cz/)
Pohostinství Obyčtov
Infocentrum, Havlíčkovo nám. 253/5, Žďár nad Sázavou (https://www.zdarns.cz/cestovni-ruch/informacni-centrum)
Restaurace Alvarez, Ostrov nad Oslavou (obyctov.cz)"
"1733";"Židlochovice - Akátová věž";"Česká Republika";"Turistická známka";"Rozhledny a vyhlídky";"Brno-venkov";"Jihomoravský kraj";"Regionální informační centrum, Masarykova 100, Židlochovice (http://zidlochovicko.cz/)"
"1734";"Nový zámek Kostelec nad Orlicí";"Česká Republika";"Turistická známka";"Zámky";"Rychnov nad Kněžnou";"Královéhradecký kraj";"Nový zámek Kostelec nad Orlicí, Komenského 1 (http://www.zamekkostelecno.cz/)
TIC, Palackého nám. 29, Kostelec nad Orlicí (https://www.rtic.cz/)"
"1735";"Šikmá věž - Český ráj";"Česká Republika";"Turistická známka";"Pohoří, Horské chaty a boudy, Český ráj";"Jičín";"Královéhradecký kraj";"Turistické centrum Český ráj, Prachov (www.prachovskeskaly.cz)
Hotel pod Šikmou věží, Horní Lochov 32 (https://www.hotel-podsikmouvezi.eu/)
Hlavní parkoviště Prachov"
"1736";"Měšťanský pivovar Havlíčkův Brod";"Česká Republika";"Turistická známka";"Historické pivovary, Sázava";"Havlíčkův Brod";"Kraj Vysočina";"Muzeum Vysočiny, Havlíčkovo nám. 48, Havlíčkův Brod (muzeumhb.cz)
Měšťanský pivovar Havlíčkův Brod - restaurace (http://www.hbrebel.cz/)"
"1737";"Strašidelný zámek Dolní Rožínka";"Česká Republika";"Turistická známka";"Zámky";"Žďár nad Sázavou";"Kraj Vysočina";"Strašidelný zámek Draxmoor - Dolní Rožínka (http://strasidelny-zamek.cz/)"
"1738";"Rozhledna na Sedle";"Česká Republika";"Turistická známka";"Rozhledny a vyhlídky";"Klatovy";"Plzeňský kraj";"Penzion pod Sedlem, Albrechtice (http://penzionpodsedlem.cz/)
Hospůdka U Zrcadla, Albrechtice 2
Penzion na Habeši (chalupa na samotě pod hradem Kašperkem) (http://penzionnahabesi.cz/)
Infocentrum, Poštovní 10, Sušice (https://www.mestosusice.cz/)
FRUXY - zdravá výživa, T. G. Masaryka 183, Sušice (http://www.fruxy.cz/)
Chata Svatobor, Sušice (https://www.rozhlednasvatobor.cz/)"
"1739";"Podkrušnohorské technické muzeum Most";"Česká Republika";"Turistická známka";"Skanzeny a muzea, Technické památky";"Most";"Ústecký kraj";"Podkrušnohorské technické muzeum, bývalý důl Julius III, Most-Kopisty (http://www.ptm.cz/)"
"1740";"Oblastní muzeum a galerie v Mostě";"Česká Republika";"Turistická známka";"Skanzeny a muzea";"Most";"Ústecký kraj";"Oblastní muzeum Most (http://www.muzeummost.cz)"
"1741";"Zoopark Radonice";"Česká Republika";"Turistická známka";"Zoologické zahrady";"Praha-východ";"Středočeský kraj";"Prodej dočasně pozastaven
Návštěvnické centrum Turistických známek, Rýmařov (http://www.turisticke-znamky.cz/)"
"1742";"Grafitový důl Český Krumlov";"Česká Republika";"Turistická známka";"Technické památky";"Český Krumlov";"Jihočeský kraj";"Unios tourist - zámek Český Krumlov(II. , III. a IV. zámecké nádvoří) (http://www.unios.cz/)
Infocentrum, náměstí Svornosti 2, Český Krumlov (http://www.ckrumlov.cz/)
Informační centrum - žel. stanice, Třída Míru 1, Český Krumlov (http://c-krumlov.cz/vylety/)"
"1743";"Rozhledna Keltské Valy - Stradonka";"Česká Republika";"Turistická známka";"Rozhledny a vyhlídky";"Louny";"Ústecký kraj";"RD Stradonice, č.p. 70 (http://www.stradonka.cz/)
Usedlost Za Dubem, Oldřichova 81, Peruc (http://www.peruczadubem.cz/)"
"1744";"Rozhledna Bára na Čertově skalce";"Česká Republika";"Turistická známka";"Rozhledny a vyhlídky";"Chrudim";"Pardubický kraj";"Rozhledna Bára, obslužný domek u rozhledny, Podhůra (http://lesychrudim.cz/rozhledna-bara-ii/o-rozhledne/)
Infocentrum, T. G. Masaryka 36, Slatiňany (http://infocentrum.slatinany.cz/)
Infocentrum, Resselovo náměstí 1, Chrudim (http://www.chrudimsky.navstevnik.cz/sluzby/informacni-centrum/)"
"1745";"Klášterní areál v Ostrově";"Česká Republika";"Turistická známka";"Církevní památky, Krušné hory";"Karlovy Vary";"Karlovarský kraj";"Klášterní areál Ostrov, Klášterní 141 (https://klaster-ostrov.webnode.cz/)"
"1746";"Rozhledna Božka - Přáslavice";"Česká Republika";"Turistická známka";"Rozhledny a vyhlídky";"Olomouc";"Olomoucký kraj";"Rozhledna Přáslavice (https://www.praslavice.com/rozhledna)
Obecní úřad, Přáslavice (https://www.praslavice.com/)"
"1747";"Rozhledna Kozí Hrádek";"Česká Republika";"Turistická známka";"Rozhledny a vyhlídky";"Břeclav";"Jihomoravský kraj";"Turistické informační centrum, Náměstí 1, Mikulov (http://www.mikulov.cz)"
"1748";"Kapucínská hrobka - Brno";"Česká Republika";"Turistická známka";"Církevní památky";"Brno-město";"Jihomoravský kraj";"Infocentrum POD KROKODÝLEM, Radnická 8, Brno (https://ticbrno.cz/informacni-centra/informacni-centrum-pod-krokodylem)
Kapucínská hrobka, Brno (http://www.kapucini.cz/)
IC Zámečnická, Zámečnická 90/2, Brno (https://ticbrno.cz/informacni-centra/informacni-centrum-to-je-brno)"
"1749";"Hrad Bradlec";"Česká Republika";"Turistická známka";"Hrady";"Semily";"Liberecký kraj";"Informační středisko, Husovo náměstí 44, Lomnice nad Popelkou (http://www.kislomnice.cz/)
Hrad Kumburk (http://www.kumburk.cz/)
Muzeum, Muzejní nám. 181, Železnice (http://muzeumzeleznice.webk.cz/)
Klenotnice a TIC Nová Paka, F.F. Procházky 70 (https://muzeum.cz/)"
"1750";"Labská přehrada - Špindlerův Mlýn";"Česká Republika";"Turistická známka";"Technické památky";"Trutnov";"Královéhradecký kraj";"Infocentrum Michlův Mlýn, Přední Labská 47, Špindlerův Mlýn (spindleruv-mlyn.cz)
TIC, Svatopetrská 173, Špindlerův Mlýn (https://www.mestospindleruvmlyn.cz/)
Infocentrum KRNAP, Špindlerův Mlýn 269 (https://www.krnap.cz/ic-spidleruv-mlyn/)
Infocentrum SPINDL.INFO, Špindlerův Mlýn 10 (https://www.spindleruv-mlyn.com/cz/)
Suvenýry - autobusové nádraží Špindlerův Mlýn
Suvenýry Vejnarová, Bedřichov 22"
"1751";"Veteran arena - muzeum historických automobilů Olomouc";"Česká Republika";"Turistická známka";"Skanzeny a muzea, Technické památky";"Olomouc";"Olomoucký kraj";"Muzeum historických automobilů, Olomouc (http://www.veteranarena.cz/)"
"1752";"Zřícenina hradu Freudenstein";"Česká Republika";"Turistická známka";"Hrady";"Bruntál";"Moravskoslezský kraj";"Pension Schaumannův Dvůr, Karlovice (https://schaumannuv-dvur.penzion.cz/)
Vzdělávací centrum VÍCE Ve mlýně Karlovice (http://actaea.cz/vzdelavaci-centrum-vice-ve-mlyne-karlovice/)"
"1753";"Farní muzeum Kondrac";"Česká Republika";"Turistická známka";"Skanzeny a muzea";"Benešov";"Středočeský kraj";"Muzeum Kondrac (http://www.farnimuzeum.cz/)
Obecní úřad Kondrac (http://www.kondrac.cz/)"
"1754";"Rozhledna Hamštejn - Český ráj";"Česká Republika";"Turistická známka";"Pohoří, Rozhledny a vyhlídky, Český ráj";"Jablonec nad Nisou";"Liberecký kraj";"Obecní úřad Koberovy (www.koberovy.cz)
Smíšené zboží Koberovy č.p.125 (www.koberovy.cz)"
"1755";"Hasičské muzeum města Ostravy";"Česká Republika";"Turistická známka";"Skanzeny a muzea";"Ostrava-město";"Moravskoslezský kraj";"Hasičské muzeum města Ostravy (http://www.hzsmsk.cz/index.php?ID=1719#)"
"1756";"Kamencové jezero u Chomutova";"Česká Republika";"Turistická známka";"Přírodní útvary a místa";"Chomutov";"Ústecký kraj";"Zoo Chomutov - suvenýry (http://www.zoopark.cz/)
Turistické infocentrum, náměstí 1. Máje 5885, Chomutov (http://www.chomutov-mesto.cz/)"
"1757";"Hradiště Hostivař, Praha";"Česká Republika";"Turistická známka";"Archeo";"Praha";"Hlavní město Praha";"Infocentrum Toulcův Dvůr, Kubatova 32/1, Praha 10 (http://www.toulcuvdvur.cz/)"
"1758";"Pradědova galerie U Halouzků";"Česká Republika";"Turistická známka";"Skanzeny a muzea";"Bruntál";"Moravskoslezský kraj";"Pradědova galerie u Halouzků, Jiříkov u hradu Sovince (https://pradedovagalerie.cz/)"
"1759";"Historický areál - Bouzov";"Česká Republika";"Turistická známka";"Skanzeny a muzea";"Olomouc";"Olomoucký kraj";"Historický areál Bouzov (http://galeriebouzov.webpark.cz/)"
"1760";"Dietrichsteinská hrobka Mikulov";"Česká Republika";"Turistická známka";"Církevní památky";"Břeclav";"Jihomoravský kraj";"Dietrichsteinská hrobka Mikulov (pokladna) (http://www.mikulov.cz/cz/)
Turistické informační centrum, Náměstí 1, Mikulov (http://www.mikulov.cz)"
"1761";"Dinopark Plzeň";"Česká Republika";"Turistická známka";"Volnočasové areály";"Plzeň-město";"Plzeňský kraj";"Dinopark Plzeň (http://www.dinopark.cz/)"
"1762";"Sklářské muzeum Nový Bor";"Česká Republika";"Turistická známka";"Skanzeny a muzea";"Česká Lípa";"Liberecký kraj";"Sklářské muzeum, nám. Míru 105, Nový Bor (http://www.glassmuseum.eu/)"
"1763";"Vesnické památkové zóny Rostěnice a Zvonovice";"Česká Republika";"Turistická známka";"Skanzeny a muzea";"Vyškov";"Jihomoravský kraj";"Turistické informační centrum Rostěnice (http://www.vetrnik-obce.cz/)"
"1764";"Šrámkův statek Piletice, Hradec Králové";"Česká Republika";"Turistická známka";"Skanzeny a muzea";"Hradec Králové";"Královéhradecký kraj";"Infocentrum Hradec Králové, Eliščino nábřeží 626 (www.hkinfo.cz)"
"1765";"Zámeček Rendez-vous";"Česká Republika";"Turistická známka";"Zámky, Lednicko-valtický areál";"Břeclav";"Jihomoravský kraj";"Rendez - vous (lovecký zámeček) u Valtic (https://www.zamek-valtice.cz/cs/informace-pro-navstevniky/prohlidkove-okruhy/6118-dianin-chram-rendez-vous)
Infocentrum, náměstí Svobody 4, Valtice (https://www.valtice.eu/)
Suvenýry ve Světě pohádek a strašidel, Valtice (https://svetpohadek.cz/)"
"1766";"Hřebečské důlní stezky";"Česká Republika";"Turistická známka";"Technické památky, Stezky a trasy";"Svitavy";"Pardubický kraj";"Městské informační centrum, náměstí T. G. Masaryka 29 (https://ic.moravskatrebova.cz/)
Zámek Moravská Třebová (https://www.zamekmoravskatrebova.cz/)
Tabák - Tisk, náměstí 17, Moravská Třebová"
"1767";"Arboretum Paseka";"Česká Republika";"Turistická známka";"Zahrady a parky";"Olomouc";"Olomoucký kraj";"Arboretum Paseka (http://arboretumpaseka.cz/)"
"1768";"Skalní obydlí Lhotka";"Česká Republika";"Turistická známka";"Přírodní útvary a místa";"Mělník";"Středočeský kraj";"Skalní obydlí Lhotka (http://www.lhotka.cz/lhotka.php)
Obecní úřad, Lhotka (http://www.lhotka.cz/lhotka.php)"
"1769";"Vodní mlýn Wesselsky";"Česká Republika";"Turistická známka";"Technické památky";"Nový Jičín";"Moravskoslezský kraj";"Vade Mecum Bohemiae s.r.o. Loučky 151 (http://www.vodnimlyn.cz/)"
"1770";"Muzeum betlémů Karlštejn";"Česká Republika";"Turistická známka";"Skanzeny a muzea, Berounka";"Beroun";"Středočeský kraj";"Muzeum Betlémů, Karlštejn 11 (http://www.muzeumbetlemu.cz/)"
"1771";"Poutní místo Strašín";"Česká Republika";"Turistická známka";"Církevní památky";"Klatovy";"Plzeňský kraj";"Obecní úřad Strašín (http://www.strasin.cz/)
Informační centrum Strašín č. 67"
"1772";"Horská chata Kozinec - Beskydy";"Česká Republika";"Turistická známka";"Horské chaty a boudy, Pohoří, Beskydy";"Frýdek-Místek";"Moravskoslezský kraj";"Horská chata Kozinec (kozinec.cz)"
"1773";"Berlova vápenka - Muzeum vápenictví, Třemošnice";"Česká Republika";"Turistická známka";"Technické památky";"Chrudim";"Pardubický kraj";"Berlova vápenka, Třemošnice (https://www.tremosnice.cz/)
Informační centrum města Třemošnice (https://ic.tremosnice.cz/)
Hrad Lichnice (http://www.tremosnice.cz/)"
"1774";"Zámek Prostějov";"Česká Republika";"Turistická známka";"Zámky";"Prostějov";"Olomoucký kraj";"Muzeum a galerie, náměstí T. G. Masaryka 2, Prostějov (http://www.muzeumpv.cz/)
Zámek Prostějov, Pernštýnské nám. 176/8 (www.zamekpv.cz)"
"1775";"GALERIE a muzeum M. D. Rettigové";"Česká Republika";"Turistická známka";"Skanzeny a muzea";"Beroun";"Středočeský kraj";"Galerie a muzeum M.D.Rettigové, Všeradice (https://www.vserad.cz/galerie-a-muzeum/)"
"1776";"Železniční muzeum Zlonice";"Česká Republika";"Turistická známka";"Železnice";"Kladno";"Středočeský kraj";"Expozice železničního muzea, Lisovice 7, Zlonice (http://zmzlonice.draha.net/)"
"1777";"Dinopark Ostrava";"Česká Republika";"Turistická známka";"Volnočasové areály";"Ostrava-město";"Moravskoslezský kraj";"Dinopark Ostrava, Doubrava (http://www.dinopark.cz/)"
"1778";"Katovická naučná stezka";"Česká Republika";"Turistická známka";"Stezky a trasy, Otava";"Strakonice";"Jihočeský kraj";"Restaurace u Vondrášků, Husovo nám. 53, Katovice (http://www.uvondrasku.cz/)
Kolářova knihovna, Katovice (http://www.katovice.cz/)
Obecní úřad Katovice (http://www.katovice.cz/)"
"1779";"Vojtěchovská rozhledna u Hlinska";"Česká Republika";"Turistická známka";"Rozhledny a vyhlídky";"Chrudim";"Pardubický kraj";"Vojtěchovská rozhledna (http://web.obecvojtechov.cz/)"
"1780";"Portmoneum - Museum Josefa Váchala, Litomyšl";"Česká Republika";"Turistická známka";"Skanzeny a muzea";"Svitavy";"Pardubický kraj";"Portmoneum- Museum Josefa Váchala, Litomyšl (https://portmoneum.cz/)"
"1781";"Hrad Pravda";"Česká Republika";"Turistická známka";"Hrady";"Louny";"Ústecký kraj";"Expozice Kounovské kamenné řady, Kounov 49 (https://www.obec-kounov.cz)
Obecní úřad, Kounov 44 (https://www.obec-kounov.cz/)
Obecní úřad Pnětluky (https://www.pnetluky.cz/)"
"1782";"Trojmezí Česko - Polsko - Slovensko";"Česká Republika";"Turistická známka";"Geografické body";"Frýdek-Místek";"Moravskoslezský kraj";"Hospoda u Mě - Trojmezí (https://www.facebook.com/Hospoda-U-M%C4%9B-Trojmez%C3%AD-1421674941472719/#utm_source=mapy.cz&utm_medium=ppd&utm_content=hledani&u)
Pohostinství U Sikory, Hrčava (https://mapy.cz/turisticka?x=18.8321896&y=49.5196150&z=17&source=firm&id=13145634)
Stará Jednota, Hrčava
Grunt na Trojmezí, Hrčava"
"1783";"Kittelovo muzeum na Krásné - Pěnčíně";"Česká Republika";"Turistická známka";"Skanzeny a muzea";"Jablonec nad Nisou";"Liberecký kraj";"Řemeslná dílna v areálu Pěnčín (www.farmapencin.cz)
Kittelovo muzeum na Krásné - Pěnčíně (http://kittel.cz/)"
"1784";"Prokopské údolí, Praha";"Česká Republika";"Turistická známka";"Přírodní útvary a místa, CHKO a rezervace";"Praha";"Hlavní město Praha";"Zámecká cukrárna, Slivenecká 77/1, Praha 5 - Hlubočepy (www.cukrarnahlubocepy.cz)"
"1785";"Medvědí stezka - Šumava";"Česká Republika";"Turistická známka";"Stezky a trasy, Přírodní útvary a místa, Šumava, Vltava";"Prachatice";"Jihočeský kraj";"Infocentrum, Nové Chalupy 41, Nová Pec (https://www.novapec.eu/)
Informační středisko NP Šumava, Stožec (https://www.npsumava.cz/navstivte-sumavu/navstevnicka-centra/informacni-stredisko-stozec/)
Občerstvení u Jirásků, Jelení 46, Nová Pec"
"1786";"Číhošť";"Česká Republika";"Turistická známka";"Geografické body, Památná místa a obce";"Havlíčkův Brod";"Kraj Vysočina";"Infocentrum, Husovo náměstí 60, Ledeč nad Sázavou (http://www.ledecsko.cz/)
Obecní úřad Číhošť (https://www.cihost.cz/)
Hrad Ledeč nad Sázavou (www.hrad-ledec.cz)"
"1787";"Valtické Podzemí";"Česká Republika";"Turistická známka";"Technické památky, Lednicko-valtický areál";"Břeclav";"Jihomoravský kraj";"Valtické Podzemí, Valtice (http://www.valtickepodzemi.cz/)"
"1788";"Minipivovar Český Krumlov";"Česká Republika";"Turistická známka";"Historické pivovary, Vltava";"Český Krumlov";"Jihočeský kraj";"Minipivovar Český Krumlov (http://www.pivovarceskykrumlov.cz/)"
"1789";"Město Litomyšl";"Česká Republika";"Turistická známka";"Historická města";"Svitavy";"Pardubický kraj";"Zámecké Infocentrum, Jiráskova 133, Litomyšl (http://www.ticlitomysl.cz/)
Infocentrum, Smetanovo náměstí 72, Litomyšl (http://www.ticlitomysl.cz/)
Rodný byt Bedřicha Smetany, Jiráskova 133, Litomyšl (http://rml.cz/)"
"1790";"Katedrála sv. Štěpána, Litoměřice";"Česká Republika";"Turistická známka";"Církevní památky, Ohře";"Litoměřice";"Ústecký kraj";"Věž katedrály sv. Štěpána (duben- říjen), Litoměřice (http://www.dltm.cz/)
Biskupská kurie (recepce), Litoměřice (http://www.dltm.cz/)
Městské informační centrum, Mírové náměstí, Litoměřice (https://www.litomerice.cz/)"
"1791";"Vrch Třemšín";"Česká Republika";"Turistická známka";"Přírodní útvary a místa";"Příbram";"Středočeský kraj";"Centrum celoživotního vzdělávání, Palackého 9, Rožmitál pod Třemšínem (http://icentrum.tremsinsko.cz/)
Podbrdské muzeum, Rožmitál pod Třemšínem (https://www.podbrdskemuzeum.cz/)
Restaurace Romance, Rybova 30, Rožmitál pod Třemšínem (https://www.facebook.com/j.jurgis.newromance#utm_source=mapy.cz&utm_medium=ppd&utm_content=hledani&utm_term=Restaurace%20Romance%2)
Obecní úřad Hvožďany (http://www.rozmitalptr.cz/)"
"1792";"Skanzen Chanovice";"Česká Republika";"Turistická známka";"Skanzeny a muzea";"Klatovy";"Plzeňský kraj";"Skanzen Chanovice (http://www.chanovice.cz/index.php?page=572&id=5242&lang=cz&task=on)"
"1793";"Skalní útvar Viklan v lesích za Žihlí";"Česká Republika";"Turistická známka";"Přírodní útvary a místa";"Plzeň-sever";"Plzeňský kraj";"Obecní úřad Žihle (http://www.obec-zihle.cz/)"
"1794";"Košíkářské muzeum Morkovice - Slížany";"Česká Republika";"Turistická známka";"Skanzeny a muzea";"Kroměříž";"Zlínský kraj";"Košíkářské muzeum, Morkovice (https://muzeummorkovice.webk.cz/)"
"1795";"Muzeum Keltů Dobšice";"Česká Republika";"Turistická známka";"Skanzeny a muzea";"Nymburk";"Středočeský kraj";"Muzeum keltů v Dobšicích (http://www.obec-dobsice.cz/muzeum-keltu/gs-1008)"
"1796";"Barokní lékárna U Bílého jednorožce Klatovy";"Česká Republika";"Turistická známka";"Skanzeny a muzea";"Klatovy";"Plzeňský kraj";"Informační centrum, Vídeňská 66, Klatovy (https://www.klatovy.cz/icklatovy/)
Barokní lékárna u Bílého Jednorožce, Klatovy (http://www.muzeum.klatovynet.cz/)"
"1797";"Rozhledna Chanovice";"Česká Republika";"Turistická známka";"Rozhledny a vyhlídky";"Klatovy";"Plzeňský kraj";"Rozhledna Chanovice
Zámek Chanovice - infocentrum (https://www.chanovice.cz/)"
"1798";"Svatomikulášská městská zvonice, Praha";"Česká Republika";"Turistická známka";"Církevní památky, Rozhledny a vyhlídky";"Praha";"Hlavní město Praha";"Prague tourist information, Mostecká 4, Praha 1 (prague-information.eu/)"
"1799";"Praha - Staroměstská radnice";"Česká Republika";"Turistická známka";"Památníky, Rozhledny a vyhlídky, Skanzeny a muzea";"Praha";"Hlavní město Praha";"Staroměstská radnice, Praha (https://www.praguecitytourism.cz/en)
TIC Středočeské centrály cest. ruchu, Husova 156/21, Praha 1 (https://www.centralbohemia.cz/)"
"1800";"Karlův most - Praha";"Česká Republika";"Turistická známka";"Památná místa a obce, Technické památky, Vltava";"Praha";"Hlavní město Praha";"Muzeum Karlova mostu, Křížovnícké nám. 3, Praha 1 (http://www.muzeumkarlovamostu.cz/)
Staroměstská mostecká věž, Praha (http://www.muzeumprahy.cz/)
Prague tourist information, Mostecká 4, Praha 1 (prague-information.eu/)
TIC Středočeské centrály cest. ruchu, Husova 156/21, Praha 1 (https://www.centralbohemia.cz/)"
"1801";"Zámek Choceň";"Česká Republika";"Turistická známka";"Zámky";"Ústí nad Orlicí";"Pardubický kraj";"Orlické muzeum, Pernerova 1, Choceň (https://www.orlickemuzeum.cz/)
Infocentrum, Tyršovo náměstí 301, Choceň (http://www.chocen-mesto.cz/)"
"1802";"Zámek Stekník";"Česká Republika";"Turistická známka";"Zámky, Ohře";"Louny";"Ústecký kraj";"Státní zámek Stekník (http://www.zamek-steknik.cz/)"
"1803";"Hrad Kurovice";"Česká Republika";"Turistická známka";"Hrady";"Kroměříž";"Zlínský kraj";"Hrad Kurovice (http://www.kurovice.info/index.php)
Potraviny Kurovice
Obecní úřad, Kurovice 68 (https://www.kurovice.cz/)"
"1804";"Mosty u Jablunkova";"Česká Republika";"Turistická známka";"CHKO a rezervace, Památná místa a obce, Pohoří, Beskydy";"Frýdek-Místek";"Moravskoslezský kraj";"Gorolské informační centrum, Mosty u Jablunkova 381 (https://www.gotic.cz/cs/)"
"1805";"Národní kulturní památník Ploština";"Česká Republika";"Turistická známka";"Památníky";"Zlín";"Zlínský kraj";"Horský bufet Ploština"
"1806";"Areál Žireč u Dvora Králové";"Česká Republika";"Turistická známka";"Zámky";"Trutnov";"Královéhradecký kraj";"Cyklomuzeum Areál Žireč (https://www.arealzirec.cz/)"
"1807";"Město Rychnov nad Kněžnou";"Česká Republika";"Turistická známka";"Historická města";"Rychnov nad Kněžnou";"Královéhradecký kraj";"Infocentrum, Staré náměstí 68, Rychnov nad Kněžnou (https://www.rychnovsko.info/)
Zámek Rychnov nad Kněžnou (kolowrat.com)"
"1808";"Město Vejprty";"Česká Republika";"Turistická známka";"Historická města";"Chomutov";"Ústecký kraj";"Infocentrum Vejprty, náměstí T. G. Masaryka 1242 (vejprty.cz)"
"1809";"Muzeum J. A. Komenského Uherský Brod";"Česká Republika";"Turistická známka";"Skanzeny a muzea";"Uherské Hradiště";"Zlínský kraj";"Městské informační centrum Uherský Brod (https://www.ub.cz/)
Muzeum J. A. Komenského, Přemysla Otakara II. 36, Uherský Brod (https://www.mjakub.cz/)"
"1810";"Rozhledna Anna, Orlické hory";"Česká Republika";"Turistická známka";"Rozhledny a vyhlídky";"Rychnov nad Kněžnou";"Královéhradecký kraj";"Prodejna Suvenýr, Deštné v Orlických horách 374
Muzeum - pevnost Hanička (http://www.hanicka.cz/)
Kouzelný dětský obchůdek, nám.T.G.Masaryka 68, Rokytnice v O.h."
"1811";"Labyrint Divadla Drak, Hradec Králové";"Česká Republika";"Turistická známka";"Skanzeny a muzea, Volnočasové areály";"Hradec Králové";"Královéhradecký kraj";"Labyrint Divadla Drak, Hradební 632/1, Hradec Králové (http://www.draktheatre.cz/)"
"1812";"Mlýn Dřevíček u Stárkova";"Česká Republika";"Turistická známka";"Technické památky";"Náchod";"Královéhradecký kraj";"Mlýn Dřevíček (http://www.mlyndrevicek.cz)"
"1813";"Automuzeum Praga, Zbuzany";"Česká Republika";"Turistická známka";"Skanzeny a muzea, Technické památky";"Praha-západ";"Středočeský kraj";"Prodej dočasně pozastaven
Návštěvnické centrum Turistických známek, Rýmařov (http://www.turisticke-znamky.cz/)"
"1814";"Frýdlant nad Ostravicí";"Česká Republika";"Turistická známka";"Historická města";"Frýdek-Místek";"Moravskoslezský kraj";"TIC, Hlavní 1755, Frýdlant nad Ostravicí (http://www.ticfno.cz/)
Krámek u Píšťalky, Poštovní 327, Frýdlant nad Ostravicí (https://www.kuliskuvsvet.cz/)"
"1815";"Bazilika Navštívení Panny Marie ve Frýdku Místku";"Česká Republika";"Turistická známka";"Církevní památky";"Frýdek-Místek";"Moravskoslezský kraj";"TIC, Zámecké náměstí 1257, Frýdek-Místek (https://visitfm.cz/)
TIC, Náměstí Svobody 6, Frýdek-Místek (https://visitfm.cz/)
ČD centrum, Frýdek Místek (http://www.cd.cz/)"
"1816";"Měnínská brána - Brno";"Česká Republika";"Turistická známka";"Skanzeny a muzea";"Brno-město";"Jihomoravský kraj";"Špilberk - prodejna suvenýrů (http://www.spilberk.cz/)
Infocentrum POD KROKODÝLEM, Radnická 8, Brno (https://ticbrno.cz/informacni-centra/informacni-centrum-pod-krokodylem)
IC Zámečnická, Zámečnická 90/2, Brno (https://ticbrno.cz/informacni-centra/informacni-centrum-to-je-brno)"
"1817";"Buková hora, Orlické hory";"Česká Republika";"Turistická známka";"Pohoří, Přírodní útvary a místa, Stezky a trasy, Ski areály, Orlické hory";"Ústí nad Orlicí";"Pardubický kraj";"Infocentrum, Červenovodské Sedlo (www.orlicko.cz)
Skipark, Buková hora (Červená voda), (zima-denně, léto-víkendy a svátky) (www.skiparkcervenavoda.cz)
Obecní úřad Čenkovice (https://www.obeccenkovice.cz/)"
"1818";"Město Otrokovice";"Česká Republika";"Turistická známka";"Technické památky, Historické budovy a stavby, Historická města";"Zlín";"Zlínský kraj";"Přístaviště - TIC, K. Čapka, Otrokovice (http://tic-otrokovice.cz/)
TIC, nám. 3. května 1302, Otrokovice (http://tic-otrokovice.cz/)"
"1819";"Národní technické muzeum Praha";"Česká Republika";"Turistická známka";"Skanzeny a muzea, Technické památky";"Praha";"Hlavní město Praha";"Národní technické muzeum Praha, Kostelní 42 (www.ntm.cz)"
"1820";"Keltské opidum Třísov";"Česká Republika";"Turistická známka";"Archeo, Vltava";"Český Krumlov";"Jihočeský kraj";"Zřícenina hradu Dívčí Kámen (http://www.divcikamen.cz/)
Restaurace Hamr Dívčí Kámen, Třísov 59 (http://www.hamrdivcikamen.cz/)"
"1821";"Expozice požární ochrany Zbiroh";"Česká Republika";"Turistická známka";"Skanzeny a muzea";"Rokycany";"Plzeňský kraj";"Infocentrum Zbirožsko, Masarykovo nám. 624, Zbiroh (www.zbiroh.cz)"
"1822";"Arcibiskupský palác Olomouc";"Česká Republika";"Turistická známka";"Církevní památky";"Olomouc";"Olomoucký kraj";"Arcibiskupský palác - pokladna (www.ado.cz)"
"1823";"Vinice Šobes, NP Podyjí";"Česká Republika";"Turistická známka";"Přírodní útvary a místa, CHKO a rezervace";"Znojmo";"Jihomoravský kraj";"Infocentrum, Náměstí 47, Vranov nad Dyjí (http://www.navstivtevranovsko.cz/cs/)
Znovín Znojmo, vinice Šobes - Podmolí - ochutnávkový stánek (www.znovin.cz)
Hotel Happy Star, Hnanice 111 (https://www.hotelhappystar.cz/)
Hotel Vinice Hnanice (http://www.vinice-hnanice.cz/)"
"1824";"Synagoga Břeclav";"Česká Republika";"Turistická známka";"Církevní památky";"Břeclav";"Jihomoravský kraj";"Turistické informační centrum, U Tržiště 8, Břeclav (http://breclav.eu/kultura-a-volny-cas/oteviraci-doba-a-kontakty)
ČD Centrum Břeclav (http://www.ceskedrahy.cz/tiskove-centrum/fotogalerie/nadrazi/-1208/)"
"1825";"Bobří soutěska s vodopády, Verneřice";"Česká Republika";"Turistická známka";"Přírodní útvary a místa, Pohoří, České středohoří";"Děčín";"Ústecký kraj";"Obecní úřad, Mírové náměstí 138, Verneřice (https://vernerice.cz/)
Infocentrum, Úštěcká 53, Kravaře (https://www.kravarecl.cz/)"
"1826";"Město Třinec";"Česká Republika";"Turistická známka";"Historická města";"Frýdek-Místek";"Moravskoslezský kraj";"Městské informační centrum, Lidická 541, Třinec (www.info-trinec.cz)"
"1827";"Muzeum historických kočárů v Čechách pod Kosířem";"Česká Republika";"Turistická známka";"Skanzeny a muzea";"Prostějov";"Olomoucký kraj";"Muzeum historických kočárů, Čechy pod Kosířem (www.historickekocary.cz)"
"1828";"Rozhledna Bohdanka u Bohdanče";"Česká Republika";"Turistická známka";"Rozhledny a vyhlídky";"Kutná Hora";"Středočeský kraj";"Rozhledna Bohdanka (www.obecbohdanec.cz)"
"1829";"Benešov nad Černou - Brána do Novohradských hor";"Česká Republika";"Turistická známka";"Pohoří, Stezky a trasy, Památná místa a obce, Novohradské hory";"Český Krumlov";"Jihočeský kraj";"Obecní knihovna - Infocentrum (http://www.infocentrumbenesovnc.cz/)"
"1830";"Přírodní rezervace Skály";"Česká Republika";"Turistická známka";"Přírodní útvary a místa, Stezky a trasy, CHKO a rezervace";"Blansko";"Jihomoravský kraj";"Informační centrum Suchý (http://www.obecsuchy.cz/)"
"1831";"Muzeum zemědělské techniky Čáslav";"Česká Republika";"Turistická známka";"Skanzeny a muzea, Technické památky";"Kutná Hora";"Středočeský kraj";"Infocentrum, náměstí J. Žižky 197, Čáslav (http://muzeumcaslav.cz/)
Muzeum zemědělské techniky v Čáslavi, Jeníkovská 1762 (www.nzm.cz)"
"1832";"Zoopark Zájezd";"Česká Republika";"Turistická známka";"Zoologické zahrady";"Kladno";"Středočeský kraj";"Zoopark Zájezd - stánek u hl.vchodu (www.zoopark-zajezd.cz)"
"1833";"Labyrintárium Loučeň";"Česká Republika";"Turistická známka";"Zahrady a parky";"Nymburk";"Středočeský kraj";"Labyrintárium, Loučeň (http://www.zamekloucen.cz/)
Infocentrum Zámek Loučeň (http://www.zamekloucen.cz/)"
"1834";"Rychlebské stezky";"Česká Republika";"Turistická známka";"Stezky a trasy, Pohoří, Rychlebské hory";"Jeseník";"Olomoucký kraj";"Infocentrum Rychlebských stezek - základna, Černá Voda (http://www.rychlebskestezky.cz/cs/)"
"1835";"Zámek Hrádek - Muzeum Františka Pravdy";"Česká Republika";"Turistická známka";"Zámky";"Klatovy";"Plzeňský kraj";"Recepce zámku Hrádek (www.zamekhradek.cz)"
"1836";"Kostel sv. Jiří, Loučná Hora";"Česká Republika";"Turistická známka";"Církevní památky";"Hradec Králové";"Královéhradecký kraj";"Kostel sv. Jiří, Loučná Hora (při prohlídce)
Statek u Matyášů, Loučná Hora 40 (https://www.stavitelstvimatyas.cz/)"
"1837";"Muzeum Eduarda Štorcha - Lobeč";"Česká Republika";"Turistická známka";"Skanzeny a muzea";"Mělník";"Středočeský kraj";"Muzeum Eduarda Štorcha, Lobeč (www.obeclobec.cz)"
"1838";"Brno Židovské";"Česká Republika";"Turistická známka";"Skanzeny a muzea";"Brno-město";"Jihomoravský kraj";"Židovský hřbitov- infocentrum
IC Zámečnická, Zámečnická 90/2, Brno (https://ticbrno.cz/informacni-centra/informacni-centrum-to-je-brno)
Infocentrum POD KROKODÝLEM, Radnická 8, Brno (https://ticbrno.cz/informacni-centra/informacni-centrum-pod-krokodylem)
Penzion u Doležalů, Buzkova 44, Brno (http://www.udolezalu.cz/)"
"1839";"Rozhledna Chocholík u Drnovic";"Česká Republika";"Turistická známka";"Rozhledny a vyhlídky";"Vyškov";"Jihomoravský kraj";"Obecní úřad, Drnovice (http://www.oudrnovice.cz/)
Restaurace Sport, Drnovice (https://restauracesport.cz/)
Infocentrum, Masarykovo náměstí 1, Vyškov (https://www.ticvyskov.cz/)"
"1840";"Tvrz Třebotov";"Česká Republika";"Turistická známka";"Historické budovy a stavby";"Praha-západ";"Středočeský kraj";"Prodej dočasně pozastaven
Návštěvnické centrum Turistických známek, Rýmařov (http://www.turisticke-znamky.cz/)"
"1841";"Vedrovice - větrné kolo";"Česká Republika";"Turistická známka";"Technické památky";"Znojmo";"Jihomoravský kraj";"Muzeum a informační centrum, Vedrovice (www.vedrovice.cz)"
"1842";"Vysoký Kámen - Česká Kanada";"Česká Republika";"Turistická známka";"Přírodní útvary a místa";"Jindřichův Hradec";"Jihočeský kraj";"Infocentrum, Palackého náměstí 1, Dačice (http://www.dacice.cz)
Kavárna Kafíčko, Kunžak 93 (https://www.facebook.com/kafickokunzak/)"
"1843";"Špejchar Ve Dvoře, Spálené Poříčí";"Česká Republika";"Turistická známka";"Skanzeny a muzea";"Plzeň-jih";"Plzeňský kraj";"Infocentrum, nám.Svobody 138, Spálené Poříčí (http://www.spaleneporici.cz/)"
"1844";"Tvrz Cuknštejn";"Česká Republika";"Turistická známka";"Hrady";"České Budějovice";"Jihočeský kraj";"Prodejna suvenýrů - Nové Hrady (https://rillich.cz/)
KIC, náměstí Republiky 46, Nové Hrady (http://www.kicnovehrady.cz/)
Infocentrum, Horní Stropnice 68 (http://www.horni-stropnice.cz/)"
"1845";"Brněnské podzemí";"Česká Republika";"Turistická známka";"Technické památky";"Brno-město";"Jihomoravský kraj";"Labyrint pod Zelným trhem. Brno (http://www.ticbrno.cz/)"
"1846";"Bauerova vila Libodřice";"Česká Republika";"Turistická známka";"Historické budovy a stavby";"Kolín";"Středočeský kraj";"Bauerova vila, Libodřice"
"1847";"Chrám Nanebevzetí Panny Marie Sedlec- Kutná Hora";"Česká Republika";"Turistická známka";"Církevní památky";"Kutná Hora";"Středočeský kraj";"Katedrála Nanebevzetí Panny Marie, Sedlec - Kutná Hora (https://www.santini.cz/cz/stredocesky-kraj/sedlec-u-kutne-hory)
Informační centrum, Zámecká 279, Kutná Hora - Sedlec (https://www.sedlec.info/)
Souvenirs Mania, Palackého nám. 93, Kutná Hora
Suvenýry z Kutné Hory, Zámecká ulice, Kutná Hora-Sedlec (https://giva.cz/suvenyry-z-kutne-hory/)"
"1848";"Zoologická zahrada Dvorec";"Česká Republika";"Turistická známka";"Zoologické zahrady";"České Budějovice";"Jihočeský kraj";"Zoologická zahrada Dvorec (http://www.zoodvorec.cz/)"
"1849";"Špitální kostel Jáchymov";"Česká Republika";"Turistická známka";"Církevní památky, Krušné hory";"Karlovy Vary";"Karlovarský kraj";"Špitální kostel, Jáchymov (http://www.mestojachymov.cz/spitalni-kostel/d-2728)
Informační centrum, nám. Republiky 1, Jáchymov (https://www.mestojachymov.cz/volny-cas/informacni-a-kulturni-centrum/)"
"1850";"Luka nad Jihlavou";"Česká Republika";"Turistická známka";"Památná místa a obce";"Jihlava";"Kraj Vysočina";"Úřad městyse Luka nad Jihlavou, 1. Máje 76 (www.lukanadjihlavou.cz)
Muzeum Luka nad Jihlavou, Školní 20 (www.lukanadjihlavou.cz)"
"1851";"Muzeum města Ústí nad Labem";"Česká Republika";"Turistická známka";"Skanzeny a muzea";"Ústí nad Labem";"Ústecký kraj";"Muzeum města Ústí nad Labem, Masarykova 3 (http://www.muzeumusti.cz/)"
"1852";"Kostel sv. Jakuba a Filipa na Chvojně u Konopiště";"Česká Republika";"Turistická známka";"Církevní památky";"Benešov";"Středočeský kraj";"Muzeum motocyklů Konopiště (hlavolamy.cz)
Parkoviště Konopiště - Ferdinand bar
Snack bar na parkovišti, Konopiště (https://www.facebook.com/cafekonopiste/photos/a.1746045005608633/2820837634796026/)
Turistické informační centrum Benešov (http://www.kicbenesov.cz)"
"1853";"Podzemí Rabštejn - Janská";"Česká Republika";"Turistická známka";"Technické památky";"Děčín";"Ústecký kraj";"Informační centrum, nám. Míru 122, Česká Kamenice (https://ceska-kamenice.cz/turista/)
Infocentrum, Srbská Kamenice 224 (www.srbskakamenice.cz)
Expozice - OSR Rabštejn - Janská 108 (http://www.podzemirabstejn.cz/)"
"1854";"Jurkovičova vila - Brno";"Česká Republika";"Turistická známka";"Historické budovy a stavby";"Brno-město";"Jihomoravský kraj";"Infocentrum POD KROKODÝLEM, Radnická 8, Brno (https://ticbrno.cz/informacni-centra/informacni-centrum-pod-krokodylem)
Jurkovičova vila, Jana Nečase 2- Brno (moravska-galerie.cz)
IC Zámečnická, Zámečnická 90/2, Brno (https://ticbrno.cz/informacni-centra/informacni-centrum-to-je-brno)"
"1855";"Lázně Mšené";"Česká Republika";"Turistická známka";"Lázně";"Litoměřice";"Ústecký kraj";"Lázně Mšené - kiosek, suvenýry (http://www.msene.cz)"
"1856";"Neumětely u Berouna";"Česká Republika";"Turistická známka";"Památná místa a obce";"Beroun";"Středočeský kraj";"Obecní úřad, Neumětely (http://www.obec-neumetely.cz/)"
"1857";"Dolní Bousov";"Česká Republika";"Turistická známka";"Historická města";"Mladá Boleslav";"Středočeský kraj";"Městská knihovna a infocentrum, Dolní Bousov (http://www.infocentrum.dolnibousov.cz/)"
"1858";"Město Frýdlant";"Česká Republika";"Turistická známka";"Historická města";"Liberec";"Liberecký kraj";"Městské informační centrum, Frýdlant (http://www.ticfno.cz/)"
"1859";"Zámeček Pohansko u Břeclavi";"Česká Republika";"Turistická známka";"Zámky, Lednicko-valtický areál";"Břeclav";"Jihomoravský kraj";"Zámeček Pohansko (https://www.muzeumbv.cz/zamecek-pohansko)
Turistické informační centrum, U Tržiště 8, Břeclav (http://breclav.eu/kultura-a-volny-cas/oteviraci-doba-a-kontakty)"
"1860";"Rozhledna Jeřabina u Litvínova";"Česká Republika";"Turistická známka";"Rozhledny a vyhlídky";"Most";"Ústecký kraj";"Hotel Emerán, Klíny (kliny.cz)
Informační turistické centrum, Zámek Valdštejnů, Mostecká 1, Litvínov (www.facebook.com/info.Litvinov)"
"1861";"Četnické muzeum Habartov";"Česká Republika";"Turistická známka";"Skanzeny a muzea";"Sokolov";"Karlovarský kraj";"Muzeum a městská knihovna Habartov (http://muzeum-habartov.eu/)"
"1862";"Poutní kostel Provodov u Zlína";"Česká Republika";"Turistická známka";"Církevní památky";"Zlín";"Zlínský kraj";"Kostel Provodov
Hospoda na Maleniskách, Provodov 198 (https://www.malenisko.cz/?page=clanek&clanek=obcerstveni)
Obecní úřad, Provodov (http://www.provodov.cz/)"
"1863";"Rozhledna na Skřivánčím vrchu - Málkov";"Česká Republika";"Turistická známka";"Rozhledny a vyhlídky";"Chomutov";"Ústecký kraj";"Obecní úřad, Málkov (http://www.malkov.cz/)
Rastaurace na Radnici, Málkov (http://www.malkov.cz/)"
"1864";"Lázně Toušeň";"Česká Republika";"Turistická známka";"Lázně";"Praha-východ";"Středočeský kraj";"Úřad městyse Lázně Toušeň, Hlavní 56 (http://www.laznetousen.cz/)
Slatinné Lázně Toušeň (http://www.laznetousen.cz/)
Česká pošta Lázně Toušeň (http://www.laznetousen.cz/)"
"1865";"Slapská přehrada";"Česká Republika";"Turistická známka";"Technické památky, Lodní doprava, Vltava";"Praha-západ";"Středočeský kraj";"Lesní tábořiště Nebřich (http://www.lesnitaboriste.cz/)
Informační centrum, Náměstí J. Heřmana 333, Neveklov (http://www.neveklov.cz/)
Restaurace V Proudech, Třebenice 11
Chotilské muzeum střední Vltavy a balónového létání (https://www.chotilskemuzeum.cz/)
Restaurace u Melíšků, Jablonná 74 (https://www.umelisku.cz/inpage/uvod/)
Obchůdek Zvonek, Štěchovice (http://obchudekzvonek.webmium.com/)
Apartmány Vyhlídka Slapy (http://www.slapy-vyhlidka.cz/)"
"1866";"Hrad Valdek";"Česká Republika";"Turistická známka";"Hrady";"Beroun";"Středočeský kraj";"Státní zámek Hořovice (http://www.zamek-horovice.cz/)
Muzeum Středních Brd, Strašice (http://www.muzeumstrasice.eu/)
Informační centrum Vrbovská, Hořovice (https://mkc-horovice.cz/)
Hrad Valdek - v době konání akce"
"1867";"Chata Studeničné";"Česká Republika";"Turistická známka";"Pohoří, Horské chaty a boudy, Beskydy";"Frýdek-Místek";"Moravskoslezský kraj";"Chata Studeničné, Mosty u Jablunkova 88 (http://www.chatastudenicne.cz/)"
"1868";"Městská šatlava - muzeum vězeňství Uničov";"Česká Republika";"Turistická známka";"Skanzeny a muzea";"Olomouc";"Olomoucký kraj";"Infocentrum, Masarykovo nám. 29, Uničov (http://www.mkzunicov.cz/mestske-informacni-centrum/)"
"1869";"Město Dašice";"Česká Republika";"Turistická známka";"Historická města";"Pardubice";"Pardubický kraj";"Dašické sklepy, Pivovar Dašice (http://dasickesklepy.cz/)"
"1870";"Hrad Roimund";"Česká Republika";"Turistická známka";"Hrady";"Liberec";"Liberecký kraj";"Infocentrum, náměstí 1. Máje, Chrastava (http://www.chrastava.cz/kultura/cesky/infocentrum.htm)
Hotel Jítravský Dvorec, Jitrava u Rynoltic 70 (http://www.jitrava.cz/)
Ranč v Údolí, Kryštofovo údolí 7 (http://www.rancvudoli.eu/)"
"1871";"Hrad Litoměřice";"Česká Republika";"Turistická známka";"Hrady, Ohře";"Litoměřice";"Ústecký kraj";"Hrad Litoměřice (http://www.gotickyhrad.cz/)
Městské informační centrum, Mírové náměstí, Litoměřice (https://www.litomerice.cz/)"
"1872";"Městské muzeum v Ústí nad Orlicí";"Česká Republika";"Turistická známka";"Skanzeny a muzea";"Ústí nad Orlicí";"Pardubický kraj";"Infocentrum, Sychrova 16, Ústí nad Orlicí (https://www.ustinadorlici.cz/cs/turista-a-volny-cas/informacni-centrum)
Městské muzeum, 17. listopadu 72, Ústí nad Orlicí (http://www.muzeum-uo.cz/)"
"1873";"Moravská Bouda - Krkonoše";"Česká Republika";"Turistická známka";"Pohoří, Horské chaty a boudy, Krkonoše";"Trutnov";"Královéhradecký kraj";"Moravská bouda- Špindlerův Mlýn (http://www.moravskabouda.cz/)"
"1874";"Vochlická rozhledna u Lubence";"Česká Republika";"Turistická známka";"Rozhledny a vyhlídky";"Louny";"Ústecký kraj";"Prodejna Skloart, Chýšská 109, Lubenec (http://vitraze.skloart.cz/kostel-sv-jilji)
Vitrážové muzeum, Libyně u Lubence (http://vitraze.skloart.cz/kostel-sv-jilji)"
"1875";"Rozhledna Kozinec u Vidochova";"Česká Republika";"Turistická známka";"Rozhledny a vyhlídky";"Jičín";"Královéhradecký kraj";"Rozhledna Kozinec, Vidochov (http://kpr.kvalitne.cz/rozhledna-kozinec/)
Čerpací stanice+ Bistro Vidochov (https://www.rulf.cz/kontakt)
Klenotnice a TIC Nová Paka, F.F. Procházky 70 (https://muzeum.cz/)"
"1876";"Pivovar Klášter Hradiště nad Jizerou";"Česká Republika";"Turistická známka";"Historické pivovary";"Mladá Boleslav";"Středočeský kraj";"Pivovar, Hradiště nad Jizerou (pivovarklaster.cz)"
"1877";"Osečná";"Česká Republika";"Turistická známka";"Historická města";"Liberec";"Liberecký kraj";"Infocentrum, Svatovítské náměstí 88, Osečná (pouze jarní a letní měsíce) (https://www.osecna.cz/Default.aspx)
Podatelna MÚ, Osečná 105, Osečná (https://www.osecna.cz/Default.aspx)
Kavárna pod věží, Svatovítské nám. 88, Osečná (https://www.ondrejnovak.cz/)"
"1878";"Kadovský viklan - Kadov";"Česká Republika";"Turistická známka";"Přírodní útvary a místa";"Strakonice";"Jihočeský kraj";"Obecní úřad Kadov (kadov.net)"
"1879";"Rozhledna Klepý";"Česká Republika";"Turistická známka";"Pohoří, Rozhledny a vyhlídky, Skupina Králického Sněžníku";"Ústí nad Orlicí";"Pardubický kraj";"Skitour Test Centrum, Velká Morava 35 (http://www.ski-alp.cz/)
Půjčovna, Obchod Marcelka - Velká Morava 58 (https://www.dolnimorava.cz/chata-marcelka)
Recepce Hotel Vista - Velká Morava 46, Dolní Morava (https://www.hotel-dolnimorava.cz/kontakt)
Hotel Jiřinka Dolní Morava - recepce"
"1880";"Šlakhamr - Hamry nad Sázavou";"Česká Republika";"Turistická známka";"Technické památky, Sázava";"Žďár nad Sázavou";"Kraj Vysočina";"Šlakhamr v Hamrech nad Sázavou (https://www.tmbrno.cz/pamatky/slakhamr-v-hamrech-nad-sazavou/)"
"1881";"Černokostelecký zájezdní pivovár";"Česká Republika";"Turistická známka";"Historické pivovary";"Praha-východ";"Středočeský kraj";"Zájezdní hostinec, Kostelec nad Černými Lesy (pivovarkostelec.cz)"
"1882";"Nejvýchodnější bod České republiky - Bukovec";"Česká Republika";"Turistická známka";"Geografické body";"Frýdek-Místek";"Moravskoslezský kraj";"Hotel Kempa, Bukovec 180 (https://hotel-kempa.hotel.cz/?gclid=CM3L5PW059ICFXUo0wodUJ8KXg)
Obecní úřad Bukovec (http://www.bukovec.cz/)"
"1883";"Nové Hamry - Krušné hory";"Česká Republika";"Turistická známka";"Pohoří, Technické památky, Stezky a trasy, Krušné hory";"Karlovy Vary";"Karlovarský kraj";"Obecní úřad Nové Hamry (https://www.novehamry.eu/)
Hotel Seifert, Nové Hamry (http://www.horskyhotelseifert.cz/)"
"1884";"Rybářská bašta - Olšina";"Česká Republika";"Turistická známka";"Pohoří, Památná místa a obce, Šumava";"Český Krumlov";"Jihočeský kraj";"Infocentrum, Náměstí 8, Horní Planá (https://www.sumava-lipno.eu/)
Resort Olšina - Návštěvnické středisko Olšina 338, Polná na Šumavě (https://www.vls.cz/cs/rekreacni-zarizeni/olsina/uvod)"
"1885";"Černá v Pošumaví";"Česká Republika";"Turistická známka";"Pohoří, Přírodní útvary a místa, Šumava, Vltava";"Český Krumlov";"Jihočeský kraj";"Informační centrum, obecní úřad Černá v Pošumaví 46 (http://www.cernavposumavi.cz/)
Hotel Racek (recepce), Černá v Pošumaví 69 (https://www.hotel-racek.cz/)
Čerpací stanice, Černá v Pošumaví 148 (http://www.cernavposumavi.cz/)
Obchodní domek Rillich, Frymburk (https://www.rillich.cz/)
Klientské informační centrum, Lipno nad Vltavou 307 (https://www.lipno.info/)"
"1886";"Zámek Napajedla";"Česká Republika";"Turistická známka";"Zámky";"Zlín";"Zlínský kraj";"Informační centrum, Komenského 304, Napajedla (https://www.napajedla.cz/)
Zámek Napajedla (http://www.zameknapajedla.cz)"
"1887";"Zoologická zahrada Tábor";"Česká Republika";"Turistická známka";"Zoologické zahrady";"Tábor";"Jihočeský kraj";"ZOO Tábor (https://www.zootabor.eu/)"
"1888";"Zámek Svojšín";"Česká Republika";"Turistická známka";"Zámky";"Tachov";"Plzeňský kraj";"Zámek Svojšín (http://www.zameksvojsin.cz/)
Obecní úřad Svojšín (http://www.svojsin.cz)"
"1889";"Špindlerova bouda, Krkonoše";"Česká Republika";"Turistická známka";"Pohoří, Horské chaty a boudy, Krkonoše";"Trutnov";"Královéhradecký kraj";"Suvenýry - autobusové nádraží Špindlerův Mlýn
Špindlerova bouda (http://www.spindlerovabouda.cz/)"
"1890";"Termální lázně Velké Losiny";"Česká Republika";"Turistická známka";"Lázně";"Šumperk";"Olomoucký kraj";"Informační centrum, Velké Losiny (losiny.cz)"
"1891";"Střekovská rozhledna Ústí nad Labem";"Česká Republika";"Turistická známka";"Rozhledny a vyhlídky";"Ústí nad Labem";"Ústecký kraj";"Informační středisko, Mírové náměstí 1/1, Ústí nad Labem (https://www.usti-nad-labem.cz/cz/)"
"1892";"Poutní místo Maková hora - Smolotely";"Česká Republika";"Turistická známka";"Církevní památky";"Příbram";"Středočeský kraj";"Kostel Maková (http://www.obec-smolotely.cz/)
Obecní úřad č. 21, Smolotely (http://www.obec-smolotely.cz/)
Smíšené zboží, Smolotely 120 (http://www.obec-smolotely.cz/)"
"1893";"Tři Kříže - Nové Město na Moravě";"Česká Republika";"Turistická známka";"Pohoří, Památná místa a obce, Žďárské vrchy";"Žďár nad Sázavou";"Kraj Vysočina";"Horácké muzeum - informační centrum, Vratislavovo náměstí 114, Nové Město na Moravě (https://hm.nmnm.cz/)"
"1894";"Chrám sv. Petra a Pavla s kostnicí - Mělník";"Česká Republika";"Turistická známka";"Církevní památky";"Mělník";"Středočeský kraj";"Turistické informační centrum, Legionářů 51, Mělník (https://ticmelnik.cz/)
Věž kostela sv. Petra a Pavla, Vinohrady Karla IV., Mělník (http://www.farnostmelnik.cz/)"
"1895";"Krušnohorské muzeum Lesná";"Česká Republika";"Turistická známka";"Pohoří, Skanzeny a muzea, Krušné hory";"Chomutov";"Ústecký kraj";"Vzdělávací a rekreační centrum Lesná č. 25 (http://www.krusnehorory.cz/misto/informacni-centrum-lesna/)"
"1896";"Sladovna Písek";"Česká Republika";"Turistická známka";"Technické památky, Skanzeny a muzea, Otava";"Písek";"Jihočeský kraj";"Turistické informační centrum, Velké nám. 1/24, Písek (http://www.piseckem.cz)"
"1897";"Muzeum Bojkovska, Bojkovice";"Česká Republika";"Turistická známka";"Skanzeny a muzea";"Uherské Hradiště";"Zlínský kraj";"Muzeum Bojkovska, Bojkovice (http://www.muzeumbojkovska.cz/)"
"1898";"Pražská paroplavební společnost, Praha";"Česká Republika";"Turistická známka";"Lodní doprava, Vltava";"Praha";"Hlavní město Praha";"Přístaviště parníků - Rašínovo nábřeží, parník Vyšehrad, parník Vltava, loď Odra (paroplavba.cz)"
"1899";"Rozhledna na Skalce u Bojkovic";"Česká Republika";"Turistická známka";"Rozhledny a vyhlídky";"Uherské Hradiště";"Zlínský kraj";"Muzeum Bojkovska, Bojkovice (http://www.muzeumbojkovska.cz/)
Informační centrum Bojkovice (http://www.bojkovice.cz/)
Městský úřad, Bojkovice (http://www.bojkovice.cz/)"
"1900";"Rozhledna na Šibeničním vrchu - Horšovský Týn";"Česká Republika";"Turistická známka";"Rozhledny a vyhlídky";"Domažlice";"Plzeňský kraj";"Prodej dočasně pozastaven
Návštěvnické centrum Turistických známek, Rýmařov (http://www.turisticke-znamky.cz/)"
"1901";"Město Třeboň - Radniční věž";"Česká Republika";"Turistická známka";"Lázně, Historická města";"Jindřichův Hradec";"Jihočeský kraj";"Papírnictví - hračky, Masarykovo nám. 85, Třeboň
Unios tourist shop, Zámek Třeboň (velké zámecké nádvoří) (http://www.unios.cz/)
TIC, Masarykovo náměstí 1, Třeboň (http://www.itrebon.cz/)
Radniční věž (sezonní prodej) (http://www.itrebon.cz/)
Sklo - porcelán, Masarykovo nám. 88, Třeboň
Loď Petr Vok, rybník Svět - Přístaviště Třeboň (https://www.lodnidoprava.info/lodni-linka-na-rybniku-svet-v-treboni_3.html)"
"1902";"Zámek Lešná u Valašského Meziříčí";"Česká Republika";"Turistická známka";"Zámky";"Vsetín";"Zlínský kraj";"Zámek Lešná u Valašského Meziříčí (http://www.muzeumvalassko.cz/)"
"1903";"Botanická zahrada PřF MU, Brno";"Česká Republika";"Turistická známka";"Zahrady a parky";"Brno-město";"Jihomoravský kraj";"Botanická zahrada- skleník, Kotlářská 2, Brno (http://www.sci.muni.cz/bot_zahr/)
Infocentrum POD KROKODÝLEM, Radnická 8, Brno (https://ticbrno.cz/informacni-centra/informacni-centrum-pod-krokodylem)
IC Zámečnická, Zámečnická 90/2, Brno (https://ticbrno.cz/informacni-centra/informacni-centrum-to-je-brno)"
"1904";"Muzeum a zámeček Vysoká Lhota";"Česká Republika";"Turistická známka";"Skanzeny a muzea";"Benešov";"Středočeský kraj";"Zámek Vysoká Lhota- Čerčany (https://www.zamecekvysokalhota.cz/)"
"1905";"Muzeum města Tišnova";"Česká Republika";"Turistická známka";"Skanzeny a muzea";"Brno-venkov";"Jihomoravský kraj";"Muzeum města Tišnova, Jungmannova 80 (http://www.mekstisnov.cz/)"
"1906";"Rozhledna Ládví - Vlková u Kamenice";"Česká Republika";"Turistická známka";"Rozhledny a vyhlídky";"Praha-východ";"Středočeský kraj";"Kulturní centrum, Ringhofferovo nám. 434, Kamenice (http://kckamenice.cz/)
Regionální muzeum, Masarykovo nám. 16, Jílové u Prahy (http://muzeumjilove.cz/)
Léto Bistro Ládví, Kamenice - Ládví (https://www.facebook.com/profile.php?id=61580048572604)"
"1907";"Zámek Radíč";"Česká Republika";"Turistická známka";"Zámky";"Příbram";"Středočeský kraj";"Zámek Radíč (http://www.ch-radic.cz/)"
"1908";"Zámek Valeč";"Česká Republika";"Turistická známka";"Zámky";"Karlovy Vary";"Karlovarský kraj";"IC Prádelna - v areálu zámeckého parku (https://www.facebook.com/pradelna.valec/?ref=page_internal#utm_source=mapy.cz&utm_medium=ppd&utm_content=hledani&utm_term=ic%20pr%)"
"1909";"Horní Mísečky, Krkonoše";"Česká Republika";"Turistická známka";"Pohoří, Horské chaty a boudy, Krkonoše";"Semily";"Liberecký kraj";"Chata Mísečky, Vítkovice 143, Horní Mísečky (http://www.chatamisecky.cz/)
Infocentrum KRNAP, Špindlerův Mlýn 269 (https://www.krnap.cz/ic-spidleruv-mlyn/)
TIC, Svatopetrská 173, Špindlerův Mlýn (https://www.mestospindleruvmlyn.cz/)
Suvenýry Vejnarová, Bedřichov 22
Infocentrum SPINDL.INFO, Špindlerův Mlýn 10 (https://www.spindleruv-mlyn.com/cz/)
Suvenýry - autobusové nádraží Špindlerův Mlýn"
"1910";"Rozhledna Obecnice - bistro Vintrovka - Bílé Karpaty";"Česká Republika";"Turistická známka";"Rozhledny a vyhlídky, Pohoří, Bílé Karpaty";"Uherské Hradiště";"Zlínský kraj";"Bistro Vintrovka, rozhledna Obecnice"
"1911";"Horní Bečva";"Česká Republika";"Turistická známka";"Pohoří, Stezky a trasy, Beskydy";"Vsetín";"Zlínský kraj";"Informační centrum Horní Bečva (hornibecva.cz)
Relax Hotel Valaška, Horní Bečva 355 (hotelvalaska.cz)
Chata Barborka, Horní Bečva 988 (http://www.chata-barborka.cz/)
Hračky - Trafika, Horní Bečva 501
Hotel Duo Beskydy, Horní Bečva 216 (https://www.hotel-duo.cz/)
Hotel Cherry, Horní Bečva 470 (https://www.hotelcherry.cz/)"
"1912";"Modelové království Žďár nad Sázavou";"Česká Republika";"Turistická známka";"Technické památky, Skanzeny a muzea, Železnice, Sázava";"Žďár nad Sázavou";"Kraj Vysočina";"Modelové království Žďár nad Sázavou, Dolní 30 (http://www.mkzdar.cz/)"
"1913";"Větrný mlýn Starý Poddvorov";"Česká Republika";"Turistická známka";"Technické památky";"Hodonín";"Jihomoravský kraj";"Obecní úřad Starý Poddvorov (http://www.poddvorov.cz/)
Větrný mlýn, Starý Poddvorov (http://www.poddvorov.cz/)"
"1914";"Vinařská obec Prušánky";"Česká Republika";"Turistická známka";"Vinařské obce";"Hodonín";"Jihomoravský kraj";"Obecní úřad Prušánky (http://www.obecprusanky.cz/)"
"1915";"Kouty nad Desnou, Jeseníky";"Česká Republika";"Turistická známka";"Ski areály, Pohoří, Jeseníky";"Šumperk";"Olomoucký kraj";"Informační centrum - pokladna, Kouty nad Desnou 30 (http://www.dlouhe-strane.cz/)"
"1916";"Jurkovičova rozhledna, Rožnov pod Radhoštěm";"Česká Republika";"Turistická známka";"Rozhledny a vyhlídky";"Vsetín";"Zlínský kraj";"Valašské muzeum v přírodě - Sušák, suvenýry (https://www.nmvp.cz/)
TIC, Masarykovo nám. 131, Rožnov pod Radhoštěm (https://www.visitroznov.cz/)
Jurkovičova rozhledna (https://visitroznov.cz/jurkovicova-rozhledna-novodoby-klenot-valasske-krajiny/ds-1079)
Camp sport, Rožnov pod Radhoštěm (https://campsport.cz/)"
"1917";"Nové Město nad Metují";"Česká Republika";"Turistická známka";"Historická města";"Náchod";"Královéhradecký kraj";"Infocentrum, Husovo náměstí 1225, Nové Město nad Metují (http://www.infocentrum-nmnm.cz/)"
"1918";"Arboretum Kunratice u Šluknova";"Česká Republika";"Turistická známka";"Zahrady a parky";"Děčín";"Ústecký kraj";"Infocentrum, Zámecká 642, Šluknov (https://zamek.mestosluknov.cz/)"
"1919";"Kapucínské skály - Ležky";"Česká Republika";"Turistická známka";"Přírodní útvary a místa";"Louny";"Ústecký kraj";"Prodejna Skloart, Chýšská 109, Lubenec (http://vitraze.skloart.cz/kostel-sv-jilji)
Informační centrum Lubenec (http://www.lubenec.cz/)
Vitrážové muzeum, Libyně u Lubence (http://vitraze.skloart.cz/kostel-sv-jilji)"
"1920";"Muzeum Nový Hrozenkov";"Česká Republika";"Turistická známka";"Skanzeny a muzea, Památníky";"Vsetín";"Zlínský kraj";"Muzeum Nový Hrozenkov (http://www.novyhrozenkov.cz/clanek/?url=pamatnik)"
"1921";"Rudolfinum Praha";"Česká Republika";"Turistická známka";"Historické budovy a stavby";"Praha";"Hlavní město Praha";"Rudolfinum Shop, Alšovo nábřeží, Praha (https://www.rudolfinum.cz/)"
"1922";"Hráz rybníka Rožmberk";"Česká Republika";"Turistická známka";"Stezky a trasy, Technické památky, Lužnice";"Jindřichův Hradec";"Jihočeský kraj";"TIC, Masarykovo náměstí 1, Třeboň (http://www.itrebon.cz/)
Unios tourist shop, Zámek Třeboň (velké zámecké nádvoří) (http://www.unios.cz/)
Papírnictví - hračky, Masarykovo nám. 85, Třeboň
Sklo - porcelán, Masarykovo nám. 88, Třeboň
Občerstvení na hrázi rybníka Rožmberk"
"1923";"Železniční viadukt Devět kanálů, Úvaly";"Česká Republika";"Turistická známka";"Železnice, Technické památky";"Praha-východ";"Středočeský kraj";"Městská knihovna, Husova 98, Úvaly (https://knihovnauvaly.estranky.cz/)
Městský úřad Úvaly (http://www.mestouvaly.cz/)
Infocentrum, nám. Arnošta z Pardubic 1, Český Brod (https://ic.cvik.info/)"
"1924";"Interaktivní muzeum starokladrubského koně - Švýcárna, Slatiňany";"Česká Republika";"Turistická známka";"Skanzeny a muzea";"Chrudim";"Pardubický kraj";"Infocentrum, T. G. Masaryka 36, Slatiňany (http://infocentrum.slatinany.cz/)
Švýcárna Slatiňany - muzeum starokladrubského vraníka (http://www.svycarna-slatinany.eu/)"
"1925";"Kolešovka a Vlečka Kněževes";"Česká Republika";"Turistická známka";"Železnice, Technické památky";"Rakovník";"Středočeský kraj";"Železniční muzeum - pokladna, Vlečka Kněževes (http://www.khkd.cz/)"
"1926";"Město Velešín";"Česká Republika";"Turistická známka";"Historická města";"Český Krumlov";"Jihočeský kraj";"Infocentrum, náměstí J. V. Kamarýta 89, Velešín (www.velesin.cz/)"
"1927";"Janov, České Švýcarsko";"Česká Republika";"Turistická známka";"Pohoří, Památná místa a obce, Národní park České Švýcarsko";"Děčín";"Ústecký kraj";"Potraviny - KONZUM, Hřensko 105 (hrensko.cz)
Hotel u Zeleného stromu (uzelenehostromu.cz)"
"1928";"Muzeum silnic Vikýřovice u Šumperka";"Česká Republika";"Turistická známka";"Skanzeny a muzea, Technické památky";"Šumperk";"Olomoucký kraj";"Muzeum silnic Vikýřovice u Šumperka (http://www.muzeumsilnic.cz/muzeum/)"
"1929";"Poštovní muzeum Vyšší Brod";"Česká Republika";"Turistická známka";"Skanzeny a muzea, Vltava";"Český Krumlov";"Jihočeský kraj";"Poštovní muzeum Vyšší Brod (areál kláštera) (https://www.postovnimuzeum.cz/)"
"1930";"Poštovní muzeum Praha";"Česká Republika";"Turistická známka";"Skanzeny a muzea";"Praha";"Hlavní město Praha";"Poštovní muzeum Praha, Nové Mlýny 2 (https://www.postovnimuzeum.cz/)"
"1931";"Kostnice u sv. Jakuba - Brno";"Česká Republika";"Turistická známka";"Církevní památky";"Brno-město";"Jihomoravský kraj";"Kostnice a kostel sv. Jakuba, Jakubské náměstí, Brno (https://ticbrno.cz/podzemi/kostnice-u-sv-jakuba)"
"1932";"Armádní muzeum Žižkov Praha";"Česká Republika";"Turistická známka";"Skanzeny a muzea";"Praha";"Hlavní město Praha";"Národní památník na Vítkově - Café Vítkov (https://cafevitkov.cz/)"
"1933";"Poutní chrám Panny Marie Pomocné v Luži";"Česká Republika";"Turistická známka";"Církevní památky";"Chrudim";"Pardubický kraj";"Poutní chrám Panny Marie Pomocné na Chlumku v Luži (www.luze.cz/)
Turistické informační centrum Luže s.r.o. (luze.cz/lesy-luze.html)
Hrad Košumberk (www.luze.cz/)"
"1934";"Rozhledna Březinka - Bernartice";"Česká Republika";"Turistická známka";"Rozhledny a vyhlídky";"Tachov";"Plzeňský kraj";"Bernartice 7, Stráž (http://rozhledny.webzdarma.cz/brezinka.htm)
Bernartice 50, Stráž (http://rozhledny.webzdarma.cz/brezinka.htm)
Městys Stráž, Stráž čp. 1 (http://rozhledny.webzdarma.cz/brezinka.htm)"
"1935";"Chata Hubertka, Jizerské hory";"Česká Republika";"Turistická známka";"Pohoří, Horské chaty a boudy, Jizerské hory";"Liberec";"Liberecký kraj";"Balustráda Restaurant & Café, Libverda (https://www.facebook.com/people/Cukr%C3%A1rna-Balustr%C3%A1da-L%C3%A1zn%C4%9B-Libverda/100093144398054/)
Turistické informační centrum Hejnice
Chata Hubertka, Bílý Potok 370 (http://www.chatahubertka.cz/)
Infocentrum, Lázně Libverda 17 (http://www.laznelibverda.cz/cs/volny-cas/turisticke-informace/informacni-centrum.html)
Infocentru (OÚ) Bílý Potok, č. p. 337 (https://www.bily-potok.cz/)
Cukrárna u kostela, Klášterní, Hejnice (https://www.facebook.com/cukrarnaukostela/)
Turistické infocentrum, Nové Město pod Smrkem (http://infocentrum-nmps.cz/cz/)"
"1936";"Tvrz Orlice, Letohrad";"Česká Republika";"Turistická známka";"Hrady";"Ústí nad Orlicí";"Pardubický kraj";"Turistická známka ZRUŠENA"
"1937";"Toulcův dvůr, Praha";"Česká Republika";"Turistická známka";"Technické památky, Skanzeny a muzea";"Praha";"Hlavní město Praha";"Infocentrum Toulcův Dvůr, Kubatova 32/1, Praha 10 (http://www.toulcuvdvur.cz/)"
"1938";"Mandloňová rozhledna, Hustopeče";"Česká Republika";"Turistická známka";"Rozhledny a vyhlídky";"Břeclav";"Jihomoravský kraj";"Infocentrum, Dukelské nám. 15, Hustopeče (http://www.hustopece.cz/)
Hustopečská mandlárna (www.mandlarna.cz)"
"1939";"Rozhledna Na Podluží, Nový Poddvorov";"Česká Republika";"Turistická známka";"Rozhledny a vyhlídky";"Hodonín";"Jihomoravský kraj";"Rozhledna ""Na Podluží"", Nový Poddvorov (http://rozhledny.webzdarma.cz/podluzi.htm)
Obecní úřad Starý Poddvorov (http://www.poddvorov.cz/)
Obecní úřad Nový Poddvorov (http://www.poddvorov.cz/)
Větrný mlýn, Starý Poddvorov (http://www.poddvorov.cz/)"
"1940";"Rozhledna Hraniční vrch - Město Albrechtice";"Česká Republika";"Turistická známka";"Rozhledny a vyhlídky";"Bruntál";"Moravskoslezský kraj";"Zámek, Linhartovy (https://www.zameklinhartovy.cz/)
Infokavárna, náměstí ČSA 22/20 (https://www.mesto-albrechtice.cz/)
Kavárna Rezidence (https://kavarnaresidence.makro.rest/?lang=cs)"
"1941";"Expozice času, Šternberk";"Česká Republika";"Turistická známka";"Skanzeny a muzea";"Olomouc";"Olomoucký kraj";"Expozice času, ČSA 113/19, Šternberk (http://www.expozicecasu.cz/)
Informační centrum, Horní náměstí 2, Šternberk (poznej-sternbersko.cz)"
"1942";"Těžní věž dolu Kukla, Oslavany";"Česká Republika";"Turistická známka";"Technické památky, Rozhledny a vyhlídky";"Brno-venkov";"Jihomoravský kraj";"Zábavní park Permonium , Oslavany (https://www.permonium.cz/)"
"1943";"Muzeum Středních Brd, Strašice";"Česká Republika";"Turistická známka";"Skanzeny a muzea";"Rokycany";"Plzeňský kraj";"Muzeum Středních Brd, Strašice (http://www.muzeumstrasice.eu/)"
"1944";"Automuzeum Terezín";"Česká Republika";"Turistická známka";"Skanzeny a muzea, Technické památky, Ohře";"Litoměřice";"Ústecký kraj";"Automuzeum Terezín (https://www.veteranweb.cz/firmy/automuzeum-terezin.php/)"
"1945";"Státní muzeum skla a bižuterie v Jablonci nad Nisou";"Česká Republika";"Turistická známka";"Skanzeny a muzea";"Jablonec nad Nisou";"Liberecký kraj";"Státní muzeum skla a bižuterie, U Muzea 4, Jablonec n. Nisou (https://www.msb-jablonec.cz/)"
"1946";"Vodopád Bílá strž, Šumava";"Česká Republika";"Turistická známka";"Pohoří, Přírodní útvary a místa, Šumava";"Klatovy";"Plzeňský kraj";"Smíšený obchod Stará pošta, Hojsova Stráž 2, Železná Ruda
Informační centrum, 1. máje 12, Železná Ruda (http://www.sumavanet.cz/itcruda/)
SKI & BIKE ŠPIČÁK, areál Špičák (http://sumava.spicak.cz/)
Hotel Karl, sedlo Špičák (http://www.karl.cz/)
AdamOliver Dárky a dekorace (www.Adamolivertravel.CZ)"
"1947";"Špičák, Šumava";"Česká Republika";"Turistická známka";"Ski areály, Pohoří, Přírodní útvary a místa, Šumava";"Klatovy";"Plzeňský kraj";"Informační centrum, 1. máje 12, Železná Ruda (http://www.sumavanet.cz/itcruda/)
SKI & BIKE ŠPIČÁK, areál Špičák (http://sumava.spicak.cz/)
Hotel Karl, sedlo Špičák (http://www.karl.cz/)
Smíšený obchod Stará pošta, Hojsova Stráž 2, Železná Ruda
AdamOliver Dárky a dekorace (www.Adamolivertravel.CZ)"
"1948";"Rozhledna Maják, Přítlucká hora";"Česká Republika";"Turistická známka";"Rozhledny a vyhlídky";"Břeclav";"Jihomoravský kraj";"Informační centrum Zajíci ze Zaječí, Vinařská 479, Zaječí (http://www.zajeci.cz/)
Kostel sv. Jana Křtitele, Školní 2, Zaječí"
"1949";"Kamenicko - šenovský motoráček";"Česká Republika";"Turistická známka";"Železnice, Technické památky";"Česká Lípa";"Liberecký kraj";"Informační centrum, nám. Míru 122, Česká Kamenice (https://ceska-kamenice.cz/turista/)
Informační centrum Panská skála, Prácheňská 42, Kamenický Šenov (https://www.kamenicky-senov.cz/)
Železniční muzeum, Nádražní 575, Kamenický Šenov (https://www.facebook.com/kamenickymotoracek)"
"1950";"Lesní bar - Horní Lipová";"Česká Republika";"Turistická známka";"Pohoří, Jeseníky";"Jeseník";"Olomoucký kraj";"Lesní bar, Horní Lipová (http://lesnibar.cz/)"
"1951";"Vodárenská věž, Čerčany";"Česká Republika";"Turistická známka";"Železnice, Technické památky, Skanzeny a muzea, Sázava";"Benešov";"Středočeský kraj";"Posázavský Pacifik, Čerčany, Havlíčkova (http://www.posazavsky-pacifik.cz/)
Infocentrum, Sokolská 28, Čerčany (https://www.cercany.cz/)
Vodárenská věž v Čerčanech (https://www.facebook.com/Vod%C3%A1rensk%C3%A1-v%C4%9B%C5%BE-%C4%8Cer%C4%8Dany-192598861553312)"
"1952";"Čertova hora, Krkonoše";"Česká Republika";"Turistická známka";"Pohoří, Stezky a trasy, Krkonoše";"Semily";"Liberecký kraj";"Infocentrum Správy KRNAP, Harrachov 442 (https://www.krnap.cz/ic-harrachov/)
Suvenýry - autobusové nádraží Harrachov
Suvenýry Eva (před hotelem Bílý Hořec), Harrachov
Infoservis Fremr, Harrachov 478 (http://www.harrachov.cz/fremr/)
Suvenýry- lyžařská půjčovna 633, Harrachov
Penzion Rotunda, Harrachov 609 (rotunda-harrachov.cz)
Chata u Lišáka, Harrachov 625, 512 46
Turistické informační centrum, Harrachov 150 (http://info.harrachov.cz/aktivity/harrachov/turisticke-infomacni-centrum/)
Suvenýry - autobusové nádraží Špindlerův Mlýn"
"1953";"Hrad Ostrý, Františkov nad Ploučnicí";"Česká Republika";"Turistická známka";"Hrady";"Děčín";"Ústecký kraj";"Zámek Benešov nad Ploučnicí, Zámecká 51 (https://zamek-benesov.cz)
Obecní úřad, Františkov nad Ploučnicí (http://www.frantiskovnadploucnici.cz/)"
"1954";"Ranč Kostelany, Kroměříž";"Česká Republika";"Turistická známka";"Western";"Kroměříž";"Zlínský kraj";"Ranč Kostelany, Kostelany 200, Kroměříž (http://www.kostelany.cz/)"
"1955";"Zámek Bohutice";"Česká Republika";"Turistická známka";"Zámky";"Znojmo";"Jihomoravský kraj";"Expozice soch křížové cesty - recepce (http://krizovacestabohutice.cz/?page_id=24)
Pohostinství u Cóla, Bohutice 4 (http://www.bohutice.cz/)"
"1956";"Muzeum Čtyřlístek, Doksy";"Česká Republika";"Turistická známka";"Skanzeny a muzea";"Česká Lípa";"Liberecký kraj";"Infocentrum, Jana Roháče z Dubé 29, Staré Splavy (http://www.strediskorohac.cz/)
Muzeum Čtyřlístek"
"1957";"Město Rejštejn";"Česká Republika";"Turistická známka";"Historická města, Vodácké řeky, Otava";"Klatovy";"Plzeňský kraj";"Turnerova chata a kiosek (http://www.turnerovachata.cz/)
Městský úřad, Nám. Svobody 1, Rejštejn (http://www.sumavanet.cz/rejstejn/)"
"1958";"Raná, České středohoří";"Česká Republika";"Turistická známka";"Pohoří, Přírodní útvary a místa, České středohoří";"Louny";"Ústecký kraj";"Skleník Raná - restaurace (http://www.ranskahora.cz/)"
"1959";"Nejsevernější bod České republiky, Lobendava";"Česká Republika";"Turistická známka";"Geografické body";"Děčín";"Ústecký kraj";"Restaurace U Hraničáře, Lobendava 300 (http://www.obeclobendava.cz/)
Obecní úřad Lobendava (http://www.obeclobendava.cz/)
Pošta Lobendava
Informační centrum, Lipová 424, Lipová (http://www.lipova.cz/)
Infocentrum, Zámecká 642, Šluknov (https://zamek.mestosluknov.cz/)"
"1960";"Suché skály";"Česká Republika";"Turistická známka";"Pohoří, Přírodní útvary a místa, Český ráj";"Semily";"Liberecký kraj";"Informační centrum Maloskalsko, Labe 687, Malá Skála (https://www.infocentrum-maloskalsko.cz/)
Infoshop Vejměnek, Malá Skála 12 (http://www.vejmenek.cz/)
Žlutá plovárna, Malá Skála (www.zlutaplovarna.cz)
Občerstvení u Parkoviště, Besedice (http://www.skalnimesta.cz/cz/besedicke-skaly-skalni-mesto.html)"
"1961";"Hrad Zbirohy";"Česká Republika";"Turistická známka";"Hrady";"Jablonec nad Nisou";"Liberecký kraj";"Občerstvení u Parkoviště, Besedice (http://www.skalnimesta.cz/cz/besedicke-skaly-skalni-mesto.html)
Infoshop Vejměnek, Malá Skála 12 (http://www.vejmenek.cz/)"
"1962";"Dolní Malá Úpa - Krkonoše";"Česká Republika";"Turistická známka";"Pohoří, Krkonoše";"Trutnov";"Královéhradecký kraj";"Infocentrum, Horní Malá Úpa 129 (http://www.malaupa.cz/)
Lysečinská bouda (https://boudaukostela.cz/)
Krmelec u Kraví hory, Dolní Malá Úpa 72 (https://www.facebook.com/krmelecukravihory)"
"1963";"Muzeum čokolády a marcipánu v Táboře";"Česká Republika";"Turistická známka";"Skanzeny a muzea, Lužnice";"Tábor";"Jihočeský kraj";"Muzeum čokolády a marcipánu, Kotnovská 138, Tábor (http://www.muzeumcokoladyamarcipanu.cz/)"
"1964";"Větrný mlýn Partutovice";"Česká Republika";"Turistická známka";"Technické památky";"Přerov";"Olomoucký kraj";"Větrný mlýn, Partutovice (http://www.partutovice.cz/clanek/vetrny-mlyn)"
"1965";"Mechanický betlém Horní Lideč";"Česká Republika";"Turistická známka";"Technické památky";"Vsetín";"Zlínský kraj";"Betlém, Horní Lideč (http://www.betlemhornilidec.cz/)"
"1966";"Zámek Roudnice nad Labem";"Česká Republika";"Turistická známka";"Zámky";"Litoměřice";"Ústecký kraj";"Infocentrum Podřipska, Arnoštova 88, Roudnice nad Labem (https://www.vyletnarip.cz/)
Penzion Vědomice, Roudnická 11 (https://www.penzionvedomice.cz/cs/)"
"1967";"Zřícenina hradu Chlum - Kozlov";"Česká Republika";"Turistická známka";"Hrady";"Semily";"Liberecký kraj";"Hotel Králíček, Kacanovy 38, Turnov (https://www.hotel-kralicek.cz/)
Turistické informační centrum, 5. května 26 (http://www.infocentrum-turnov.cz/)"
"1968";"Radobýl, České středohoří";"Česká Republika";"Turistická známka";"Pohoří, Přírodní útvary a místa, České středohoří";"Litoměřice";"Ústecký kraj";"Městské informační centrum, Mírové náměstí, Litoměřice (https://www.litomerice.cz/)
Hrad Litoměřice, Na Valech 45 (http://www.litomerice-info.cz/)"
"1969";"Nejjižnější bod České republiky";"Česká Republika";"Turistická známka";"Geografické body";"Český Krumlov";"Jihočeský kraj";"Infocentrum, Vyšší Brod (http://www.ivyssibrod.cz/turisticke-informacni-centrum-vyssi-brod_185.html)
Prodejna suvenýrů - Nové Hrady (https://rillich.cz/)
Lipno Info Point, Lipno nad Vltavou 124
Půjčovna lodí a raftů INGEtour, Vyšší Brod (http://www.ingetour.cz/pujcovna-lodi-raftu?utm_source=mapy.cz&utm_medium=ppd&utm_campaign=firmy.cz-13732470)"
"1970";"Pivovar a sladovna Dobruška";"Česká Republika";"Turistická známka";"Historické pivovary";"Rychnov nad Kněžnou";"Královéhradecký kraj";"Pivovar a sladovna, Křovická 267, Dobruška (http://www.pivovar-dobruska.cz/)"
"1971";"Trojmezí Česko - Německo - Rakousko";"Česká Republika";"Turistická známka";"Geografické body";"Prachatice";"Jihočeský kraj";"Občerstvení Říjiště, Nová Pec (https://www.rijiste.cz/)
Občerstvení Jelení vrchy, Nová Pec
Infocentrum, Nové Chalupy 41, Nová Pec (https://www.novapec.eu/)
Muzeum pošumavských železnic - hraniční přechod Nové Údolí (www.noveudoli.eu)
Informační středisko NP Šumava, Stožec (https://www.npsumava.cz/navstivte-sumavu/navstevnicka-centra/informacni-stredisko-stozec/)
Infocentrum, Náměstí 8, Horní Planá (https://www.sumava-lipno.eu/)"
"1972";"Zámek Lešná, Zlín";"Česká Republika";"Turistická známka";"Zámky";"Zlín";"Zlínský kraj";"ZOO Zlín - pokladna (http://www.zoolesna.cz/)
Zoo Zlín - suvenýry (http://www.zoolesna.cz/)
Zámek Lešná - pokladna, Zoo Zlín (http://www.zoolesna.cz/)"
"1973";"Rozhledna U Křížku, Drnholec";"Česká Republika";"Turistická známka";"Rozhledny a vyhlídky";"Břeclav";"Jihomoravský kraj";"Infocentrum Drnholec, nám. Svobody 1 (http://www.drnholec.eu/)
Úřad městyse Drnholec, Kostelní 368 (http://www.drnholec.eu/)
Hotel Drnholec, nám. Svobody 8 (http://www.drnholec.eu/)"
"1974";"Stezka korunami stromů Lipno";"Česká Republika";"Turistická známka";"Technické památky, Stezky a trasy";"Český Krumlov";"Jihočeský kraj";"Stezka korunami stromů, Lipno (https://www.stezkakorunamistromu.cz/)
Lipno Info Point, Lipno nad Vltavou 124
Klientské informační centrum, Lipno nad Vltavou 307 (https://www.lipno.info/)"
"1975";"Heřmanická rozhledna";"Česká Republika";"Turistická známka";"Rozhledny a vyhlídky";"Liberec";"Liberecký kraj";"Obecní úřad Heřmanice (http://www.hermanice.com/)
Prodejna smíšeného zboží, Heřmanice 139 (http://www.hermanice.com/)
Hospůdka u Kodešovy skály, Heřmanice (http://www.hermanice.com/)
Turistické infocentrum, Nové Město pod Smrkem (http://infocentrum-nmps.cz/cz/)"
"1976";"Hrad Frymburk - Nový Hrádek";"Česká Republika";"Turistická známka";"Hrady";"Náchod";"Královéhradecký kraj";"Restaurace Na Kovárně, Náměstí 23, Nový Hrádek (http://restauracenakovarne.cz/)
Informační centrum Nové Město nad Metují, Husovo nám. 1225 (http://www.infocentrum-nmnm.cz/)
Úřad městyse, Náměstí 28, Nový Hrádek (https://www.novy-hradek.cz/)"
"1977";"Chotilské muzeum střední Vltavy a balónového létání";"Česká Republika";"Turistická známka";"Skanzeny a muzea";"Příbram";"Středočeský kraj";"Chotilské muzeum střední Vltavy a balónového létání (https://www.chotilskemuzeum.cz/)"
"1978";"Rozhledna Strupčice";"Česká Republika";"Turistická známka";"Rozhledny a vyhlídky";"Chomutov";"Ústecký kraj";"Obecní úřad, Strupčice
Sportovní areál, Strupčice"
"1979";"Jeskyně Postojna - Amerika";"Česká Republika";"Turistická známka";"Jeskyně a propasti";"Semily";"Liberecký kraj";"Hrad Rotštejn (http://www.hradrotstejn.info/)
Občerstvení Pod Hradem, Klokočí 16 (https://mapy.cz/turisticka?x=15.2254391&y=50.5944775&z=17&q=kloko%C4%8D%C3%AD%2016&source=firm&id=12909706)
.MÍSTO v ráji, Bukovina 53, 511 01 Mírová pod Kozákovem"
"1980";"Rozhledna Velký Roudný";"Česká Republika";"Turistická známka";"Rozhledny a vyhlídky";"Bruntál";"Moravskoslezský kraj";"Informační centrum Slezské Harty, Leskovec nad Moravicí 204 (slezskaharta.eu)
Obecní úřad, Razová 351 (https://www.razova.cz/)"
"1981";"Vyhlídková věž děkanského kostela, Tábor";"Česká Republika";"Turistická známka";"Rozhledny a vyhlídky, Církevní památky, Lužnice";"Tábor";"Jihočeský kraj";"Vyhlídková věž děkanského kostela, Tábor (https://www.visittabor.eu/vyhlidkova-vez-kostela)"
"1982";"Rozhledna Zdenička, Těšánky";"Česká Republika";"Turistická známka";"Rozhledny a vyhlídky";"Kroměříž";"Zlínský kraj";"G3 s.r.o., Zborovská 1, Zdounky (http://gruntgalatik.cz/index.php/areal-gruntu/rozhledna-zdenicka)"
"1983";"Rozhledna Dalibor, Zaječí";"Česká Republika";"Turistická známka";"Rozhledny a vyhlídky";"Břeclav";"Jihomoravský kraj";"Vinařství u Kapličky, Zaječí (http://www.vinarstviukaplicky.cz/)
Informační centrum Zajíci ze Zaječí, Vinařská 479, Zaječí (http://www.zajeci.cz/)"
"1984";"Slezská Harta";"Česká Republika";"Turistická známka";"Technické památky, Lodní doprava, Pohoří, Jeseníky";"Bruntál";"Moravskoslezský kraj";"Informační centrum Slezské Harty, Leskovec nad Moravicí 204 (slezskaharta.eu)
Obecní úřad, Razová 351 (https://www.razova.cz/)"
"1985";"Synagoga Turnov";"Česká Republika";"Turistická známka";"Církevní památky";"Semily";"Liberecký kraj";"Synagoga Turnov, Krajířova 2199 (synagoga-turnov.cz)
Turistické informační centrum, 5. května 26 (http://www.infocentrum-turnov.cz/)"
"1986";"Chvalšiny";"Česká Republika";"Turistická známka";"CHKO a rezervace, Památná místa a obce";"Český Krumlov";"Jihočeský kraj";"Muzeum Schwarzenberského plavebního kanálu, Chvalšiny 124 (https://www.chvalsiny.cz/obec/muzeum/muzeum-schwarzenberskeho-plavebniho-kanalu-18cs.html)
Obecní úřad Chvalšiny (chvalsiny.cz)
Camping Chvalšiny (mycamp.cz)"
"1987";"Zámek Pacov";"Česká Republika";"Turistická známka";"Zámky";"Pelhřimov";"Kraj Vysočina";"Informační centrum, Náměstí Svobody 1, Pacov (http://www.zamekpacov.cz/cs)"
"1988";"Spešovská rozhledna, Spešov";"Česká Republika";"Turistická známka";"Rozhledny a vyhlídky";"Blansko";"Jihomoravský kraj";"Obecní úřad, Spešov 22 (https://www.spesov.cz/)
Hostinec na koupališti, Spešov (https://www.spesov.cz/)
Restaurace U Meče, Spešov (https://www.spesov.cz/)"
"1989";"Zámek Úsobí";"Česká Republika";"Turistická známka";"Zámky";"Havlíčkův Brod";"Kraj Vysočina";"Zámek Úsobí (zamekusobi.cz)"
"1990";"Papouščí zoologická zahrada, Bošovice";"Česká Republika";"Turistická známka";"Zoologické zahrady";"Vyškov";"Jihomoravský kraj";"Papouščí Zoologická zahrada Bošovice - pokladna (papouscizoo.cz)"
"1991";"Bezručova vyhlídka na Brdech u Kopřivnice";"Česká Republika";"Turistická známka";"Rozhledny a vyhlídky";"Nový Jičín";"Moravskoslezský kraj";"Informační centrum, Obránců míru 368, Kopřivnice (https://www.kdk.cz/)"
"1992";"Rozhledna Bořetice nad Kraví horou";"Česká Republika";"Turistická známka";"Rozhledny a vyhlídky";"Břeclav";"Jihomoravský kraj";"Infocentrum, Hlavní 6, Velké Pavlovice (http://www.velke-pavlovice.cz)
Hotel Kraví hora, Bořetice 510 (http://www.kravihora.cz/)
Občerstvení - areál Nad Zahradami - Rozhledna Slunečná, Velké Pavlovice
Vinařský penzion André, Velké Pavlovice, Pod Břehy 565/54 (www.penzion-andre.cz)"
"1993";"Město Bohumín";"Česká Republika";"Turistická známka";"Historická města";"Karviná";"Moravskoslezský kraj";"Informační centrum, Masarykova 158, Bohumín (https://www.mesto-bohumin.cz/)
Informační centrum Penzion ve věži, Bohumín (https://www.bospor.info/cz/penzion-ve-vezi/zakladni-informace/)
Hotel Pod Zeleným Dubem (www.podzelenym.cz)
Trafika U Samíka, Ad.Mickiewicze, Bohumín
Trafika v hale ČD Bohumín"
"1994";"Muzeum naftového dobývání a geologie, Hodonín";"Česká Republika";"Turistická známka";"Skanzeny a muzea";"Hodonín";"Jihomoravský kraj";"Muzeum naftového dobývání a geologie, Kasárenská 1022, Hodonín (http://mng.webz.cz/)"
"1995";"Kostelní Bříza, Slavkovský les";"Česká Republika";"Turistická známka";"Pohoří, Památná místa a obce, Slavkovský les";"Sokolov";"Karlovarský kraj";"Penzion U Bílého Koníka, Kostelní Bříza 16 (http://www.ubilehokonika.cz/)"
"1996";"Hraniční meandry Odry";"Česká Republika";"Turistická známka";"Přírodní útvary a místa";"Karviná";"Moravskoslezský kraj";"Informační centrum, Masarykova 158, Bohumín (https://www.mesto-bohumin.cz/)
Informační centrum Penzion ve věži, Bohumín (https://www.bospor.info/cz/penzion-ve-vezi/zakladni-informace/)
Hotel Pod Zeleným Dubem (www.podzelenym.cz)
Trafika U Samíka, Ad.Mickiewicze, Bohumín
Trafika v hale ČD Bohumín"
"1997";"Pohádková kovárna Selibov";"Česká Republika";"Turistická známka";"Volnočasové areály";"Písek";"Jihočeský kraj";"Infocentrum, Masarykovo náměstí 37, Protivín (http://www.muprotivin.cz/)
Pohádková kovárna Selibov 48 (pohadkovakovarna.cz)"
"1998";"Únětický pivovar";"Česká Republika";"Turistická známka";"Historické pivovary";"Praha-západ";"Středočeský kraj";"Únětický pivovar, Únětice (unetickypivovar.cz)"
"1999";"Zámek Bílovec";"Česká Republika";"Turistická známka";"Zámky";"Nový Jičín";"Moravskoslezský kraj";"Infocentrum, Zámecká 691/5, Bílovec (https://icko.kcbilovec.cz/cz/)
Zámek Bílovec (https://zamekbilovec.cz/)"
"2000";"Návštěvnické centrum Turistických známek";"Česká Republika";"Turistická známka";"Pohoří, Jeseníky";"Bruntál";"Moravskoslezský kraj";"Návštěvnické centrum Turistických známek, Rýmařov (http://www.turisticke-znamky.cz/)"
"2001";"Město Rožnov pod Radhoštěm";"Česká Republika";"Turistická známka";"Historická města, Pohoří, Beskydy";"Vsetín";"Zlínský kraj";"TIC, Masarykovo nám. 131, Rožnov pod Radhoštěm (https://www.visitroznov.cz/)
Kozí farma Zerlina, Hážovice 2070 (zerlina.cz)
Camp sport, Rožnov pod Radhoštěm (https://campsport.cz/)"
"2002";"Zámeček Vysoký Hrádek - Jaderná elektrárna Temelín";"Česká Republika";"Turistická známka";"Zámky, Technické památky";"České Budějovice";"Jihočeský kraj";"JE Temelín - Informační centrum (http://www.cez.cz/cs/vyroba-elektriny/jaderna-energetika/jaderne-elektrarny-cez/ete/informacni-centrum.html)
Tabák, nám. Míru 2, Týn nad Vltavou"
"2003";"Nová Pec, Šumava";"Česká Republika";"Turistická známka";"Pohoří, Památná místa a obce, Šumava, Vltava";"Prachatice";"Jihočeský kraj";"Infocentrum, Nové Chalupy 41, Nová Pec (https://www.novapec.eu/)
Wellness Hotel Marlin, Nové Chalupy 1, Nová Pec (www.wellnesshotelmarlin.cz)"
"2004";"Zámek Králův Dvůr";"Česká Republika";"Turistická známka";"Zámky";"Beroun";"Středočeský kraj";"Městská knihovna, zámek Králův Dvůr (kraluv-dvur.cz)
Městský úřad Králův Dvůr, náměstí Míru (https://kraluv-dvur.cz/)
Solné království, Plzeňská 162, Králův Dvůr (kraluv-dvur.cz)"
"2005";"Moravské Zemské muzeum - Dietrichsteinský palác a Biskupský dvůr";"Česká Republika";"Turistická známka";"Skanzeny a muzea, Historické budovy a stavby";"Brno-město";"Jihomoravský kraj";"Dietrichsteinský palác, Zelný trh 8, Brno (http://www.mzm.cz/)
Infocentrum POD KROKODÝLEM, Radnická 8, Brno (https://ticbrno.cz/informacni-centra/informacni-centrum-pod-krokodylem)
IC Zámečnická, Zámečnická 90/2, Brno (https://ticbrno.cz/informacni-centra/informacni-centrum-to-je-brno)"
"2006";"Staroměstská mostecká věž, Praha";"Česká Republika";"Turistická známka";"Rozhledny a vyhlídky, Historické budovy a stavby";"Praha";"Hlavní město Praha";"Muzeum Karlova mostu, Křížovnícké nám. 3, Praha 1 (http://www.muzeumkarlovamostu.cz/)
České muzeum hudby, Karmelitská 2, Praha 1 (https://www.nm.cz/navstivte-nas/objekty/ceske-muzeum-hudby)
TIC Středočeské centrály cest. ruchu, Husova 156/21, Praha 1 (https://www.centralbohemia.cz/)"
"2007";"Rozhledna Mařenka u Třebíče";"Česká Republika";"Turistická známka";"Rozhledny a vyhlídky";"Třebíč";"Kraj Vysočina";"Dašovský mlýn, Štěměchy (mastna.com)
TIC Národní dům, Karlovo náměstí 47, Třebíč (stará verze) (https://www.mkstrebic.cz/turisticka-informacni-centra/)
Vyhlídková věž kostela, Třebíč (mkstrebic.cz)"
"2008";"Rozhledna Havířská bouda u Kutné Hory";"Česká Republika";"Turistická známka";"Rozhledny a vyhlídky";"Kutná Hora";"Středočeský kraj";"Havířská bouda (http://www.havirskabouda.cz/)"
"2009";"Město Havířov";"Česká Republika";"Turistická známka";"Historická města";"Karviná";"Moravskoslezský kraj";"Infocentrum, nám. Republiky 7, Havířov (https://www.havirov-info.cz/)"
"2010";"Transbordér Chrastava";"Česká Republika";"Turistická známka";"Technické památky";"Liberec";"Liberecký kraj";"Infocentrum, náměstí 1. Máje, Chrastava (http://www.chrastava.cz/kultura/cesky/infocentrum.htm)
Ranč v Údolí, Kryštofovo údolí 7 (http://www.rancvudoli.eu/)"
"2011";"Miličínský lev - vrch Kalvárie u Miličína";"Česká Republika";"Turistická známka";"Přírodní útvary a místa";"Benešov";"Středočeský kraj";"Penzion U Slabých, Miličín 43, 257 86 Miličín (https://www.facebook.com/Penzion-U-Slab%C3%BDch-105520201589388)
Městský úřad Miličín - Hájkovo náměstí 1, 257 86 Miličín (https://www.facebook.com/Penzion-U-Slab%C3%BDch-105520201589388)
Pizza Na Sibiři - parkoviště Miličín (pizzanasibiri.cz)"
"2012";"Bouda u Bílého Labe - Špindlerův Mlýn";"Česká Republika";"Turistická známka";"Pohoří, Horské chaty a boudy, Krkonoše";"Trutnov";"Královéhradecký kraj";"Bouda Bílé Labe, Špindlerův Mlýn (boudabilelabe.cz)
Infocentrum KRNAP, Špindlerův Mlýn 269 (https://www.krnap.cz/ic-spidleruv-mlyn/)
Suvenýry - autobusové nádraží Špindlerův Mlýn"
"2013";"Klášterec nad Orlicí";"Česká Republika";"Turistická známka";"Památná místa a obce, Pohoří, Orlické hory";"Ústí nad Orlicí";"Pardubický kraj";"Obecní úřad Klášterec nad Orlicí (https://www.klasterecnadorlici.cz/)
Rekreační středisko Orlice, Klášterec nad Orlicí 11 (https://www.facebook.com/Rekrea%C4%8Dn%C3%AD-St%C5%99edisko-Orlice-172305756770288#utm_source=mapy.cz&utm_medium=ppd&utm_content=h)
Informační centrum Pastviny (https://www.obecpastviny.cz/turisticke-informacni-centrum)
Autokemp Šlechtův palouk, Pastviny 451 (https://www.atcslechtuvpalouk.cz/)"
"2014";"Rozhledna Vysoký Kamýk u Albrechtic nad Vltavou";"Česká Republika";"Turistická známka";"Rozhledny a vyhlídky";"Písek";"Jihočeský kraj";"Infocentrum Albrechtice nad Vltavou (http://www.albrechticenadvltavou.cz/)
Infocentrum, Masarykovo náměstí 37, Protivín (http://www.muprotivin.cz/)
Infocentrum, nám. Svobody 18, Vodňany (http://www.infocentrumvodnany.cz/infocentrum)
Informační centrum, Velké náměstí 113, Písek (http://www.sladovna.cz/)"
"2015";"Hrad Pořešín";"Česká Republika";"Turistická známka";"Hrady";"Český Krumlov";"Jihočeský kraj";"Hrad Pořešín (http://www.hradynamalsi.cz/)"
"2016";"Zámek Lobkovice, Neratovice";"Česká Republika";"Turistická známka";"Zámky";"Mělník";"Středočeský kraj";"Zámek Lobkovice (lobkovice.cz)
Turistické Informační centrum, nám. Republiky 1399, Neratovice (http://www.neratovice.cz/)"
"2017";"Muzeum Karla Zemana, Praha";"Česká Republika";"Turistická známka";"Skanzeny a muzea, Technické památky";"Praha";"Hlavní město Praha";"Muzeum Karla Zemana, Saská 3, Praha (http://www.muzeumkarlazemana.cz/cz)"
"2018";"Zámek Valeč u Třebíče";"Česká Republika";"Turistická známka";"Zámky";"Třebíč";"Kraj Vysočina";"Zámek Valeč (http://www.hotel-hrotovice.cz/)"
"2019";"Žihobce";"Česká Republika";"Turistická známka";"Skanzeny a muzea, Zámky";"Klatovy";"Plzeňský kraj";"Muzeum Lamberská stezka a Infocentrum, Žihobce (http://www.zihobce.eu/)"
"2020";"Malostranská mostecká věž, Praha";"Česká Republika";"Turistická známka";"Rozhledny a vyhlídky, Historické budovy a stavby";"Praha";"Hlavní město Praha";"TIC Středočeské centrály cest. ruchu, Husova 156/21, Praha 1 (https://www.centralbohemia.cz/)
Prague tourist information, Mostecká 4, Praha 1 (prague-information.eu/)
České muzeum hudby, Karmelitská 2, Praha 1 (https://www.nm.cz/navstivte-nas/objekty/ceske-muzeum-hudby)"
"2021";"Krokodýlí ZOO, Protivín";"Česká Republika";"Turistická známka";"Zoologické zahrady";"Písek";"Jihočeský kraj";"Krokodýlí ZOO Protivín (krokodylizoo.cz)"
"2022";"Vinařská obec Dolní Bojanovice";"Česká Republika";"Turistická známka";"Vinařské obce";"Hodonín";"Jihomoravský kraj";"Muzeum Slovácká chalupa, Dolní Bojanovice (https://www.dolnibojanovice.cz/obec-329/informace-o-obci/slovacka-chalupa/)
Obecní úřad Dolní Bojanovice (dolnibojanovice.cz)
Restaurace obecní dům, Dolní Bojanovice (dolnibojanovice.cz)"
"2023";"Maják Járy Cimrmana, Příchovice";"Česká Republika";"Turistická známka";"Rozhledny a vyhlídky";"Jablonec nad Nisou";"Liberecký kraj";"Muzeum Cimrmanovy doby, Příchovice (https://www.ucapa.eu/)"
"2024";"Tvrz Semtěš";"Česká Republika";"Turistická známka";"Hrady";"Kutná Hora";"Středočeský kraj";"Tvrz Semtěš (http://www.semtes.cz/)
Turistické centrum u rytíře Brtníka, Semtěš 40 Uzavřeno (http://www.semtes.cz/)"
"2025";"Huť Jakub - Sklárna Tasice";"Česká Republika";"Turistická známka";"Technické památky";"Havlíčkův Brod";"Kraj Vysočina";"Huť Jakub - Sklárna Tasice (http://www.sklarnatasice.cz/)"
"2026";"Botanická zahrada Na Slupi, Praha";"Česká Republika";"Turistická známka";"Zahrady a parky";"Praha";"Hlavní město Praha";"Botanická zahrada UK, Na Slupi 16, Praha (bz-uk.cz)"
"2027";"Medvědín, Krkonoše";"Česká Republika";"Turistická známka";"Ski areály, Pohoří, Krkonoše";"Trutnov";"Královéhradecký kraj";"Restaurace Medvědín - suvenýry (https://www.skiareal.cz)
Špindl Motion Rental Medvědín, Bedřichov 88 (https://www.skiareal.cz)
TIC, Svatopetrská 173, Špindlerův Mlýn (https://www.mestospindleruvmlyn.cz/)
Infocentrum SPINDL.INFO, Špindlerův Mlýn 10 (https://www.spindleruv-mlyn.com/cz/)
Infocentrum KRNAP, Špindlerův Mlýn 269 (https://www.krnap.cz/ic-spidleruv-mlyn/)
Suvenýry Vejnarová, Bedřichov 22
Suvenýry - autobusové nádraží Špindlerův Mlýn"
"2028";"Rozhledna Val, Dolní Hedeč";"Česká Republika";"Turistická známka";"Rozhledny a vyhlídky";"Ústí nad Orlicí";"Pardubický kraj";"Obchod Peregrin - klášter, Kopeček - Králíky (http://www.klasterkraliky.cz/)"
"2029";"Valašská dědina Držková";"Česká Republika";"Turistická známka";"Památná místa a obce, Skanzeny a muzea, Pohoří, Hostýnské vrchy";"Zlín";"Zlínský kraj";"Obecní úřad Držková (https://www.drzkova.cz/)
Muzeum dřevěného porcelánu, Držková 131 (http://www.muzeum-drzkova.cz/)
Hospůdka u Kőglerů, Držková 43 (https://www.drzkova.cz/)"
"2030";"Muzeum zemědělských strojů Hoštice-Heroltice";"Česká Republika";"Turistická známka";"Skanzeny a muzea, Technické památky";"Vyškov";"Jihomoravský kraj";"Muzeum zemědělských strojů, Hoštice - Heroltice (muzeumhostice.cz)"
"2031";"Rozhledna Liberecká výšina";"Česká Republika";"Turistická známka";"Rozhledny a vyhlídky";"Liberec";"Liberecký kraj";"Liberecká výšina - restaurace (www.libereckavysina.com)"
"2032";"Motomuzeum Borek pod Troskami";"Česká Republika";"Turistická známka";"Skanzeny a muzea, Technické památky";"Semily";"Liberecký kraj";"Motomuzeum Borek pod Troskami (http://www.motomuzeumborek.cz/)"
"2033";"Přeskače - středověké podzemí";"Česká Republika";"Turistická známka";"Technické památky, Památná místa a obce";"Znojmo";"Jihomoravský kraj";"Přeskačské podzemí (http://www.obecpreskace.cz/clanky/podzemi.html)"
"2034";"Rozhledna U Jakuba, Valtínov";"Česká Republika";"Turistická známka";"Rozhledny a vyhlídky";"Jindřichův Hradec";"Jihočeský kraj";"Rozhledna U Jakuba (ceskakanadazvysky.cz)"
"2035";"Památník dr. Edvarda Beneše, prezidenta republiky, Sezimovo Ústí";"Česká Republika";"Turistická známka";"Památníky, Lužnice";"Tábor";"Jihočeský kraj";"Husitské muzeum, Žižkovo náměstí 1, Tábor (http://www.husitskemuzeum.cz/chodby-stredovekeho-podzemi/)
Památník Dr. E. Beneše, Sezimovo Ústí (pouze sezonní prodej) (http://www.husitskemuzeum.cz/pamatnik-dr-edvarda-benese/)
TIC, náměstí T. Bati 701, Sezimovo Ústí (http://www.sezimovo-usti.cz/)"
"2036";"Poutní místo Dobrá Voda - Pocinovice";"Česká Republika";"Turistická známka";"Církevní památky";"Domažlice";"Plzeňský kraj";"Obecní úřad Pocinovice (pocinovice.cz)
Jan Sazama - Obchod, Pocinovice 121 (pocinovice.cz)"
"2037";"Středověké podzemí, Tábor";"Česká Republika";"Turistická známka";"Technické památky, Lužnice";"Tábor";"Jihočeský kraj";"Husitské muzeum, Žižkovo náměstí 1, Tábor (http://www.husitskemuzeum.cz/chodby-stredovekeho-podzemi/)"
"2038";"Kalek, Krušné hory";"Česká Republika";"Turistická známka";"Památná místa a obce, Pohoří, Krušné hory";"Chomutov";"Ústecký kraj";"Obecní úřad, Kalek (http://www.obeckalek.cz/)
Restaurace Inka, Načetín (http://www.restauraceinka.cz/O_N%C3%A1s.html)"
"2039";"Vejprnice - kostel sv. Vojtěcha";"Česká Republika";"Turistická známka";"Církevní památky";"Plzeň-sever";"Plzeňský kraj";"Obecní úřad, Vejprnice (vejprnice.cz)
Restaurace Formanka, Vejprnice (https://www.facebook.com/VejpniceFormanka#utm_source=mapy.cz&utm_medium=ppd&utm_content=hledani&utm_term=Restaurace%20Formanka%20V)"
"2040";"Mlýnská kolonáda - Karlovy Vary";"Česká Republika";"Turistická známka";"Lázně, Technické památky, Ohře";"Karlovy Vary";"Karlovarský kraj";"Infocentrum, Mariánskolázeňská 2, Karlovy Vary (https://www.karlovyvary.cz/cs)
Stánek č. 113 se suvenýry - Vřídelní kolonáda
Mlýnská kolonáda - prodej suvenýrů Karlovy Vary (karlovyvary.cz)
Stánek u Atria ve Dvořákových sadech, Karlovy Vary
Stánek naproti Kina Čas,T. G. Masaryka, Karlovy Vary
Královské oplatky, T. G. Masaryka 40, Karlovy Vary
Stánek naproti vchodu do Vojenského léč. ústavu Sadový pramen
Vřídelní kolonáda, Divadelní nám 2036/2, Karlovy Vary
Suvenýry VERONA, T.G.Masaryka 805/9, Karlovy Vary
Dřevěné hračky, nábřeží Jana Palacha 923/4 (facebook.com/drevenehrackyKV)"
"2041";"Smrk, Beskydy";"Česká Republika";"Turistická známka";"Pohoří, Přírodní útvary a místa, Beskydy";"Frýdek-Místek";"Moravskoslezský kraj";"Turistické informační centrum, Ostravice 400 (http://infocentrumostravice.cz/)
TIC, Hlavní 1755, Frýdlant nad Ostravicí (http://www.ticfno.cz/)
Ostravice - Slovenská koliba, Ostravice
Krámek pod Lysou, Ostravice (u nádraží) (http://www.ostravice.estranky.cz/)
TRAFIKA Caffe - U nádraží, Ostravice 264
Knihovna a Informační centrum Čeladná (http://www.info-celadna.cz/)"
"2042";"Nehvizdy – výsadek skupiny ANTHROPOID";"Česká Republika";"Turistická známka";"Válečné památníky";"Praha-východ";"Středočeský kraj";"Úřad městyse Nehvizdy (http://www.nehvizdy.cz/)
Čerpací stanice EURO Oil, Pražská 238, Nehvizdy (https://www.ceproas.cz/eurooil)"
"2043";"Město Pardubice";"Česká Republika";"Turistická známka";"Historická města";"Pardubice";"Pardubický kraj";"TIC, třída Míru 60 - Machoňova pasáž - Pardubice (http://www.ipardubice.cz/)
ČD Centrum Pardubice (http://www.ceskedrahy.cz/tiskove-centrum/fotogalerie/nadrazi/-1208/)
Automatické mlýny Pardubice, U Mlýnů 1963 (https://automatickemlyny.eu/)"
"2044";"Státní opera Praha";"Česká Republika";"Turistická známka";"Historické budovy a stavby";"Praha";"Hlavní město Praha";"Pokladna Státní opery, Legerova 57/75, Praha 1 (https://www.narodni-divadlo.cz/cs/sceny/statni-opera)
Pokladna Národního divadla, Národní 4, Praha 1 (http://www.novascena.cz/cs/)
Pokladna Stavovského divadla, Ovocný trh 1, Praha (https://www.narodni-divadlo.cz/cs/sceny/stavovske-divadlo)"
"2045";"Trojmezí Česko - Slovensko - Rakousko";"Česká Republika";"Turistická známka";"Geografické body";"Břeclav";"Jihomoravský kraj";"Městské muzeum a galerie Břeclav (https://www.muzeumbv.cz/)
Turistické informační centrum, U Tržiště 8, Břeclav (http://breclav.eu/kultura-a-volny-cas/oteviraci-doba-a-kontakty)"
"2046";"Chrám sv. Mikuláše, Ludgeřovice";"Česká Republika";"Turistická známka";"Církevní památky";"Opava";"Moravskoslezský kraj";"Obecní úřad Ludgeřovice (http://ludgerovice.cz/oobci/chram.asp)"
"2047";"Chata Severka";"Česká Republika";"Turistická známka";"Horské chaty a boudy, Pohoří, Beskydy";"Frýdek-Místek";"Moravskoslezský kraj";"Chata Severka (www.severka.eu)"
"2048";"Rozhledna Panorama - Černá Hora, Krkonoše";"Česká Republika";"Turistická známka";"Rozhledny a vyhlídky";"Trutnov";"Královéhradecký kraj";"Rozhledna Černá hora - vstup (https://www.region-krkonose.cz/rozhledny-vyhlidky/rozhledna-cerna-hora/)
SkiResort live, Černohorská 265 + horní stanice lanovky (https://leto.skiresort.cz/)
K+K Ski School, ul. Černohorská, Jánské Lázně (http://www.ski-school.cz/kontakt/)"
"2049";"Friesovy boudy, Krkonoše";"Česká Republika";"Turistická známka";"Pohoří, Horské chaty a boudy, Krkonoše";"Trutnov";"Královéhradecký kraj";"Horský hotel Friesovy boudy (friesovyboudy.cz)"
"2050";"Muzeum motocyklů a hraček, Šestajovice";"Česká Republika";"Turistická známka";"Skanzeny a muzea, Technické památky";"Náchod";"Královéhradecký kraj";"Muzeum motocyklů a hraček, Šestajovice (muzeum-motocyklu.cz)"
"2051";"Porčův mlýn, Býkovice";"Česká Republika";"Turistická známka";"Technické památky";"Blansko";"Jihomoravský kraj";"Porčův mlýn (porcuvmlyn.cz)
Krčma u Porčova mlýna (porcuvmlyn.cz)
Hotel U Tří volů, Býkovice (https://www.utrivolu.cz/)"
"2052";"Rozhledna U Holáňů, Prženské Paseky";"Česká Republika";"Turistická známka";"Rozhledny a vyhlídky";"Vsetín";"Zlínský kraj";"Hostinec U Holaňů, Pržno 190 (https://www.przenskepaseky.com/)"
"2053";"Živá Voda, Modrá";"Česká Republika";"Turistická známka";"Zoologické zahrady, Volnočasové areály";"Uherské Hradiště";"Zlínský kraj";"Živá Voda, Modrá - pokladna (http://www.zivavodamodra.cz/)"
"2054";"Borovanský mlýn - stálá výstava českých pohádek";"Česká Republika";"Turistická známka";"Skanzeny a muzea";"České Budějovice";"Jihočeský kraj";"Borovanský mlýn - Půda plná pohádek (http://www.borovanskymlyn.cz/)"
"2055";"Park Mirakulum Milovice";"Česká Republika";"Turistická známka";"Volnočasové areály";"Nymburk";"Středočeský kraj";"Zábavně-naučný park Mirakulum, Milovice (mirakulum.cz)"
"2056";"Rozhledna Milíř, Vysoká nad Labem";"Česká Republika";"Turistická známka";"Rozhledny a vyhlídky";"Hradec Králové";"Královéhradecký kraj";"Rozhledna Milíř (http://www.vysoka-nad-labem.cz/index.php?nid=934&lid=cs&oid=1173655)
Obecní úřad Vysoká nad Labem"
"2057";"Lesní kaple u Sv.Vojtěcha, Příchovice";"Česká Republika";"Turistická známka";"Církevní památky";"Plzeň-jih";"Plzeňský kraj";"Obecní úřad Příchovice (http://www.prichovice.cz/)
TIC, Masarykovo náměstí 311, Přeštice (http://kzprestice.cz/)"
"2058";"Město České Velenice";"Česká Republika";"Turistická známka";"Historická města, Lužnice";"Jindřichův Hradec";"Jihočeský kraj";"Informační centrum České Velenice (https://www.velenice.cz/)
Galerie a muzeum České Velenice (https://www.velenice.cz/)"
"2059";"Rozhledna Špulka u Lbosína";"Česká Republika";"Turistická známka";"Rozhledny a vyhlídky";"Benešov";"Středočeský kraj";"Občerstvení u Rozhledny Špulka (http://www.chopos.cz/)
Hrad Český Šternberk (suvenýry) (http://www.hradceskysternberk.cz/)"
"2060";"Kostel Nejsvětějšího Srdce Páně, Praha - Vinohrady";"Česká Republika";"Turistická známka";"Církevní památky";"Praha";"Hlavní město Praha";"IC, Milešovská 846/1, Praha 3 (https://www.praha3.cz/urad/organizacni-struktura/odbor-vnejsich-vztahu-a-kultury/oddeleni-informacniho-centra/upominkove-a-darkove-predmety#g_1193044)"
"2061";"Vracov";"Česká Republika";"Turistická známka";"Vinařské obce";"Hodonín";"Jihomoravský kraj";"Informační centrum, náměstí Míru 48, Vracov (http://www.mestovracov.cz/)"
"2062";"Město Klimkovice";"Česká Republika";"Turistická známka";"Historická města";"Ostrava-město";"Moravskoslezský kraj";"Turistické informační centrum, Lidická 1, Klimkovice (https://kis.mesto-klimkovice.cz/)"
"2063";"Muzeum historických nočníků a toalet";"Česká Republika";"Turistická známka";"Skanzeny a muzea";"Kolín";"Středočeský kraj";"SAPHO, Ovčáry 322, Ovčáry u Kolína (https://muzeumnocniku.cz/)"
"2064";"Vinařská obec Vranovice";"Česká Republika";"Turistická známka";"Vinařské obce";"Brno-venkov";"Jihomoravský kraj";"Turistické informační centrum, Nádražní 112, Vranovice (http://www.vranovice.eu/)
Obecní úřad Vranovice (http://www.vranovice.eu/)"
"2065";"Telnice - Boží Muka Na Lopatě, Bojiště bitvy tří císařů";"Česká Republika";"Turistická známka";"Válečné památníky";"Brno-venkov";"Jihomoravský kraj";"Obecní úřad Telnice (https://www.telnice.cz/)
Restaurace Orlovna, Masarykovo nám. 7, Telnice (http://www.oreltelnice.cz/restaurace-orlovna-2/#utm_source=mapy.cz&utm_medium=ppd&utm_content=hledani&utm_term=Restaurace%20Orlovn)"
"2066";"Milovy - Žďárské vrchy";"Česká Republika";"Turistická známka";"Pohoří, Přírodní útvary a místa, Žďárské vrchy";"Žďár nad Sázavou";"Kraj Vysočina";"Hotel Devět Skal, Milovy, Svratka - Devět Skal (http://www.orea.cz)
Informační centrum, Palackého 30, Svratka (http://www.svratka.cz/informacni-centrum-svratka/)"
"2067";"Bezdružická lokálka - železniční muzeum Bezdružice";"Česká Republika";"Turistická známka";"Železnice, Skanzeny a muzea";"Tachov";"Plzeňský kraj";"Hotel Jirásek - recepce, Plzeňská 79, Konstantinovy Lázně (https://www.konstantinovylazne.cz/)
Lázeňský hotel Prusík - recepce, Konstantinovy Lázně (https://www.konstantinovylazne.cz/)
Železniční muzeum Bezdružice - nádraží (https://www.bezdruzickalokalka.cz/)
Městský úřad Bezdružice (https://www.bezdruzice.cz/)
Květiny - Dárky, Tichá 5, Konstantinovy Lázně"
"2068";"Muzeum vltavínů, Český Krumlov";"Česká Republika";"Turistická známka";"Skanzeny a muzea, Vltava";"Český Krumlov";"Jihočeský kraj";"Muzeum vltavínů, Panská 19, Český Krumlov (vltaviny.cz)"
"2069";"Železniční muzeum moravskoslezské, Ostrava";"Česká Republika";"Turistická známka";"Železnice, Skanzeny a muzea";"Ostrava-město";"Moravskoslezský kraj";"Železniční muzeum - železniční stanice Ostrava střed (zmms.cz)
ČD centrum Ostrava (http://www.ceskedrahy.cz/tiskove-centrum/fotogalerie/nadrazi/-1208/)"
"2070";"Korunní pevnůstka Olomouc";"Česká Republika";"Turistická známka";"Válečné památníky";"Olomouc";"Olomoucký kraj";"Korunní pevnůstka, tř. 17. listopadu 7, Olomouc (pevnostolomouc.cz)"
"2071";"Nýřany - stálá expozice hornictví";"Česká Republika";"Turistická známka";"Skanzeny a muzea, Historická města";"Plzeň-sever";"Plzeňský kraj";"Městská knihovna, Nerudova 411, Nýřany (http://www.nyrany.cz/)"
"2072";"Dašovský mlýn, Štěměchy";"Česká Republika";"Turistická známka";"Technické památky";"Třebíč";"Kraj Vysočina";"Dašovský mlýn, Štěměchy (mastna.com)
Obecní úřad Štěměchy (https://www.stemechy.cz/)"
"2073";"Město Aš";"Česká Republika";"Turistická známka";"Historická města";"Cheb";"Karlovarský kraj";"Informační centrum, Hlavní 23, Aš (https://www.info-as.cz/)"
"2074";"Zámek Štědrá";"Česká Republika";"Turistická známka";"Zámky, Slavkovský les";"Karlovy Vary";"Karlovarský kraj";"Zámek Štědrá (zamekstedra.cz)"
"2075";"Apollónův chrám, Lednice";"Česká Republika";"Turistická známka";"Zámky, Lednicko-valtický areál";"Břeclav";"Jihomoravský kraj";"Chrám Apollo, Lednice (chram-apollo.cz)
Turistické Infocentrum, Malinovského 25, Lednice (https://www.lednice.cz/obec/turista/turisticke-informacni-centrum/)"
"2076";"Veverská Bítýška";"Česká Republika";"Turistická známka";"Historická města";"Brno-venkov";"Jihomoravský kraj";"Jarošův mlýn, Na Bílém potoce 89, Veverská Bitýška (http://www.jarosuvmlyn.cz/)
Knihovna, Na Městečku 72, Veverská Bítýška (http://www.obecveverskabityska.cz/)
Restaurace Na Městečku, Na Městečku 71, Veverská Bítýška (https://www.namestecku.cz/)"
"2077";"Cesta horských nosičů, Krkonoše";"Česká Republika";"Turistická známka";"Pohoří, Stezky a trasy, Krkonoše";"Trutnov";"Královéhradecký kraj";"Hospoda Horských nosičů, Velká Úpa 87 (cestahorskychnosicu.cz)
Děčínská bouda - Růžohorky (cestahorskychnosicu.cz)
Informační centrum Turista, Pec pod Sněžkou (http://turistapec.cz/)
Infocentrum Veselý Výlet, Hlavní ulice 196, Pec pod Sněžkou (http://www.veselyvylet.cz/cz/vv5.html)
Infocentrum Veselý Výlet, Horní Maršov - Temný Důl 46 (http://www.veselyvylet.cz/)
Česká poštovna Anežka - Sněžka (http://www.postovnasnezka.cz/)
Suvenýry - autobusové nádraží Špindlerův Mlýn"
"2078";"Rybník Bezdrev - Zliv";"Česká Republika";"Turistická známka";"Přírodní útvary a místa";"České Budějovice";"Jihočeský kraj";"Velké parkoviště, Hluboká nad Vltavou (hluboka.cz)
Hračky, Masarykova 976, Hluboká nad Vltavou (http://www.suvenyryhluboka.cz/)
Infocentrum, Zborovská 80, Hluboká nad Vltavou (https://www.hluboka.cz/)
Informační centrum, Dolní náměstí 585, Zliv (zliv.cz)"
"2079";"Rozhledna Janov - České Švýcarsko";"Česká Republika";"Turistická známka";"Rozhledny a vyhlídky";"Děčín";"Ústecký kraj";"Potraviny - KONZUM, Hřensko 105 (hrensko.cz)
Informační centrum, Hřensko 71 (hrensko.cz)
Hotel u Zeleného stromu (uzelenehostromu.cz)"
"2080";"Pohádková Vesnička Podlesíčko";"Česká Republika";"Turistická známka";"Volnočasové areály";"Žďár nad Sázavou";"Kraj Vysočina";"Pohádková vesnička Podlesíčko, Sněžné - Podlesí (pohadkovavesnicka.cz)"
"2081";"Tesařovská kaple Kořenov";"Česká Republika";"Turistická známka";"Církevní památky";"Jablonec nad Nisou";"Liberecký kraj";"Občerstvení pod rozhlednou Štěpánka (http://www.turnovska-chata.cz)
Informační centrum Kořenov (http://www.jizerkyprovas.cz/cs-tesarovska_kaple)"
"2082";"Rozhledna na Kotli u Rokycan";"Česká Republika";"Turistická známka";"Rozhledny a vyhlídky";"Rokycany";"Plzeňský kraj";"Infocentrum, Masarykovo náměstí 1, Rokycany (rokycany.cz)
Muzeum na demarkační linii, Rokycany (http://www.bahna.eu/)"
"2083";"Oblík, České středohoří";"Česká Republika";"Turistická známka";"Pohoří, Přírodní útvary a místa, České středohoří";"Louny";"Ústecký kraj";"Skleník Raná - restaurace (http://www.ranskahora.cz/)
Ejmova chata na Stříbrníku (https://www.cervenak-rozhledna.cz/)"
"2084";"Královský kámen, Šumava";"Česká Republika";"Turistická známka";"Pohoří, Přírodní útvary a místa, Šumava";"Prachatice";"Jihočeský kraj";"Rozhledna Klostermannova, Javorník (http://www.javornik.cz/rozhledna.php)
Informační středisko Javorník na Šumavě (www.javornik.cz)
Informační středisko Stachy (http://www.stachy.net/)
nedávat Penzion na Podlesí - Javorník 4, Šumava (http://www.napodlesi.cz/#utm_source=mapy.cz&utm_medium=ppd&utm_campaign=firmy.cz-13231298)
Hotel Krásná Vyhlídka, Vacov - Javorník 42 (http://www.hotel-vyhlidka.cz/)"
"2085";"Muzeum hraček Jablonec nad Nisou";"Česká Republika";"Turistická známka";"Skanzeny a muzea";"Jablonec nad Nisou";"Liberecký kraj";"Muzeum hraček, U Zeleného Stromu 2, Jablonec nad Nisou (http://www.muzeum-hracek-jablonec.cz/)"
"2086";"Pramen Radbuzy";"Česká Republika";"Turistická známka";"Pohoří, Přírodní útvary a místa, Český les";"Domažlice";"Plzeňský kraj";"Rekreační středisko Rybník č.p. 43, Hostouň (rybnik-ceskyles.cz)"
"2087";"Hrad a knihovna Soběslav";"Česká Republika";"Turistická známka";"Hrady, Lužnice";"Tábor";"Jihočeský kraj";"Infocentrum, Soběslav (http://www.musobeslav.cz/)
Husitské muzeum, Žižkovo náměstí 1, Tábor (http://www.husitskemuzeum.cz/chodby-stredovekeho-podzemi/)
Trafika na náměstí č.p. 150, Soběslav - Zdeněk Nouza"
"2088";"Muzeum Zdeňka Buriana - Štramberk";"Česká Republika";"Turistická známka";"Skanzeny a muzea";"Nový Jičín";"Moravskoslezský kraj";"Muzeum Zdeňka Buriana Štramberk (stramberk.cz)"
"2089";"Klášter Tuchoměřice";"Česká Republika";"Turistická známka";"Církevní památky";"Praha-západ";"Středočeský kraj";"Kavárna Nebe na zemi, Tuchoměřice (havlova.zuza@gmail.com)"
"2090";"Hrad Brada";"Česká Republika";"Turistická známka";"Hrady";"Jičín";"Královéhradecký kraj";"Penzion Brada, Brada 7 (http://www.penzion-brada.cz/)
Informační centrum, Jičín (http://www.jicin.org/)
Turistické centrum Český ráj, Prachov (www.prachovskeskaly.cz)
Hlavní parkoviště Prachov"
"2091";"Rozhledna na Stráži, Sloup v Čechách";"Česká Republika";"Turistická známka";"Rozhledny a vyhlídky";"Česká Lípa";"Liberecký kraj";"Rozhledna Na Stráži (https://www.nastrazi.cz/)"
"2092";"Filipova Huť, Šumava";"Česká Republika";"Turistická známka";"Pohoří, Šumava";"Klatovy";"Plzeňský kraj";"Turistické centrum Chata Terezka, Kvilda 35 (https://chataterezka.cz/)
Informační středisko, Horská Kvilda 40 (http://horskakvilda.eu/)
Informační centrum, Modrava 63 (https://www.sumavanet.cz/modrava/)
Penzion U Dáši, Filipova Huť 71 (http://ubytovani-dasa.webnode.cz/)
Suvenýry U RYSA, Kvilda 18"
"2093";"Rozhledna Skalka – Vyžlovka";"Česká Republika";"Turistická známka";"Rozhledny a vyhlídky";"Praha-východ";"Středočeský kraj";"Informační centrum, Příčná 11, Mukařov (https://www.mukarov.cz/)"
"2094";"Město Slavkov u Brna";"Česká Republika";"Turistická známka";"Historická města";"Vyškov";"Jihomoravský kraj";"Zámek Slavkov - pokladna (www.slavkov.cz)
Zámek Slavkov - informační centrum (www.slavkov.cz)"
"2095";"Muzeum lokálky Doudleby - Vamberk - Rokytnice";"Česká Republika";"Turistická známka";"Železnice, Skanzeny a muzea, Technické památky";"Rychnov nad Kněžnou";"Královéhradecký kraj";"Muzeum lokálky Doudleby- Vamberk- Rokytnice, Rokytnice v Orlických horách (https://www.facebook.com/muzeumDVR#utm_source=mapy.cz&utm_medium=ppd&utm_campaign=firmy.cz-13077578)
Městské informační a kulturní středisko Rokytnice v Orlických horách (http://www.info.rokytnice.cz/)"
"2096";"Poutní kostel Panny Marie Bolestné, Sloup";"Česká Republika";"Turistická známka";"Církevní památky";"Blansko";"Jihomoravský kraj";"Úřad městyse Sloup (www.sloup.info)
Informační centrum Sloup (červenec - srpen, 9-17 hodin) (https://www.mestyssloup.cz/turista/turisticke-cile/informacni-stredisko-0_14.html)"
"2097";"Trojmezí Česko - Německo - Polsko";"Česká Republika";"Turistická známka";"Geografické body";"Liberec";"Liberecký kraj";"Brána trojzemí - IC, Horní náměstí 71, Hrádek nad Nisou (http://www.hradek.cz/)"
"2098";"Mikulášská štola, Hora Svaté Kateřiny";"Česká Republika";"Turistická známka";"Pohoří, Technické památky, Krušné hory";"Most";"Ústecký kraj";"Obecní úřad Hora Svaté Kateřiny (http://www.horasvatekateriny.cz/)"
"2099";"Janův hrad Vizovice";"Česká Republika";"Turistická známka";"Hrady";"Zlín";"Zlínský kraj";"Infocentrum, Masarykovo náměstí 1008, Vizovice (http://www.mestovizovice.cz/)
Dům kultury Vizovice (http://www.mestovizovice.cz/)
Galerie Mariette, Palackého náměstí 376, Vizovice (http://www.mariette.cz/)
Revika, Lázeňská 1035, Vizovice (http://revika.cz/)
U Tonka, Masarykovo nám. 414, Vizovice (http://www.utonka.cz/)"
"2100";"Hejnické skalní vyhlídky";"Česká Republika";"Turistická známka";"Pohoří, Přírodní útvary a místa, Jizerské hory";"Liberec";"Liberecký kraj";"Infocentrum, Klášterní 87, Hejnice (https://www.mestohejnice.cz/)
Cukrárna u kostela, Klášterní, Hejnice (https://www.facebook.com/cukrarnaukostela/)
Klášter Hejnice, recepce (https://klasterhejnice.cz/cs/)
Restaurace U Tetřeva Hejnice - Ferdinandov
Infocentrum, Lázně Libverda 17 (http://www.laznelibverda.cz/cs/volny-cas/turisticke-informace/informacni-centrum.html)
Turistické infocentrum, Nové Město pod Smrkem (http://infocentrum-nmps.cz/cz/)
Infocentrum, Josefův Důl 210 (http://josefuvdul.eu/)
Trafika, Josefův Důl č. 297 (u kostela) (www.trafikajosefuvdul.websnadno.cz)
Balustráda Restaurant & Café, Libverda (https://www.facebook.com/people/Cukr%C3%A1rna-Balustr%C3%A1da-L%C3%A1zn%C4%9B-Libverda/100093144398054/)
Turistické informační centrum Hejnice"
"2101";"Pančavský vodopád - KRKONOŠE";"Česká Republika";"Turistická známka";"Přírodní útvary a místa, Pohoří, Krkonoše";"Trutnov";"Královéhradecký kraj";"Restaurace Myslivna, Špindlerův Mlýn 264
Infoservis Fremr, Harrachov 478 (http://www.harrachov.cz/fremr/)
Infocentrum Správy KRNAP, Harrachov 442 (https://www.krnap.cz/ic-harrachov/)
Lesnická expozice Šindelka, Harrachov 269 (https://www.krnap.cz/expozice-sindelka-harrachov/)
Infocentrum KRNAP, Špindlerův Mlýn 269 (https://www.krnap.cz/ic-spidleruv-mlyn/)
TIC, Svatopetrská 173, Špindlerův Mlýn (https://www.mestospindleruvmlyn.cz/)
Infocentrum SPINDL.INFO, Špindlerův Mlýn 10 (https://www.spindleruv-mlyn.com/cz/)
Suvenýry - autobusové nádraží Špindlerův Mlýn
Horský hotel Labská Bouda (http://www.labskabouda.cz/)"
"2102";"Pivovar Poděbrady";"Česká Republika";"Turistická známka";"Historické pivovary";"Nymburk";"Středočeský kraj";"TIC, Nám. T.G. Masaryka 210/17 (budova vlakového nádraží), Poděbrady (https://www.facebook.com/ticpodebrady/)
Restaurace v pivovaře, Husova 24, Poděbrady (http://www.restauracevpivovare.cz/)"
"2103";"Hornický skanzen Žacléř";"Česká Republika";"Turistická známka";"Technické památky, Skanzeny a muzea";"Trutnov";"Královéhradecký kraj";"Hornický skanzen Žacléř (http://www.djs-ops.cz/)"
"2104";"Rozhledna Pohoř - Olšová";"Česká Republika";"Turistická známka";"Rozhledny a vyhlídky";"Nový Jičín";"Moravskoslezský kraj";"Informační centrum, Masarykovo náměstí 25, Odry (http://www.odry.cz/)"
"2105";"Zámek Světlá nad Sázavou";"Česká Republika";"Turistická známka";"Zámky, Sázava";"Havlíčkův Brod";"Kraj Vysočina";"TIC, nám. Trčků z Lípy 16, Světlá nad Sázavou (https://www.kyticesvetla.cz/)
Zámek Světlá nad Sázavou (http://www.zameksvetla.cz/)"
"2106";"Pamětní síň a přívoz Oty Pavla, Luh pod Branovem";"Česká Republika";"Turistická známka";"Lodní doprava, Památníky, Vodácké řeky, Berounka";"Rakovník";"Středočeský kraj";"Infocentrum CHKO, nám. Sv. Čecha 82, Křivoklát (http://www.is-krivoklat.cz/)
Parkoviště, Křivoklát
Pamětní síň a přívoz Oty Pavla, Luh pod Branovem (www.otapavel.cz)"
"2107";"Kostel sv. Vintíře, Dobrá Voda u Sušice";"Česká Republika";"Turistická známka";"Církevní památky";"Klatovy";"Plzeňský kraj";"Infocentrum, Hartmanice 40 (http://www.muhartmanice.cz/)
Dům sv. Vintíře, Dobrá Voda (http://www.vintir-dum.eu/)"
"2108";"Zámek Ostrov";"Česká Republika";"Turistická známka";"Zámky, Krušné hory";"Karlovy Vary";"Karlovarský kraj";"Infocentrum Na Zámku Ostrov (https://www.icostrov.cz/informacni-centrum/)"
"2109";"Národní zemědělské muzeum - Praha";"Česká Republika";"Turistická známka";"Skanzeny a muzea";"Praha";"Hlavní město Praha";"Národní zemědělské muzeum v Praze (nzm.cz)"
"2110";"NZM Valtice - Muzeum vinařství, zahradnictví a životního prostředí";"Česká Republika";"Turistická známka";"Skanzeny a muzea, Lednicko-valtický areál";"Břeclav";"Jihomoravský kraj";"Muzeum vinařství, zahradnictví a životního prostředí Valtice (nzm.cz)"
"2111";"Hřebčín Slatiňany";"Česká Republika";"Turistická známka";"Skanzeny a muzea";"Chrudim";"Pardubický kraj";"Národní hřebčín, Slatiňany (http://www.nhkladruby.cz/)
Infocentrum, T. G. Masaryka 36, Slatiňany (http://infocentrum.slatinany.cz/)"
"2112";"Rozhledna Žernovník";"Česká Republika";"Turistická známka";"Rozhledny a vyhlídky";"Blansko";"Jihomoravský kraj";"Pohostinství U Zvěřinů a Zahrádka Ahoj, Žernovník 10 (zernovnik.sweb.cz)"
"2113";"Rozhledna Lhotka, Hradčovice";"Česká Republika";"Turistická známka";"Rozhledny a vyhlídky";"Uherské Hradiště";"Zlínský kraj";"Obecní úřad Hradčovice (hradcovice.cz)
Penzion U Holuba, Hradčovice 68 (https://www.penzionuholuba.cz/)"
"2114";"Hvězdárna Valašské Meziříčí";"Česká Republika";"Turistická známka";"Hvězdárny";"Vsetín";"Zlínský kraj";"Hvězdárna Valašské Meziříčí (https://www.astrovm.cz/cz/)"
"2115";"Památník Leoše Janáčka, Hukvaldy";"Česká Republika";"Turistická známka";"Památníky";"Frýdek-Místek";"Moravskoslezský kraj";"Občerstvení U brány, Hukvaldy
Informační centrum, Hukvaldy 40 (https://www.ic-hukvaldy.cz/)
Památník Leoše Janáčka, Hukvaldy (janacek-nadace.cz)"
"2116";"Muzeum Janecký Chotoviny";"Česká Republika";"Turistická známka";"Skanzeny a muzea, Technické památky";"Tábor";"Jihočeský kraj";"Muzeum Janecký Chotoviny, Táborská 199 (www.janecky.cz/veterani)"
"2117";"Jaderná elektrárna Dukovany - Informační centrum";"Česká Republika";"Turistická známka";"Technické památky";"Třebíč";"Kraj Vysočina";"IC jaderné elektrárny, Dukovany 269, Dukovany (https://www.cez.cz/cs/o-cez/vyrobni-zdroje/jaderna-energetika/jaderna-energetika-v-ceske-republice/edu#utm_source=mapy.cz&utm_medi)"
"2118";"Rozhledna Čáp, Teplice nad Metují";"Česká Republika";"Turistická známka";"Rozhledny a vyhlídky";"Náchod";"Královéhradecký kraj";"Zámek Skály - Bischofstein, Skály (http://www.bischofstein.cz/)
Knihkupectví - Papírnictví, Zámecká 21, Teplice nad Metují
Stánek u hotelu Lesní Zátiší, Adršpach (skalyadrspach.cz)
Kulturní informační středisko, Teplice nad Metují (https://www.teplicenadmetuji.cz/turista/informacni-centrum/)"
"2119";"Březenský drak, Březno";"Česká Republika";"Turistická známka";"Technické památky";"Chomutov";"Ústecký kraj";"Turistická známka ZRUŠENA"
"2120";"Muzeum dýmek, Proseč";"Česká Republika";"Turistická známka";"Skanzeny a muzea";"Chrudim";"Pardubický kraj";"Turistické informační centrum Maštale, Borská 125, Proseč (https://www.mastale.cz/cs/tic-mastale-prosec)"
"2121";"Město Nový Jičín";"Česká Republika";"Turistická známka";"Historická města";"Nový Jičín";"Moravskoslezský kraj";"Návštěvnické centrum, Masarykovo nám. 45/29, Nový Jičín (http://www.mestoklobouku.cz/)"
"2122";"Muzeum ve Šlapanicích";"Česká Republika";"Turistická známka";"Skanzeny a muzea";"Brno-venkov";"Jihomoravský kraj";"Muzeum ve Šlapanicích, Masarykovo nám. 18 (predklasteri.muzeumbrnenska.cz)"
"2123";"Město Bruntál";"Česká Republika";"Turistická známka";"Historická města";"Bruntál";"Moravskoslezský kraj";"Infocentrum, Náměstí Míru 64/7, Bruntál (http://www.mubruntal.cz/)
Gabrielův dům - Bruntál Shop (https://www.facebook.com/BruntalShop/)"
"2124";"Muzeum energie, Velké Hamry";"Česká Republika";"Turistická známka";"Skanzeny a muzea, Technické památky";"Jablonec nad Nisou";"Liberecký kraj";"Muzeum Energie, Velké Hamry - Mezivodí (muzeumenergie.cz)"
"2125";"Kostel sv. Václava, Výsluní";"Česká Republika";"Turistická známka";"Církevní památky";"Chomutov";"Ústecký kraj";"Městský úřad, Výsluní 14 (http://www.mesto-vysluni.cz/)
Restaurace U Slunce, Výsluní (http://www.mesto-vysluni.cz/)
Restaurace U Zlatého jelena, Výsluní (http://www.uzlatehojelena.cz/)"
"2126";"Důl Jeroným v Čisté u Rovné";"Česká Republika";"Turistická známka";"Technické památky, Pohoří, Skanzeny a muzea, Slavkovský les";"Sokolov";"Karlovarský kraj";"Hornické muzeum Krásno, Cínová 408, Krásno (http://www.omks.cz/main.php?page=hornicke-muzeum-krasno)
Důl Jeroným, Rovná - Podstrání (http://www.omks.cz/cz/vypis.php?PHPSESSID=660460dfb34a6c7d50618a9219558dc6)"
"2127";"Rozhledna Cibulka, Oloví";"Česká Republika";"Turistická známka";"Rozhledny a vyhlídky, Krušné hory";"Sokolov";"Karlovarský kraj";"Městský úřad Oloví, Hory 42 (https://www.olovi.cz/)
Infocentrum, 5. května 655, Sokolov (http://www.mdksokolov.cz/)"
"2128";"Štola č. 1 Jáchymov";"Česká Republika";"Turistická známka";"Technické památky, Skanzeny a muzea, Pohoří, Krušné hory";"Karlovy Vary";"Karlovarský kraj";"Štola č. 1 - hornické muzeum, Jáchymov (http://www.omks.cz/main.php?page=stola-c-1-jachymov)"
"2129";"Zetor Gallery, Brno";"Česká Republika";"Turistická známka";"Skanzeny a muzea, Technické památky";"Brno-město";"Jihomoravský kraj";"Prodej dočasně pozastaven
Návštěvnické centrum Turistických známek, Rýmařov (http://www.turisticke-znamky.cz/)"
"2130";"Barokní areál Vraclav";"Česká Republika";"Turistická známka";"Církevní památky, Skanzeny a muzea";"Ústí nad Orlicí";"Pardubický kraj";"Obecní úřad Vraclav (https://www.muzeum-myto.cz/cs/barokni-areal-vraclav)"
"2131";"Panská rozhledna";"Česká Republika";"Turistická známka";"Rozhledny a vyhlídky, Slavkovský les";"Cheb";"Karlovarský kraj";"Obecní úřad Drmoul (obecdrmoul.cz)
Infocentrum, Hlavní 47, Mariánské Lázně (marianskelazne.cz)
Stánky u Karolininy kolonády, Mariánské Lázně"
"2132";"Vlhošť 614 m n. m.";"Česká Republika";"Turistická známka";"Přírodní útvary a místa, CHKO a rezervace";"Česká Lípa";"Liberecký kraj";"Obecní úřad, Holany (http://www.holany.cz/)"
"2133";"Kynžvartský hrad";"Česká Republika";"Turistická známka";"Hrady, Pohoří, Slavkovský les";"Cheb";"Karlovarský kraj";"Městský úřad Lázně Kynžvart (http://www.laznekynzvart.cz/)
Zámek Kynžvart (https://www.zamek-kynzvart.cz/en)"
"2134";"Rozhledna Komec, Brno";"Česká Republika";"Turistická známka";"Rozhledny a vyhlídky";"Brno-město";"Jihomoravský kraj";"Sportovní areál Brno Komárov (komec.cz)"
"2135";"Vrtbovská zahrada, Praha";"Česká Republika";"Turistická známka";"Zahrady a parky";"Praha";"Hlavní město Praha";"Vrtbovská zahrada, Praha - Malá Strana (vrtbovska.cz)"
"2136";"Růžový Palouček u Litomyšle";"Česká Republika";"Turistická známka";"Památná místa a obce, Památníky";"Svitavy";"Pardubický kraj";"Infocentrum, Smetanovo náměstí 72, Litomyšl (http://www.ticlitomysl.cz/)
Zámecké Infocentrum, Jiráskova 133, Litomyšl (http://www.ticlitomysl.cz/)"
"2137";"Zámek Řitka";"Česká Republika";"Turistická známka";"Zámky";"Praha-západ";"Středočeský kraj";"Zámek Řitka (prosím volejte 608 822 314, 603 442 220) (zamekritka.cz)
Informační centrum, 5. května 912, Dobřichovice (dobrichovice.cz)"
"2138";"Dolský Mlýn";"Česká Republika";"Turistická známka";"Technické památky, Pohoří, Labské pískovce";"Děčín";"Ústecký kraj";"Infocentrum, Jetřichovice (https://www.npcs.cz/informacni-strediska#informacni-centrum-jetrichovice)
Infocentrum, Srbská Kamenice 224 (www.srbskakamenice.cz)
Informační centrum, Hřensko 71 (hrensko.cz)
Infocentrum U Fořta na Mezní Louce (https://www.uforta.cz/)
Obecní úřad Růžová (http://www.obec-ruzova.cz/)
Restaurace U kostela - Růžová (http://www.restauraceruzova.cz/index.php)"
"2139";"Parostrojní pivovar Lobeč u Mšena";"Česká Republika";"Turistická známka";"Historické pivovary";"Mělník";"Středočeský kraj";"Parostrojní Pivovar v Lobči (lobec.cz)"
"2140";"Technické muzeum Liberec";"Česká Republika";"Turistická známka";"Skanzeny a muzea, Technické památky";"Liberec";"Liberecký kraj";"Technické muzeum Liberec, U Obchodní komory, Liberec (https://www.tmliberec.cz/)"
"2141";"Zámek Lešany";"Česká Republika";"Turistická známka";"Zámky";"Benešov";"Středočeský kraj";"Regionální muzeum, Masarykovo nám. 16, Jílové u Prahy (http://muzeumjilove.cz/)
Zámek Lešany, Lešany 100 (http://www.zameklesany.cz/)"
"2142";"Rozhledna na Pekelném kopci u Třebíče";"Česká Republika";"Turistická známka";"Rozhledny a vyhlídky";"Třebíč";"Kraj Vysočina";"TIC Národní dům, Karlovo náměstí 47, Třebíč (stará verze) (https://www.mkstrebic.cz/turisticka-informacni-centra/)"
"2143";"Elektrárna Ledvice - Informační centrum";"Česká Republika";"Turistická známka";"Technické památky";"Teplice";"Ústecký kraj";"Informační centrum, Břežánská 50/4, Bílina (https://www.icbilina.cz/)
Informační centrum - Elektrárna Ledvice (https://www.cez.cz/cs/o-cez/infocentra/infocentrum-ledvice-47622#utm_source=mapy.cz&utm_medium=ppd&utm_content=hledani&utm_term=In)"
"2144";"Poutní kostel Lomec";"Česká Republika";"Turistická známka";"Církevní památky";"Strakonice";"Jihočeský kraj";"Poutní místo Lomec (http://www.infocentrumvodnany.cz/infocentrum)
Klášter Kongregace Šedých sester, Lomec 62 (http://www.lomec.cz/)
Infocentrum, Mírové nám. 248, Netolice (http://www.netolice.cz/)
Muzeum JUDr. O. Kudrny, Mírové Nám. 248, Netolice (https://www.muzeumnetolice.cz/)
Infocentrum, nám. Svobody 18, Vodňany (http://www.infocentrumvodnany.cz/infocentrum)"
"2145";"Drtinova rozhledna na Besedné";"Česká Republika";"Turistická známka";"Rozhledny a vyhlídky";"Příbram";"Středočeský kraj";"Chotilské muzeum střední Vltavy a balónového létání (https://www.chotilskemuzeum.cz/)
Restaurace u Melíšků, Jablonná 74 (https://www.umelisku.cz/inpage/uvod/)"
"2146";"Salaš, Chřiby";"Česká Republika";"Turistická známka";"Rozhledny a vyhlídky, Pohoří, Chřiby";"Uherské Hradiště";"Zlínský kraj";"Obecní úřad, Salaš 85 (salasuh.cz)
Občerstvení U Vaňků, Salaš E 123 (https://mapy.cz/turisticka?x=17.3516211&y=49.1380913&z=17&source=firm&id=12986542)
Hospoda Na Dolině, Salaš 21 (salasuh.cz)
Restaurace Salaš - Mlýn, Salaš 20 (https://penzionsalas.cz/)"
"2147";"Podstávkový dům - Lipová";"Česká Republika";"Turistická známka";"Technické památky, Skanzeny a muzea";"Děčín";"Ústecký kraj";"Informační centrum, Lipová 424, Lipová (http://www.lipova.cz/)"
"2148";"Muzeum papírových modelů, Police nad Metují";"Česká Republika";"Turistická známka";"Skanzeny a muzea";"Náchod";"Královéhradecký kraj";"Knihkupectví, Komenského nám. 402, Police nad Metují
Muzeum papírových modelů, Tyršova 345, Police nad Metují (http://mpmpm.cz/)"
"2149";"Křížová cesta a Malé varhany u Šluknova";"Česká Republika";"Turistická známka";"Církevní památky";"Děčín";"Ústecký kraj";"Infocentrum, Zámecká 642, Šluknov (https://zamek.mestosluknov.cz/)"
"2150";"Huť František v Sázavě";"Česká Republika";"Turistická známka";"Technické památky, Sázava";"Benešov";"Středočeský kraj";"Prodej dočasně pozastaven
Návštěvnické centrum Turistických známek, Rýmařov (http://www.turisticke-znamky.cz/)"
"2151";"Ostružná, Jeseníky - expozice hudebních nástrojů";"Česká Republika";"Turistická známka";"Skanzeny a muzea, Pohoří, Jeseníky";"Jeseník";"Olomoucký kraj";"Expozice hudebních nástrojů areál Skiland, Ostružná (http://www.expoziceh.cz/)"
"2152";"Lánská obora";"Česká Republika";"Turistická známka";"Zahrady a parky";"Kladno";"Středočeský kraj";"Ukázková obůrka Lánské obory (https://lslany.cz/stezka.html)"
"2153";"Královská mincovna Jáchymov";"Česká Republika";"Turistická známka";"Skanzeny a muzea, Krušné hory";"Karlovy Vary";"Karlovarský kraj";"Královská mincovna, nám. Republiky 37, Jáchymov (kvmuz.cz)"
"2154";"Město Březnice";"Česká Republika";"Turistická známka";"Historická města";"Příbram";"Středočeský kraj";"Infocentrum, V Koleji 1, Březnice (https://www.breznice.cz/)"
"2155";"Trojmezí Čechy - Sasko - Horní Lužice";"Česká Republika";"Turistická známka";"Geografické body";"Děčín";"Ústecký kraj";"Informační centrum, Lipová 424, Lipová (http://www.lipova.cz/)"
"2156";"Vsacký Cáb";"Česká Republika";"Turistická známka";"Pohoří, Horské chaty a boudy, Přírodní útvary a místa, Beskydy";"Vsetín";"Zlínský kraj";"Horský hotel Vsacký Cáb (http://www.hotelvsackycab.cz/)"
"2157";"Loreta Praha";"Česká Republika";"Turistická známka";"Církevní památky";"Praha";"Hlavní město Praha";"Provincie kapucínů v ČR - Loreta Praha (https://www.loreta.cz/domains/loreta.cz/index.php/cz/)
Široký dvůr, Loretánské nám. 110/4, Praha 1-Hradčany (https://cdmusic.cz/)
Loreta - suvenýry, Loretánská 106/23, Praha 1"
"2158";"Rozhledna Žernov";"Česká Republika";"Turistická známka";"Rozhledny a vyhlídky";"Náchod";"Královéhradecký kraj";"Rozhledna Žernov (https://www.ceskoskalicko.cz/)
Obecní úřad Žernov (https://zernov.cz/)
Informační centrum, Legionářská 33, Česká Skalice (https://www.ceskoskalicko.cz/)"
"2159";"Kostel Stětí sv. Jana Křtitele, Dolní Chabry - Praha";"Česká Republika";"Turistická známka";"Církevní památky";"Praha";"Hlavní město Praha";"Chaberský dvůr, Hrušovanské nám. 253/5, Dolní Chabry (https://www.dchabry.cz/)
Kavárna Pod pavlačí, Bílenecké náměstí 15/11, Praha (www.kavarnapodpavlaci.cz)"
"2160";"Středověké podzemí, Světlá nad Sázavou";"Česká Republika";"Turistická známka";"Technické památky, Sázava";"Havlíčkův Brod";"Kraj Vysočina";"TIC, nám. Trčků z Lípy 16, Světlá nad Sázavou (https://www.kyticesvetla.cz/)
Zámek Světlá nad Sázavou (http://www.zameksvetla.cz/)"
"2161";"Kostel sv. Bartoloměje, Praha - Kyje";"Česká Republika";"Turistická známka";"Církevní památky";"Praha";"Hlavní město Praha";"Inf. kancelář Úřadu městské části Praha 14, Bří Venclíků 1073 (https://www.praha14.cz/)"
"2162";"Stavovské divadlo, Praha";"Česká Republika";"Turistická známka";"Historické budovy a stavby";"Praha";"Hlavní město Praha";"Pokladna Stavovského divadla, Ovocný trh 1, Praha (https://www.narodni-divadlo.cz/cs/sceny/stavovske-divadlo)
Pokladna Národního divadla, Národní 4, Praha 1 (http://www.novascena.cz/cs/)
TIC Středočeské centrály cest. ruchu, Husova 156/21, Praha 1 (https://www.centralbohemia.cz/)"
"2163";"Mariina vyhlídka - Rudolfův kámen";"Česká Republika";"Turistická známka";"Přírodní útvary a místa, Pohoří, Rozhledny a vyhlídky, Národní park České Švýcarsko";"Děčín";"Ústecký kraj";"Infocentrum, Jetřichovice (https://www.npcs.cz/informacni-strediska#informacni-centrum-jetrichovice)
Infocentrum, Srbská Kamenice 224 (www.srbskakamenice.cz)
Dům Českého Švýcarska, Křinické náměstí 10, Krásná Lípa (https://www.npcs.cz/informacni-strediska#dum-ceskeho-svycarska-v-krasne-lipe)
Informační centrum, Hřensko 71 (hrensko.cz)
Infocentrum U Fořta na Mezní Louce (https://www.uforta.cz/)"
"2164";"Trojmezí Čechy-Horní Lužice- Slezsko";"Česká Republika";"Turistická známka";"Geografické body";"Liberec";"Liberecký kraj";"Obecní úřad Bílý Potok (bily-potok.cz)"
"2165";"Trojmezí Čechy - Morava - Dolní Rakousko";"Česká Republika";"Turistická známka";"Geografické body";"Jindřichův Hradec";"Jihočeský kraj";"TIC Slavonice, náměstí Míru 476, Slavonice (i.slavonice-mesto.cz)
Návštěvnické centrum Graselových stezek, Na potoku 629, Slavonice (http://www.zdrojslavonice.cz)"
"2166";"Rozhledna Svákov";"Česká Republika";"Turistická známka";"Rozhledny a vyhlídky, Lužnice";"Tábor";"Jihočeský kraj";"Infocentrum, Soběslav (http://www.musobeslav.cz/)
Husitské muzeum, Žižkovo náměstí 1, Tábor (http://www.husitskemuzeum.cz/chodby-stredovekeho-podzemi/)"
"2167";"Socha Svatého Jana Nepomuckého - Čepice";"Česká Republika";"Turistická známka";"Církevní památky, Vodácké řeky, Otava";"Klatovy";"Plzeňský kraj";"Hostinec u Polenů, Čepice
Tábořiště, Čepice (https://www.rssever.cz/)
""Hradní krám u Marušky"", Rabí (http://www.hradrabi.cz/)
Global - smíšené zboží, Čepice
Infocentrum města Rabí, Rabí 57 (https://www.mestorabi.cz/)"
"2168";"Vrch Boreč";"Česká Republika";"Turistická známka";"Přírodní útvary a místa, Pohoří, České středohoří";"Litoměřice";"Ústecký kraj";"Informační centrum Lovosice (http://www.meulovo.cz/)
Český včelař, Pnětluky 20, Podsedice"
"2169";"Braunův betlém u Kuksu";"Česká Republika";"Turistická známka";"Přírodní útvary a místa";"Trutnov";"Královéhradecký kraj";"Hospital Kuks - pokladna (hospital-kuks.cz)
Kiosek na parkovišti, Kuks (kuks.cz)
Turistické informační centrum Kuks"
"2170";"Kladenský zámek";"Česká Republika";"Turistická známka";"Zámky";"Kladno";"Středočeský kraj";"Městské informační centrum, Gorkého 499, Kladno (http://www.mestokladno.cz/)
ČD Centrum Kladno (http://www.ceskedrahy.cz/tiskove-centrum/fotogalerie/nadrazi/-1208/)"
"2171";"Zámek Vrbičany";"Česká Republika";"Turistická známka";"Zámky";"Litoměřice";"Ústecký kraj";"Zámek Vrbičany (http://www.zamekvrbicany.cz/)
Sempra Vrbičany (kancelář v zámeckém dvoře) (http://www.zamekvrbicany.cz/)"
"2172";"Keltské oppidum Závist";"Česká Republika";"Turistická známka";"Archeo";"Praha-západ";"Středočeský kraj";"Regionální informační centrum Keltské oppidum Závist (https://www.ric-dolnibrezany.cz/)
Informační centrum na Zbraslavském náměstí (u cukrárny) (http://www.mc-zbraslav.cz/kultura-a-volny-cas/turisticke-informace/)"
"2173";"Muzeum loutkářských kultur, Chrudim";"Česká Republika";"Turistická známka";"Skanzeny a muzea";"Chrudim";"Pardubický kraj";"Muzeum loutkářských kultur, Chrudim (puppets.cz)"
"2174";"Tříjezerní slať";"Česká Republika";"Turistická známka";"Pohoří, Přírodní útvary a místa, Šumava";"Klatovy";"Plzeňský kraj";"Informační centrum Modrava (http://www.sumavanet.cz/icmodrava/)
Turistické centrum Chata Terezka, Kvilda 35 (https://chataterezka.cz/)
Suvenýry U RYSA, Kvilda 18"
"2175";"Štola Johannes - Zlatý kopec, Boží Dar";"Česká Republika";"Turistická známka";"Pohoří, Technické památky, Krušné hory";"Karlovy Vary";"Karlovarský kraj";"Infocentrum, Boží Dar (http://www.bozidar.cz/cs/)"
"2176";"Zámek Český Rudolec";"Česká Republika";"Turistická známka";"Zámky";"Jindřichův Hradec";"Jihočeský kraj";"Infocentrum, Palackého náměstí 1, Dačice (http://www.dacice.cz)
Informační centrum Zámek Český Rudolec (http://www.zamek-ceskyrudolec.cz/)
Pivovar a Penzion GRASEL (http://www.zamek-ceskyrudolec.cz/)"
"2177";"Centrum EDEN, Bystřice nad Pernštejnem";"Česká Republika";"Turistická známka";"Volnočasové areály";"Žďár nad Sázavou";"Kraj Vysočina";"TIC, Masarykovo nám. 1, Bystřice nad Pernštejnem (https://info.bystricenp.cz/)
Centrum Eden, Bystřice nad Pernštejnem (http://www.centrumeden.cz/)"
"2178";"Zámek Bludov";"Česká Republika";"Turistická známka";"Zámky";"Šumperk";"Olomoucký kraj";"Informační centrum, tř. A. Kašpara 353, Bludov (http://www.zamekbludov.cz/)
Zámecká oranžerie, Bludov (http://www.lesybludov.cz/zamecka_oranzerie.html)
Pradědovo dětské muzeum, Tř.A. Kašpara 37, Bludov (https://www.pradedovomuzeum.cz/)"
"2179";"Muzeum Boží Dar";"Česká Republika";"Turistická známka";"Pohoří, Skanzeny a muzea, Krušné hory";"Karlovy Vary";"Karlovarský kraj";"Infocentrum, Boží Dar (http://www.bozidar.cz/cs/)"
"2180";"Rozhledna Babka, Zruč nad Sázavou";"Česká Republika";"Turistická známka";"Rozhledny a vyhlídky";"Kutná Hora";"Středočeský kraj";"Infocentrum, Zámek 1, Zruč nad Sázavou (http://www.mesto-zruc.cz/)"
"2181";"Rozhledna Zadov - skokanský můstek";"Česká Republika";"Turistická známka";"Rozhledny a vyhlídky";"Prachatice";"Jihočeský kraj";"Rozhledna Zadov - skokanský můstek (http://www.lazadov.cz/la/)"
"2182";"Letecké muzeum Metoděje Vlacha, Mladá Boleslav";"Česká Republika";"Turistická známka";"Skanzeny a muzea, Technické památky";"Mladá Boleslav";"Středočeský kraj";"Letecké muzeum Metoděje Vlacha, Mladá Boleslav (http://www.letecke-muzeum-metodeje-vlacha.cz/)"
"2183";"Pasecká skála, Žďárské vrchy";"Česká Republika";"Turistická známka";"Pohoří, Přírodní útvary a místa, Žďárské vrchy";"Žďár nad Sázavou";"Kraj Vysočina";"Čerpací stanice, Fryšava, Tři Studně
Autokemp Sykovec, Vlachovice 38, Nové Město na Moravě (www.kempsykovec.cz)
Penzion U Martina, Nové město na Moravě (http://www.penzionumartina.cz/)"
"2184";"Trojmezí Čechy-Dolní Rakousko-Horní Rakousko";"Česká Republika";"Turistická známka";"Geografické body";"Český Krumlov";"Jihočeský kraj";"KIC, náměstí Republiky 46, Nové Hrady (http://www.kicnovehrady.cz/)
Infocentrum, Pohorská Ves č. p. 31 (http://www.pohorskaves.cz/)"
"2185";"Posázavská stezka";"Česká Republika";"Turistická známka";"Stezky a trasy, Sázava";"Praha-západ";"Středočeský kraj";"Cukrárna Pikovice, Nádražní 126, Pikovice pod Medníkem
Café Kandík, Pikovická 276, Hradištko pod Medníkem (http://www.cafekandik.cz/)
Regionální muzeum, Masarykovo nám. 16, Jílové u Prahy (http://muzeumjilove.cz/)
Tábořiště Pikovice (http://www.taboristepikovice.cz/)
Vinotéka 39, Davle (http://www.cukrarnabruno.cz/)"
"2186";"Zámek Doksy";"Česká Republika";"Turistická známka";"Zámky";"Česká Lípa";"Liberecký kraj";"Infocentrum, Valdštejnská 183, Doksy (http://www.doksy.com/)
Památník Karla Hynka Máchy - Doksy (http://www.muzeumcl.cz/)"
"2187";"Račí Údolí u Javorníka";"Česká Republika";"Turistická známka";"Pohoří, Památná místa a obce, Rychlebské hory";"Jeseník";"Olomoucký kraj";"Penzion Račí údolí, Račí údolí 126 (https://www.raciudoli.cz/)
Tančírna, Račí údolí (http://www.tancirna.rychleby.cz/)"
"2188";"Město Vizovice";"Česká Republika";"Turistická známka";"Historická města";"Zlín";"Zlínský kraj";"Infocentrum, Masarykovo náměstí 1008, Vizovice (http://www.mestovizovice.cz/)
Dům kultury Vizovice (http://www.mestovizovice.cz/)"
"2189";"Trojmezí Čechy-Horní Falc-Horní Franky";"Česká Republika";"Turistická známka";"Geografické body";"Cheb";"Karlovarský kraj";"Restaurace U Přístavu, Pomezí nad Ohří (https://upristavu.eu/)"
"2190";"Rozhledna Fajtův kopec, Velké Meziříčí";"Česká Republika";"Turistická známka";"Rozhledny a vyhlídky";"Žďár nad Sázavou";"Kraj Vysočina";"Infocentrum Velké Meziříčí, Radnická 29/1 (mestovm.cz)
Ski klub, Fajtův kopec (http://www.skivm.cz/)"
"2191";"Cholina";"Česká Republika";"Turistická známka";"Církevní památky";"Olomouc";"Olomoucký kraj";"Muzeum Cholina (https://www.obeccholina.cz/index.asp)
Turistické infocentrum, Cholina 224 (https://www.obeccholina.cz/index.asp)
Obecní úřad Cholina (https://www.obeccholina.cz/index.asp)
Pošta Cholina (https://www.obeccholina.cz/index.asp)"
"2192";"Chrám Nalezení sv. Kříže Litomyšl";"Česká Republika";"Turistická známka";"Církevní památky";"Svitavy";"Pardubický kraj";"Infocentrum, Smetanovo náměstí 72, Litomyšl (http://www.ticlitomysl.cz/)
Chrám Nalezení sv. Kříže, Litomyšl
Zámecké Infocentrum, Jiráskova 133, Litomyšl (http://www.ticlitomysl.cz/)
Regionální muzeum, Jiráskova 9, Litomyšl"
"2193";"Trhanov";"Česká Republika";"Turistická známka";"Zámky";"Domažlice";"Plzeňský kraj";"Obecní úřad Trhanov (http://www.trhanov.cz/)
Turistické informační centrum, Klenčí pod Čerchovem (https://www.klenci.cz/)
Pošta Trhanov (http://www.trhanov.cz/)
Restaurace U Svatého Jána, Trhanov (http://www.trhanov.cz/)"
"2194";"Sklárna Annín";"Česká Republika";"Turistická známka";"Technické památky, Skanzeny a muzea, Otava";"Klatovy";"Plzeňský kraj";"Muzeum skla, Nové Městečko 47, Dlouhá Ves (http://www.annin-glass.cz/)"
"2195";"Město Lovosice";"Česká Republika";"Turistická známka";"Historická města";"Litoměřice";"Ústecký kraj";"Informační centrum Lovosice (http://www.meulovo.cz/)"
"2196";"Muzeum motocyklů Lesná";"Česká Republika";"Turistická známka";"Technické památky, Skanzeny a muzea";"Znojmo";"Jihomoravský kraj";"Muzeum motocyklů, Lesná 12, Lesná (http://www.veteransalon.cz/)
Infocentrum, Náměstí 47, Vranov nad Dyjí (http://www.navstivtevranovsko.cz/cs/)"
"2197";"Zámek Adršpach";"Česká Republika";"Turistická známka";"Zámky";"Náchod";"Královéhradecký kraj";"Prodejna U parkoviště, Adršpach (skalyadrspach.cz)
Stánek u hotelu Lesní Zátiší, Adršpach (skalyadrspach.cz)
Zámek Adršpach (https://www.obecadrspach.cz/)"
"2198";"Naučná stezka Bludovská stráň s vyhlídkou Brusná";"Česká Republika";"Turistická známka";"Rozhledny a vyhlídky, Stezky a trasy";"Šumperk";"Olomoucký kraj";"IC - Kulturní dům, Tř. A. Kašpara 353, Bludov (http://www.bludov.cz/)
Pradědovo dětské muzeum, Tř.A. Kašpara 37, Bludov (https://www.pradedovomuzeum.cz/)"
"2199";"Trojmezí Čechy - Bavorsko - Horní Falc";"Česká Republika";"Turistická známka";"Geografické body";"Domažlice";"Plzeňský kraj";"Infocentrum, Chodské náměstí 96, Domažlice (http://www.idomazlice.cz/)
Kurzova věž Čerchov (http://www.na-rozhledny.cz/cerchov)"
"2200";"Rozhledna na Signálu - Horní Radechová";"Česká Republika";"Turistická známka";"Rozhledny a vyhlídky";"Náchod";"Královéhradecký kraj";"Obecní úřad Horní Radechová (http://www.obechr.com/)
Koloniál, Horní Radechová 55 (http://www.obechr.com/)
Hospoda Radechovka, Horní Radechová 162 (http://www.obechr.com/)
Infocentrum, Hronov, náměstí Čs. armády (http://www.informacnicentrumhronov.cz/)"
"2201";"Město Libochovice";"Česká Republika";"Turistická známka";"Historická města, Ohře";"Litoměřice";"Ústecký kraj";"Informační centrum, nám. 5. května 48, Libochovice (http://www.libochovice.cz/)
Zámek Libochovice (https://www.zamek-libochovice.cz/cs)
Tabáček, náměstí 5. května 56, Libochovice"
"2202";"Měděný důl Bohumír, Jívka";"Česká Republika";"Turistická známka";"Technické památky, Skanzeny a muzea";"Trutnov";"Královéhradecký kraj";"Měděný důl Bohumír (http://www.djs-ops.cz/)"
"2203";"Rozhledna Pavlíkov";"Česká Republika";"Turistická známka";"Rozhledny a vyhlídky";"Rakovník";"Středočeský kraj";"Galerie Anderle, Pavlíkov (pavlikov.cz)"
"2204";"Pštrosí farma, Doubravice nad Svitavou";"Česká Republika";"Turistická známka";"Zoologické zahrady";"Blansko";"Jihomoravský kraj";"Pštrosí farma, Doubravice nad Svitavou (http://www.pstrosifarmadoubravice.cz/)"
"2205";"Hořice na Šumavě";"Česká Republika";"Turistická známka";"Pohoří, Památná místa a obce, Šumava";"Český Krumlov";"Jihočeský kraj";"Obecní úřad Hořice na Šumavě 40 (http://www.horicenasumave.cz/)
Muzeum, Hořice na Šumavě 200, 382 22 (http://www.horicenasumave.cz/)
Přírodní divadlo, Hořice na Šumavě (http://www.horicenasumave.cz/)"
"2206";"Synagoga v Nové Cerekvi";"Česká Republika";"Turistická známka";"Církevní památky";"Pelhřimov";"Kraj Vysočina";"Synagoga Nová Cerekev (http://www.novacerekev.cz/)"
"2207";"Vysoká hole - Velká kotlina, Jeseníky";"Česká Republika";"Turistická známka";"Pohoří, Přírodní útvary a místa, Jeseníky";"Bruntál";"Moravskoslezský kraj";"Chata Ovčárna - Vojenská Zotavovna (http://www.ovcarna.cz)
Chata Sabinka (http://www.chatasabinka.cz/)
Hotel Figura (https://www.figura.cz/)"
"2208";"Trojmezí Morava - Kladsko - Slezsko";"Česká Republika";"Turistická známka";"Geografické body";"Šumperk";"Olomoucký kraj";"Chata Paprsek (http://www.paprsek.net/)
Expozice hudebních nástrojů areál Skiland, Ostružná (http://www.expoziceh.cz/)"
"2209";"Trojmezí Čechy - Kladsko - Morava";"Česká Republika";"Turistická známka";"Geografické body";"Šumperk";"Olomoucký kraj";"TIC, náměstí Osvobození 166, Staré Město p. Sněžníkem (https://www.staremesto.info/)
Chata Návrší, Staré Město - Stříbrice 51 (http://navrsi.eu/)"
"2210";"Lyžařská bouda, Liščí louka, Krkonoše";"Česká Republika";"Turistická známka";"Pohoří, Horské chaty a boudy, Krkonoše";"Trutnov";"Královéhradecký kraj";"Lyžařská bouda, Liščí louka, Krkonoše (http://www.lyzarskabouda.com/)"
"2211";"Vila Stiassni, Brno";"Česká Republika";"Turistická známka";"Historické budovy a stavby";"Brno-město";"Jihomoravský kraj";"Infocentrum POD KROKODÝLEM, Radnická 8, Brno (https://ticbrno.cz/informacni-centra/informacni-centrum-pod-krokodylem)
Vila Stiassni, Hroznová 14, Brno (vilastiassni.cz)"
"2212";"Karolinum, Praha";"Česká Republika";"Turistická známka";"Historické budovy a stavby";"Praha";"Hlavní město Praha";"UK POINT, Celetná 14, Praha 1 (cuni.cz)
Knihkupectví Karolinum, Celetná 18, Praha 1"
"2213";"Památník Josefa Lady a jeho dcery Aleny";"Česká Republika";"Turistická známka";"Památníky, Skanzeny a muzea";"Praha-východ";"Středočeský kraj";"Památník Josefa Lady a jeho dcery Aleny v Hrusicích (http://hrusice.muzeumompv.cz/)"
"2214";"Město Šternberk";"Česká Republika";"Turistická známka";"Historická města";"Olomouc";"Olomoucký kraj";"Informační centrum, Horní náměstí 2, Šternberk (poznej-sternbersko.cz)
Expozice času, ČSA 113/19, Šternberk (http://www.expozicecasu.cz/)"
"2215";"Zahradní železnice 600, Vracov";"Česká Republika";"Turistická známka";"Železnice";"Hodonín";"Jihomoravský kraj";"Zahradní Železnice 600, Dubová ulice, Vracov (http://www.zeleznice600.cz/)"
"2216";"Muzeum Českého ráje - Turnov";"Česká Republika";"Turistická známka";"Skanzeny a muzea";"Semily";"Liberecký kraj";"Muzeum Českého Ráje, Skálova 71, Turnov (http://www.muzeum-turnov.cz/)"
"2217";"Svatý Linhart, Karlovy Vary";"Česká Republika";"Turistická známka";"Památná místa a obce, Stezky a trasy, Slavkovský les";"Karlovy Vary";"Karlovarský kraj";"Kavárna na Svatém Linhartu, Sovova stezka 504, Karlovy Vary (http://www.llkv.cz/)
Suvenýry VERONA, T.G.Masaryka 805/9, Karlovy Vary"
"2218";"Nový Dvůr - Lichtenštejnský statek u Břeclavi";"Česká Republika";"Turistická známka";"Zámky, Lednicko-valtický areál";"Břeclav";"Jihomoravský kraj";"Turistické informační centrum Nový Dvůr u Břeclavi (http://www.novydvur.eu/)"
"2219";"Chodovská vyhlídka Chodaublick";"Česká Republika";"Turistická známka";"Rozhledny a vyhlídky";"Sokolov";"Karlovarský kraj";"Turistické infocentrum, Staroměstská 39, Chodov (http://www.knihovnachodov.cz/)"
"2220";"Město Dobříš";"Česká Republika";"Turistická známka";"Historická města";"Příbram";"Středočeský kraj";"Informační středisko, Mírové náměstí 103, Dobříš (http://www.ic.mestodobris.cz/)"
"2221";"Muzeum šumavského pivovarnictví - Tvrz Dešenice";"Česká Republika";"Turistická známka";"Skanzeny a muzea";"Klatovy";"Plzeňský kraj";"Muzeum Šumavského pivovarnictví, Dešenice (http://www.sumavanet.cz/desenice/)"
"2222";"Plechý, Šumava";"Česká Republika";"Turistická známka";"Pohoří, Přírodní útvary a místa, Šumava";"Prachatice";"Jihočeský kraj";"Občerstvení Říjiště, Nová Pec (https://www.rijiste.cz/)
Infocentrum, Nové Chalupy 41, Nová Pec (https://www.novapec.eu/)
Informační středisko NP Šumava, Stožec (https://www.npsumava.cz/navstivte-sumavu/navstevnicka-centra/informacni-stredisko-stozec/)
Infocentrum, Náměstí 8, Horní Planá (https://www.sumava-lipno.eu/)
Muzeum pošumavských železnic - hraniční přechod Nové Údolí (www.noveudoli.eu)"
"2223";"Prostřední Bečva, Beskydy";"Česká Republika";"Turistická známka";"CHKO a rezervace, Památná místa a obce";"Vsetín";"Zlínský kraj";"Informační centrum Horní Bečva (hornibecva.cz)
Informační centrum Prostřední Bečva č.p. 272
Hračky - Trafika, Horní Bečva 501
Informační centrum, Velké Karlovice 299 (http://www.velkekarlovice.cz/)
Kemp pod Pustevnami (www.podpustevnami.cz)"
"2224";"Veterán Muzeum Nová Bystřice";"Česká Republika";"Turistická známka";"Skanzeny a muzea, Technické památky";"Jindřichův Hradec";"Jihočeský kraj";"Veterán muzeum Nová Bystřice (www.muzeumveteranu.cz)
TIC, Mírové náměstí 54, Nová Bystřice (https://www.novabystrice.cz/)"
"2225";"Rozhledna - vodárna Kolín";"Česká Republika";"Turistická známka";"Rozhledny a vyhlídky";"Kolín";"Středočeský kraj";"Rozhledna - vodárna, Míru 1082, Kolín (www.vodarnakolin.cz)
Městské informační centrum, Na Hradbách 157, Kolín (http://www.mukolin.cz/)
Turistické informační centrum Kolín, Karlovo náměstí 8, Kolín (http://www.muzeumkolin.cz/)
ČD centrum, Kolín"
"2226";"Muzeum berounské keramiky, Beroun";"Česká Republika";"Turistická známka";"Skanzeny a muzea, Berounka";"Beroun";"Středočeský kraj";"Muzeum berounské keramiky, Zámečnická 14, Beroun (http://www.muzeumberounskekeramiky.cz/)"
"2227";"Pivovar Litovel";"Česká Republika";"Turistická známka";"Historické pivovary";"Olomouc";"Olomoucký kraj";"TIC, nám. Přemysla Otakara 762, Litovel (https://www.litovel.eu/)
Podniková prodejna pivovaru Litovel, Palackého 934 (http://www.litovel.cz/)
Návštěvnické centrum pivovaru Litovel - při exkurzích (http://www.litovel.cz/)"
"2228";"Dřevěný kostel - Petrovice u Karviné";"Česká Republika";"Turistická známka";"Církevní památky";"Karviná";"Moravskoslezský kraj";"TIC Petrovice u Karviné č.p. 177 (http://icmpetroviceuk.cz/)"
"2229";"Bitva u Varvažova 1813";"Česká Republika";"Turistická známka";"Válečné památníky";"Ústí nad Labem";"Ústecký kraj";"Restaurace Stará pošta, Varvažov (http://www.obec-telnice.cz/)
Pošta, Telnice 84, Telnice (http://www.obec-telnice.cz/)"
"2230";"Motýlí dům, Karlovy Vary";"Česká Republika";"Turistická známka";"Zoologické zahrady";"Karlovy Vary";"Karlovarský kraj";"Motýlí dům, Vrch přátelství 5/1, Karlovy Vary (http://dianakv.cz/cs)"
"2231";"Moldava, Krušné hory";"Česká Republika";"Turistická známka";"Pohoří, Stezky a trasy, Krušné hory";"Teplice";"Ústecký kraj";"Infocentrum Moldava, Moldava 113 (http://www.moldava.cz/informacni-centrum/)"
"2232";"Arboretum Bukovina, Český ráj";"Česká Republika";"Turistická známka";"Zahrady a parky, Pohoří, Český ráj";"Semily";"Liberecký kraj";"Informační centrum CHKO v Arboretu na Bukovině (http://ceskyraj.ochranaprirody.cz/sprava-informuje/informace-pro-navstevniky/informacni-stredisko-chko-cesky-raj-bukovina/)"
"2233";"Rozhledna Miloňová, Velké Karlovice";"Česká Republika";"Turistická známka";"Rozhledny a vyhlídky";"Vsetín";"Zlínský kraj";"Rozhledna Miloňová, Velké Karlovice (http://www.velkekarlovice.cz/)
Informační centrum, Velké Karlovice 299 (http://www.velkekarlovice.cz/)
Hračky - Trafika, Horní Bečva 501"
"2234";"Město Bochov";"Česká Republika";"Turistická známka";"Historická města, Slavkovský les";"Karlovy Vary";"Karlovarský kraj";"Restaurace Radniční sklípek, nám. Míru 1, Bochov (https://www.mesto-bochov.cz/)
Hračky - papír - Marcela Macháčková, nám. Míru 304, Bochov
U Zlaté Koule, nám. Míru 42, Bochov
Informační centrum, náměstí Míru 1, Bochov (http://www.mesto-bochov.cz/)"
"2235";"Hrad Kazín - Berounka";"Česká Republika";"Turistická známka";"Hrady, Vodácké řeky, Berounka";"Praha-západ";"Středočeský kraj";"Informační centrum, 5. května 912, Dobřichovice (dobrichovice.cz)
Výletní hospůdka Křižárna, Křížovy lázně 1068, Černošice – Mokropsy (http://hospudkakrizarna.cz/)
Hokynářství ""Srdcem v kuchyni"", Mokropeská 2027, Černošice (https://www.srdcemvkuchyni.com/)"
"2236";"Trojmezí Čechy - Slezsko - Kladsko";"Česká Republika";"Turistická známka";"Geografické body";"Náchod";"Královéhradecký kraj";"IC Broumovska, Mírové nám. 105, Broumov (http://www.broumov-mesto.cz/)
Knihkupectví, Komenského nám. 402, Police nad Metují
Penzion Vyhlídka, Janovičky 63 (vyhlidkajanovicky.cz)"
"2237";"Trojmezí Čechy - Pasovsko - Bavorsko";"Česká Republika";"Turistická známka";"Geografické body";"Klatovy";"Plzeňský kraj";"Informační centrum Modrava (http://www.sumavanet.cz/icmodrava/)"
"2238";"Jurkovičova chata Libušín a Maměnka na Pustevnách";"Česká Republika";"Turistická známka";"Pohoří, Památná místa a obce, Beskydy";"Vsetín";"Zlínský kraj";"Chata Libušín, Pustevny (https://novylibusin.cz/)"
"2239";"Naučná stezka Beskydské nebe - Život v korunách stromů";"Česká Republika";"Turistická známka";"Stezky a trasy, Pohoří, Beskydy";"Nový Jičín";"Moravskoslezský kraj";"TIC, nám. Míru 1, Frenštátu pod Radhoštěm (http://www.frenstat.info/)
Valašská hospoda U Janíka, Horečky 890, Frenštát pod Radhoštěm (http://www.ujanika.cz/)"
"2240";"Pivovar Cvikov";"Česká Republika";"Turistická známka";"Historické pivovary";"Česká Lípa";"Liberecký kraj";"Restaurace Sladovna - Areál pivovaru Cvikov (http://www.pivovarcvikov.cz/)"
"2241";"Čenkovice, Orlické hory";"Česká Republika";"Turistická známka";"Pohoří, Orlické hory";"Ústí nad Orlicí";"Pardubický kraj";"Obecní úřad Čenkovice (https://www.obeccenkovice.cz/)"
"2242";"Poutní místo Panny Marie ve Skále - Spálov";"Česká Republika";"Turistická známka";"Církevní památky";"Nový Jičín";"Moravskoslezský kraj";"Hotel U MARIA SKÁLY, Spálov (http://www.odry.cz/hotel-maria-skala-odry-klokocuvek/os-9755)
Římskokatolická farnost, Spálov 5, Spálov (http://www.farnostspalov.cz/)
Úřad Městyse Spálov, Spálov 62, Spálov (http://www.farnostspalov.cz/)"
"2243";"Hradiště sv. Hypolita, Znojmo";"Česká Republika";"Turistická známka";"Archeo";"Znojmo";"Jihomoravský kraj";"Archeoskanzen Hradiště (http://znojmo-hradiste.wz.cz/)
Penzion a hospůdka Na Perku, Mašovická ulice, Znojmo - Hradiště (http://www.naperku.cz/)
Hospůdka U Alky, Pivovarská 9, Znojmo - Hradiště (https://www.facebook.com/Hosp%C5%AFdka-U-Alky-354927244530957/)"
"2244";"Město Dačice";"Česká Republika";"Turistická známka";"Historická města";"Jindřichův Hradec";"Jihočeský kraj";"Městské muzeum a galerie, Havlíčkovo náměstí, Dačice (https://muzeumdacice.cz/)
Infocentrum, Palackého náměstí 1, Dačice (http://www.dacice.cz)
Tabák Lovětínská Eva, Palackého nám. 55, Dačice"
"2245";"Město Telč";"Česká Republika";"Turistická známka";"Historická města";"Jihlava";"Kraj Vysočina";"Informační středisko, nám. Zachariáše z Hradce, Telč (http://www.telc-etc.cz/)
Telčský dům, nám. Zachariáše z Hradce, Telč (http://www.telcsky-dum.cz)
Panský dvůr Telč, Slavatovská 86, Telč (https://www.panskydvurtelc.cz/)
Tabák - Jaroslav Burian, nám. Zachariáše z Hradce 68, Telč
Dárky, Palackého 98, Telč
Dárkové zboží, Nám. Zachariáše z Hradce 8, Telč"
"2246";"Koterov";"Česká Republika";"Turistická známka";"Památná místa a obce, CHKO a rezervace";"Plzeň-město";"Plzeňský kraj";"Informační centrum, Koterovská náves 7, Koterov (koterovskanaves.plzen.eu)
Sokolovna - TJ Sokol Koterov"
"2247";"Gránické údolí, Znojmo";"Česká Republika";"Turistická známka";"Stezky a trasy, Přírodní útvary a místa";"Znojmo";"Jihomoravský kraj";"Znojemské podzemí, Slepičí trh 2, Znojmo (https://www.znojemskabeseda.cz/)
TIC, Obroková ulice 10, Znojmo (https://www.znojemskabeseda.cz/)
TIC - Jižní přístupová cesta, Hradní ulice, Znojmo (https://www.znojemskabeseda.cz/)
Radniční věž, Obroková ul., Znojmo (https://www.znojemskabeseda.cz/)"
"2248";"Tvrz Kamenice u Jihlavy";"Česká Republika";"Turistická známka";"Skanzeny a muzea";"Jihlava";"Kraj Vysočina";"Tvrz - Kamenice 20 (http://kameniceujihlavy.cz/)
Úřad městyse, Kamenice 481, Kamenice (http://kameniceujihlavy.cz/)"
"2249";"Pražská bouda, Krkonoše";"Česká Republika";"Turistická známka";"Pohoří, Horské chaty a boudy, Krkonoše";"Trutnov";"Královéhradecký kraj";"Pražská Bouda, Černý Důl 215, Černá Důl (http://www.prazskaboudapec.cz/)"
"2250";"Důl Mauritius - štola Kryštof, Krušné hory";"Česká Republika";"Turistická známka";"Pohoří, Technické památky, Krušné hory";"Karlovy Vary";"Karlovarský kraj";"Štola Kryštof, Důl Mauritius, Abertamy (http://www.dulmauritius.cz/cs/)
Infocentrum, Farní 2, Abertamy (https://www.mesto-abertamy.cz/)"
"2251";"Tři Grácie, Lednice";"Česká Republika";"Turistická známka";"Zámky, Lednicko-valtický areál";"Břeclav";"Jihomoravský kraj";"Turistické informační centrum Nový Dvůr u Břeclavi (http://www.novydvur.eu/)
Chrám Apollo, Lednice (chram-apollo.cz)
Turistické Infocentrum, Malinovského 25, Lednice (https://www.lednice.cz/obec/turista/turisticke-informacni-centrum/)"
"2252";"Rozhledna Kelčský Javorník";"Česká Republika";"Turistická známka";"Rozhledny a vyhlídky";"Kroměříž";"Zlínský kraj";"Obecní úřad, Obřanská 145, Chvalčov (https://www.obec-chvalcov.cz/)
Obecní úřad, Loukov 199 (http://loukov.cz/)
Obecní úřad, Osíčko 56 (https://www.osicko.cz/)
Obecní úřad, Podhradní Lhota 150 (https://www.podhradnilhota.cz/)
Obecní úřad, Rajnochovice 144 (https://www.rajnochovice.cz/)
Pošta partner, Rajnochovice 181 (https://www.rajnochovice.cz/)
Obecní úřad, Slavkov pod Hostýnem 14 (http://www.slavkov-ph.cz/)
Obecní úřad, Vítonice 82 (https://www.vitonice.cz/)
Městské informační centrum, Pod Platany 2, Bystřice pod Hostýnem (https://www.bystriceph.cz/)
Poutní stánky č. 20, č.33, Svatý Hostýn
Podhostýnský mikroregion, Masarykovo nám. 137, Bystřice pod Hostýnem (https://www.podhostynsko.cz/)
Chata Tesák, restaurace (http://www.restauracetesak.websnadno.cz/)"
"2253";"Rozhledna Kožich, Libákovice";"Česká Republika";"Turistická známka";"Rozhledny a vyhlídky";"Plzeň-jih";"Plzeňský kraj";"TIC, Masarykovo náměstí 311, Přeštice (http://kzprestice.cz/)
Dům historie Přešticka, Třebízského 24, Přeštice (dumhistorie.cz)
Hospoda Řenče, čp. 58 (www.pivovarprestice.cz)"
"2254";"Nový hrad - Kunratický les, Praha";"Česká Republika";"Turistická známka";"Hrady";"Praha";"Hlavní město Praha";"Restaurace U krále Václavi IV., krále Václava IV. 406, Kunratice (https://www.kralevaclava.cz/)"
"2255";"Stezka v oblacích - Dolní Morava";"Česká Republika";"Turistická známka";"Stezky a trasy, Rozhledny a vyhlídky, Volnočasové areály, Skupina Králického Sněžníku";"Ústí nad Orlicí";"Pardubický kraj";"Stezka v oblacích, Dolní Morava (https://www.dolnimorava.cz/stezka-v-oblacich)
Recepce Hotel Vista - Velká Morava 46, Dolní Morava (https://www.hotel-dolnimorava.cz/kontakt)
Půjčovna, Obchod Marcelka - Velká Morava 58 (https://www.dolnimorava.cz/chata-marcelka)
Skitour Test Centrum, Velká Morava 35 (http://www.ski-alp.cz/)"
"2256";"Vyhlídková věž - Dobrovice";"Česká Republika";"Turistická známka";"Rozhledny a vyhlídky";"Mladá Boleslav";"Středočeský kraj";"Dobrovická muzea (http://dobrovickamuzea.cz/)"
"2257";"Botanická zahrada při VOŠ a SZeŠ Tábor";"Česká Republika";"Turistická známka";"Zahrady a parky";"Tábor";"Jihočeský kraj";"Pokladna - kancelář botanické zahrady Tábor, Náměstí T.G. Masaryka 788/1 (https://botanicka.szestabor.cz/)"
"2258";"Vinařská obec Pavlov";"Česká Republika";"Turistická známka";"Vinařské obce";"Břeclav";"Jihomoravský kraj";"Turistické informační centrum, Na Návsi 88, Pavlov (www.obec-pavlov.cz)
Vinařství Vilém Topolanský, Česká ev.č. 79, Pavlov (https://www.vinarstvitopolansky.cz/)
Stánek pod Pálavou, ul. Na Cimbuří"
"2259";"Pekařova brána";"Česká Republika";"Turistická známka";"Přírodní útvary a místa, Pohoří, Český ráj";"Semily";"Liberecký kraj";"Obecní úřad, Vyskeř 50 (http://www.vysker.cz/)
Koloniál Vyskeř (https://www.kolonialvysker.cz/)
Restaurace a penzion, Vyskeř 71 (www.penzionvysker.com)"
"2260";"Katedrála Božského Spasitele, Ostrava";"Česká Republika";"Turistická známka";"Církevní památky";"Ostrava-město";"Moravskoslezský kraj";"Katedrála Božského Spasitele - recepce (http://farnostmostrava.cz/)"
"2261";"Trojmezí Morava - Slezsko - Uhry";"Česká Republika";"Turistická známka";"Geografické body";"Frýdek-Místek";"Moravskoslezský kraj";"Hotel Visalaje, Visalaje (http://hotelvisalaje.cz/)
Stánek na parkovišti Visalaje"
"2262";"Bystřice - dřevěný kostel Sv. Kříže";"Česká Republika";"Turistická známka";"Církevní památky";"Frýdek-Místek";"Moravskoslezský kraj";"Informační centrum, Bystřice 276, Bystřice (www.bystrice.cz)"
"2263";"Tatobity - Tisíciletá lípa, Český ráj";"Česká Republika";"Turistická známka";"Přírodní útvary a místa, Pohoří, Český ráj";"Semily";"Liberecký kraj";"Obecní úřad, Tatobity 85, Tatobity (http://www.tatobity.cz/)
Čerpací stanice, Tatobity 259, Tatobity (http://www.tatobity.cz/)"
"2264";"Rybí dům Chotěbuz";"Česká Republika";"Turistická známka";"Zoologické zahrady";"Karviná";"Moravskoslezský kraj";"Rybí dům, Karvinská 381, Chotěbuz (http://www.rybidum.cz/)"
"2265";"Razovské tufity";"Česká Republika";"Turistická známka";"Přírodní útvary a místa, Stezky a trasy";"Bruntál";"Moravskoslezský kraj";"Informační centrum Slezské Harty, Leskovec nad Moravicí 204 (slezskaharta.eu)
Centrum Slezská Harta, Razová 286 (http://www.gemec.cz/)"
"2266";"Venušina sopka, Lávový proud u Meziny";"Česká Republika";"Turistická známka";"Přírodní útvary a místa";"Bruntál";"Moravskoslezský kraj";"Obecní úřad, Mezina 2, Mezina
Pohostinství Mezinka, Mezina 121, Mezina (https://www.facebook.com/Restaurace-Mezinka-Svijany-1516463755331851/#utm_source=mapy.cz&utm_medium=ppd&utm_content=hledani&utm_te)"
"2267";"Sýpka Stropnice";"Česká Republika";"Turistická známka";"Skanzeny a muzea";"České Budějovice";"Jihočeský kraj";"KIC, náměstí Republiky 46, Nové Hrady (http://www.kicnovehrady.cz/)
Sýpka Stropnice (https://www.facebook.com/sypkastropnice)"
"2268";"Radniční věž Znojmo";"Česká Republika";"Turistická známka";"Rozhledny a vyhlídky";"Znojmo";"Jihomoravský kraj";"Znojemské podzemí, Slepičí trh 2, Znojmo (https://www.znojemskabeseda.cz/)
TIC, Obroková ulice 10, Znojmo (https://www.znojemskabeseda.cz/)
TIC - Jižní přístupová cesta, Hradní ulice, Znojmo (https://www.znojemskabeseda.cz/)
Radniční věž, Obroková ul., Znojmo (https://www.znojemskabeseda.cz/)"
"2269";"Bečovská botanická zahrada";"Česká Republika";"Turistická známka";"Zahrady a parky, Slavkovský les";"Karlovy Vary";"Karlovarský kraj";"Bečovská botanická zahrada - pokladna, občerstvení (www.becovskabotanicka.cz)"
"2270";"Židovská synagoga, Dolní Kounice";"Česká Republika";"Turistická známka";"Církevní památky";"Brno-venkov";"Jihomoravský kraj";"Synagoga, U Synagogy 332, Dolní Kounice (www.dolnikounice.cz)
TIC, Masarykovo nám. 66/2, Dolní Kounice (http://www.dolnikounice.cz/)
Klášter ROSA COELI - Dolní Kounice (www.dolnikounice.cz)"
"2271";"Zámek a zámecký park Lipová";"Česká Republika";"Turistická známka";"Zámky";"Děčín";"Ústecký kraj";"Informační centrum, Lipová 424, Lipová (http://www.lipova.cz/)"
"2272";"Vodojem Kostelíček Třebíč";"Česká Republika";"Turistická známka";"Rozhledny a vyhlídky, Technické památky";"Třebíč";"Kraj Vysočina";"Vodojem Kostelíček - vstup (https://www.visittrebic.eu/pamatky/vodojem-kostelicek-trebic/)
TIC Národní dům, Karlovo náměstí 47, Třebíč (stará verze) (https://www.mkstrebic.cz/turisticka-informacni-centra/)"
"2273";"Pivovar Kynšperk";"Česká Republika";"Turistická známka";"Historické pivovary, Vodácké řeky, Ohře";"Sokolov";"Karlovarský kraj";"Prodejna pivovaru Kynšperk, Sokolovská 40, Kynšperk nad Ohří (http://www.pivovar-kynsperk.cz/index.php/cz/uvod)"
"2274";"Bezručova chata, Lysá hora";"Česká Republika";"Turistická známka";"Horské chaty a boudy, Pohoří, Beskydy";"Frýdek-Místek";"Moravskoslezský kraj";"Bezručova chata na Lysé hoře (https://www.bezrucova-chata.cz/?lang=cs)"
"2275";"Vila Löw-Beer v Brně";"Česká Republika";"Turistická známka";"Historické budovy a stavby";"Brno-město";"Jihomoravský kraj";"Vila Löw-Beer, Drobného 297/22, Brno (http://www.vilalowbeer.cz/)"
"2276";"Vodní dům - návštěvnické středisko EVL Želivka";"Česká Republika";"Turistická známka";"Stezky a trasy, Technické památky, Skanzeny a muzea";"Benešov";"Středočeský kraj";"Návštěvnické středisko Vodní dům, Hulice 118, Hulice (http://www.vodni-dum.cz/)"
"2277";"VIDA! science centrum, Brno";"Česká Republika";"Turistická známka";"Technické památky";"Brno-město";"Jihomoravský kraj";"VIDA! science centrum, Křížkovského 554/12, Brno (https://vida.cz/)"
"2278";"Zámecký pivovar Frýdlant";"Česká Republika";"Turistická známka";"Historické pivovary";"Liberec";"Liberecký kraj";"Zámecký pivovar, Hejnická 4073, Frýdlant (https://pivovari.cz/listing/zamecky-pivovar-albrecht-frydlant/)"
"2279";"Vila Bertramka, Praha";"Česká Republika";"Turistická známka";"Památníky, Historické budovy a stavby";"Praha";"Hlavní město Praha";"Prodej dočasně pozastaven
Návštěvnické centrum Turistických známek, Rýmařov (http://www.turisticke-znamky.cz/)"
"2280";"Město Mnichovo Hradiště";"Česká Republika";"Turistická známka";"Historická města";"Mladá Boleslav";"Středočeský kraj";"Městské informační centrum, Palackého 236, Mnichovo Hradiště (http://www.mnhradiste.cz/)
Tabák a noviny, Masarykovo nám. 240, Mnichovo Hradiště"
"2281";"Kurovický lom";"Česká Republika";"Turistická známka";"Přírodní útvary a místa";"Kroměříž";"Zlínský kraj";"Kurovický lom (http://www.kurovickylom.cz/)
Obecní úřad, Kurovice 68 (https://www.kurovice.cz/)
Informační centrum, nám. Komenského 170, Tlumačov (https://www.kurovicky-lom.cz/)"
"2282";"Ekotechnické centrum Alternátor Třebíč";"Česká Republika";"Turistická známka";"Skanzeny a muzea, Technické památky";"Třebíč";"Kraj Vysočina";"Ekotechnické centrum Alternátor, T. Bati 1083, Třebíč (http://alternator.cz/)"
"2283";"Dům Štěpánka Netolického, Třeboň";"Česká Republika";"Turistická známka";"Skanzeny a muzea";"Jindřichův Hradec";"Jihočeský kraj";"TIC, Masarykovo náměstí 1, Třeboň (http://www.itrebon.cz/)"
"2284";"Padrťské rybníky, Brdy";"Česká Republika";"Turistická známka";"Přírodní útvary a místa";"Plzeň-jih";"Plzeňský kraj";"Centrum celoživotního vzdělávání, Palackého 9, Rožmitál pod Třemšínem (http://icentrum.tremsinsko.cz/)
Infocentrum, nám.Svobody 138, Spálené Poříčí (http://www.spaleneporici.cz/)
Muzeum Středních Brd, Strašice (http://www.muzeumstrasice.eu/)"
"2285";"Dřevěný kostel svatého Michaela archanděla, Řepiště";"Česká Republika";"Turistická známka";"Církevní památky";"Frýdek-Místek";"Moravskoslezský kraj";"Obecní úřad, Mírová 178, Řepiště (www.repiste.eu)
Sportovní hala, Řepiště 555 (www.repiste.eu)"
"2286";"Výhledna Dlouhoňovice";"Česká Republika";"Turistická známka";"Rozhledny a vyhlídky";"Ústí nad Orlicí";"Pardubický kraj";"Turistické informační centrum Žamberk Masarykovo náměstí 168 (http://www.zamberk.cz/)
Hospůdka Pod Lipami, Dlouhoňovice (http://dlouhonovice.cz/)"
"2287";"Lodní doprava Vranov";"Česká Republika";"Turistická známka";"Lodní doprava";"Znojmo";"Jihomoravský kraj";"Infocentrum, Náměstí 47, Vranov nad Dyjí (http://www.navstivtevranovsko.cz/cs/)
Infostánek Lodní dopravy, hráz Vranovské přehrady (http://www.oldvranov.cz/kontakt/)"
"2288";"Kaple Svatého Huberta, Lednice";"Česká Republika";"Turistická známka";"Církevní památky, Lednicko-valtický areál";"Břeclav";"Jihomoravský kraj";"Chrám Apollo, Lednice (chram-apollo.cz)
Turistické informační centrum Nový Dvůr u Břeclavi (http://www.novydvur.eu/)
Obchod se suvenýry u pokladny II. okruhu, Zámek Lednice
Zámek Valtice - pokladna (https://www.zamek-valtice.cz/cs)"
"2289";"Katovna 1782, Město Jeseník";"Česká Republika";"Turistická známka";"Skanzeny a muzea";"Jeseník";"Olomoucký kraj";"IC Katovna, Palackého 12, Jeseník (http://www.jesenik.org/ic)"
"2290";"Skalní hrad Nedamy";"Česká Republika";"Turistická známka";"Hrady, Přírodní útvary a místa";"Mělník";"Středočeský kraj";"Hrad Kokořín (hrad-kokorin.cz)"
"2291";"Přehrada Hracholusky";"Česká Republika";"Turistická známka";"Technické památky";"Plzeň-sever";"Plzeňský kraj";"Restaurace Kotva, Hracholusky 98 (kotva-hracholusky.cz)
Suvenýry U hráze, Hracholusky"
"2292";"Agro Family Park Boskovštejn";"Česká Republika";"Turistická známka";"Skanzeny a muzea";"Znojmo";"Jihomoravský kraj";"Agro Family Park Boskovštejn (https://agrofamilypark.cz/)"
"2293";"Křížová cesta 21. století u Kuksu";"Česká Republika";"Turistická známka";"Skanzeny a muzea, Památná místa a obce";"Trutnov";"Královéhradecký kraj";"Turistické informační centrum Kuks"
"2294";"Rozhledna Na Skalce, Holčovice";"Česká Republika";"Turistická známka";"Rozhledny a vyhlídky";"Bruntál";"Moravskoslezský kraj";"Africké muzeum Safari, Jelení 90, Holčovice (https://www.africkemuzeum.cz/)"
"2295";"Africké muzeum Safari, Holčovice - Jelení";"Česká Republika";"Turistická známka";"Zoologické zahrady, Skanzeny a muzea";"Bruntál";"Moravskoslezský kraj";"Africké muzeum Safari, Jelení 90, Holčovice (https://www.africkemuzeum.cz/)"
"2296";"Křižíkova elektrická dráha Tábor - Bechyně";"Česká Republika";"Turistická známka";"Železnice, Technické památky";"Tábor";"Jihočeský kraj";"Touristinformation, náměstí T. G. M. 5, Bechyně (http://www.visitbechyne.cz/)
ČD centrum Tábor
Informační centrum, náměstí T. G. M. 140, Bechyně (https://www.kulturnidum.cz/)"
"2297";"Město Liběchov";"Česká Republika";"Turistická známka";"Historická města";"Mělník";"Středočeský kraj";"Kemp Koupaliště, Želízy (http://www.zelizy.cz/)
TIC, Rumburská 40, Liběchov (http://www.libechov.cz/)
Kemp zahrada Liběchov (http://www.campzahrada.cz/)
Kemp SK Liběchov (http://www.sklibechov.cz/)"
"2298";"Klácelka";"Česká Republika";"Turistická známka";"Přírodní útvary a místa";"Mělník";"Středočeský kraj";"Kemp Koupaliště, Želízy (http://www.zelizy.cz/)
TIC, Rumburská 40, Liběchov (http://www.libechov.cz/)
Kemp zahrada Liběchov (http://www.campzahrada.cz/)
Kemp SK Liběchov (http://www.sklibechov.cz/)"
"2299";"Harfenice";"Česká Republika";"Turistická známka";"Památná místa a obce";"Mělník";"Středočeský kraj";"TIC, Rumburská 40, Liběchov (http://www.libechov.cz/)
Kemp SK Liběchov (http://www.sklibechov.cz/)
Kemp zahrada Liběchov (http://www.campzahrada.cz/)
Kemp Koupaliště, Želízy (http://www.zelizy.cz/)"
"2300";"Město Javorník";"Česká Republika";"Turistická známka";"Historická města";"Jeseník";"Olomoucký kraj";"Zámek Jánský Vrch - pokladna (https://www.zamek-janskyvrch.cz/cs)
Soud - turistické centrum, Puškinova 7, Javorník (https://kulturnidumjavornik.cz/)"
"2301";"Město Hlinsko";"Česká Republika";"Turistická známka";"Historická města";"Chrudim";"Pardubický kraj";"TIC, Čelakovského 561, Hlinsko (http://www.hlinsko.cz/)"
"2302";"Zbiroh - město J. V. Sládka";"Česká Republika";"Turistická známka";"Historická města";"Beroun";"Středočeský kraj";"Infocentrum Zbirožsko, Masarykovo nám. 624, Zbiroh (www.zbiroh.cz)
Muzeum J. V. Sládka, Masarykovo nám. 28, Zbiroh (www.zbiroh.cz)"
"2303";"Regionální úzkorozchodná železnice Zastávka - Babice - Zbýšov";"Česká Republika";"Turistická známka";"Železnice, Technické památky";"Brno-venkov";"Jihomoravský kraj";"Infocentrum, Palackého 9, Ivančice, (https://ivancice.colosseum.eu/)
Muzeum průmyslových železnic (mpz.cz)"
"2304";"Bechyňský most Duha";"Česká Republika";"Turistická známka";"Technické památky, Železnice, Lužnice";"Tábor";"Jihočeský kraj";"Touristinformation, náměstí T. G. M. 5, Bechyně (http://www.visitbechyne.cz/)
Informační centrum, náměstí T. G. M. 140, Bechyně (https://www.kulturnidum.cz/)"
"2305";"Budislav - Velké a Malé Hradisko";"Česká Republika";"Turistická známka";"Přírodní útvary a místa";"Svitavy";"Pardubický kraj";"Obecní úřad, Budislav 64 (https://www.obecbudislav.cz/obec/informace-o-obci/turistika-blizke-okoli/)"
"2306";"Zámek Mitrowicz";"Česká Republika";"Turistická známka";"Zámky, Lužnice";"České Budějovice";"Jihočeský kraj";"Zámek Mitrowicz, Koloděje nad Lužnicí 1 (http://www.zamekmitrowicz.cz/)"
"2307";"Město Mikulov";"Česká Republika";"Turistická známka";"Historická města";"Břeclav";"Jihomoravský kraj";"Turistické informační centrum, Náměstí 1, Mikulov (http://www.mikulov.cz)"
"2308";"Rozhledna Bratčice";"Česká Republika";"Turistická známka";"Rozhledny a vyhlídky";"Brno-venkov";"Jihomoravský kraj";"Infocentrum, Masarykovo náměstí 2, Dolní Kounice (https://www.dolnikounice.cz/turisticke-informacni-centrum)
Regionální informační centrum, Masarykova 100, Židlochovice (http://zidlochovicko.cz/)
Synagoga, U Synagogy 332, Dolní Kounice (www.dolnikounice.cz)
Klášter ROSA COELI - Dolní Kounice (www.dolnikounice.cz)"
"2309";"Muzeum Božetice";"Česká Republika";"Turistická známka";"Skanzeny a muzea";"Písek";"Jihočeský kraj";"Muzeum mlynářství, pekařství a zemědělství, Božetice 24 (www.muzeumbozetice.cz)"
"2310";"Sečská přehrada";"Česká Republika";"Turistická známka";"Technické památky";"Chrudim";"Pardubický kraj";"Autokemp U Letadla, Seč (https://autocamp.estranky.cz/)
Turistické informační centrum, Chrudimská 94, Seč (http://www.mestosec.cz/ic.asp)
Recepce Autokempu - Seč Pláž (http://www.autokempsec.cz/)
Hotel Jezerka, Seč (www.jezerka.cz)
Trafika u Pošty, Seč
Penzion u Čtyřlístku, Hořelec 1 (www.penzion-uctyrlistku.cz)
Hostinec Pod Drnem, Hoješín 48 (http://www.poddrnem.com/)"
"2311";"Hrad Mírov";"Česká Republika";"Turistická známka";"Hrady";"Šumperk";"Olomoucký kraj";"Obecní úřad, Mírov 47, Mírov (http://www.obecmirov.cz/)"
"2312";"Muzeum přírodovědy v Doudlebech nad Orlicí";"Česká Republika";"Turistická známka";"Skanzeny a muzea";"Rychnov nad Kněžnou";"Královéhradecký kraj";"Zámek Doudleby nad Orlicí (http://www.zamek-doudleby.cz/)"
"2313";"Zámek Svijany";"Česká Republika";"Turistická známka";"Zámky";"Liberec";"Liberecký kraj";"Zámek Svijany, Svijany 25 (https://www.zameksvijany.cz/)"
"2314";"Pivovar Chříč – Muzeum každodennosti";"Česká Republika";"Turistická známka";"Historické pivovary";"Plzeň-sever";"Plzeňský kraj";"Pivovar Chříč, Chříč 2 (http://www.pivovarchric.cz/)"
"2315";"Královské horní město Hrob";"Česká Republika";"Turistická známka";"Historická města";"Teplice";"Ústecký kraj";"Infocentrum, Komenského 17, Hrob (https://www.mestohrob.cz/volny-cas/infocentrum/)
Městský úřad - odbor Matrika, U Radnice 234, Hrob (https://www.mestohrob.cz/)"
"2316";"Železná hůrka, Český les";"Česká Republika";"Turistická známka";"Přírodní útvary a místa, Pohoří, Český les";"Cheb";"Karlovarský kraj";"Hostinec pod Hradem, Hroznatov 34"
"2317";"Skalka, Ještědský hřbet";"Česká Republika";"Turistická známka";"Ski areály, Přírodní útvary a místa, Pohoří, Ještědský hřbet";"Liberec";"Liberecký kraj";"Kiosek u Lanovky (parkoviště), Liberec
Info a Shop Skiareál Ještěd (www.skijested.cz)"
"2318";"Synagoga Březnice";"Česká Republika";"Turistická známka";"Církevní památky";"Příbram";"Středočeský kraj";"Synagoga Březnice (https://www.zamek-breznice.cz/cs/synagoga-v-breznici)
Zámek Březnice (http://www.zamek-breznice.cz/)"
"2319";"Muzeum motorismu Znojmo";"Česká Republika";"Turistická známka";"Technické památky, Skanzeny a muzea";"Znojmo";"Jihomoravský kraj";"Muzeum motorismu, Koželužská 44, Znojmo (http://muzeum-motorismu.cz/)"
"2320";"Vinařská obec Boršice";"Česká Republika";"Turistická známka";"Vinařské obce";"Uherské Hradiště";"Zlínský kraj";"Vinařský Dvůr pod Starýma horama, Boršice 746 (http://www.dvurpodstarymahorama.cz/)"
"2321";"ParaZOO Vlašim";"Česká Republika";"Turistická známka";"Zoologické zahrady";"Benešov";"Středočeský kraj";"ParaZOO Vlašim, Pláteníkova 264/17, Vlašim (http://www.parazoo.cz/)"
"2322";"Muzeum veteránů Radovesnice II";"Česká Republika";"Turistická známka";"Skanzeny a muzea, Technické památky";"Kolín";"Středočeský kraj";"Muzeum veteránů Radovesnice II (http://www.muzeumradovesnice.cz/)"
"2323";"Vyhlídková věž Pastýřská stěna, Děčín";"Česká Republika";"Turistická známka";"Rozhledny a vyhlídky";"Děčín";"Ústecký kraj";"Informační centrum Děčín, K.Čapka 1441/3 (http://idecin.cz/)
Oblastní Muzeum, Čsl. mládeže 1/31, Děčín (https://www.muzeumdc.cz/)"
"2324";"Zámek Dukovany";"Česká Republika";"Turistická známka";"Zámky";"Třebíč";"Kraj Vysočina";"Prodej dočasně pozastaven
Návštěvnické centrum Turistických známek, Rýmařov (http://www.turisticke-znamky.cz/)"
"2325";"Trabant muzeum Praha";"Česká Republika";"Turistická známka";"Skanzeny a muzea, Technické památky";"Praha";"Hlavní město Praha";"Trabant muzeum, Plzeňská 290/215b, Praha 5 (http://www.trabantmuzeum.cz)"
"2326";"Tvrz Svojšice";"Česká Republika";"Turistická známka";"Hrady";"Pardubice";"Pardubický kraj";"Obecní úřad, Svojšice 1, Svojšice (http://www.obecsvojsice.cz/)
Obecní obchod, Svojšice 80, Svojšice (http://www.obecsvojsice.cz/)
Hospůdka v areálu Svojšice (http://www.obecsvojsice.cz/)"
"2327";"Město Broumov";"Česká Republika";"Turistická známka";"Historická města";"Náchod";"Královéhradecký kraj";"IC Broumovska, Mírové nám. 105, Broumov (http://www.broumov-mesto.cz/)"
"2328";"Novoměstská radnice, Praha";"Česká Republika";"Turistická známka";"Rozhledny a vyhlídky";"Praha";"Hlavní město Praha";"Novoměstská radnice, Karlovo náměstí 1/23, Praha 2 (http://www.nrpraha.cz/)"
"2329";"Museum Jizerských hor, Jizerka";"Česká Republika";"Turistická známka";"Skanzeny a muzea, Pohoří, Jizerské hory";"Jablonec nad Nisou";"Liberecký kraj";"Museum Jizerských hor, Jizerka 43, Kořenov - Jizerka (http://www.csopjizerka.cz/)"
"2330";"Zřícenina hradu Osule";"Česká Republika";"Turistická známka";"Hrady";"Prachatice";"Jihočeský kraj";"Obecní úřad, Vitějovice 32, Vitějovice (http://www.vitejovice.cz/)
Hospoda Pod Kostelem, Vitějovice 97, Vítějovice (http://hospodapodkostelem.cz/)
Coop Jednota, Vitějovice 163, Vítějovice (https://www.jednotavimperk.cz/)"
"2331";"Přívoz Roudno - Razová";"Česká Republika";"Turistická známka";"Lodní doprava";"Bruntál";"Moravskoslezský kraj";"Přívoz, Razová - Roudno (https://www.razova.cz/)
Obecní úřad, Razová 351 (https://www.razova.cz/)
Informační centrum Slezské Harty, Leskovec nad Moravicí 204 (slezskaharta.eu)"
"2332";"Ecce Homo Park Šternberk";"Česká Republika";"Turistická známka";"Skanzeny a muzea, Technické památky";"Olomouc";"Olomoucký kraj";"Ecce Homo Park, Farní 3, Šternberk - Augustiniánský klášter (http://eccehomopark.cz/)
Informační centrum, Horní náměstí 2, Šternberk (poznej-sternbersko.cz)"
"2333";"Dům přírody Českého lesa, Klenčí pod Čerchovem";"Česká Republika";"Turistická známka";"Skanzeny a muzea";"Domažlice";"Plzeňský kraj";"Turistické informační centrum, Klenčí pod Čerchovem (https://www.klenci.cz/)"
"2334";"Archeopark Pavlov";"Česká Republika";"Turistická známka";"Archeo";"Břeclav";"Jihomoravský kraj";"Archeopark Pavlov (https://www.archeoparkpavlov.cz/)"
"2335";"Zřícenina hradu Radkov";"Česká Republika";"Turistická známka";"Hrady";"Svitavy";"Pardubický kraj";"Místní obchod, Radkov 19 (www.radkov-sy.cz)
Obecní úřad Radkov (www.radkov-sy.cz)
Městské informační centrum, náměstí T. G. Masaryka 29 (https://ic.moravskatrebova.cz/)"
"2336";"Zámek Paskov";"Česká Republika";"Turistická známka";"Zámky";"Frýdek-Místek";"Moravskoslezský kraj";"Zámek Paskov, Nádražní 1, Paskov (http://www.mesto-paskov.cz/)
Městský úřad, Nádražní 700, Paskov (http://www.mesto-paskov.cz/)"
"2337";"Peklo Čertovina";"Česká Republika";"Turistická známka";"Volnočasové areály";"Chrudim";"Pardubický kraj";"PEKLOČERTOVINA – suvenýry, Medkovy Kopce 35, Hlinsko (https://www.peklocertovina.cz/)"
"2338";"Jeskyně Pekelné doly";"Česká Republika";"Turistická známka";"Přírodní útvary a místa";"Česká Lípa";"Liberecký kraj";"Jeskyně Pekelné doly, Cvikov (http://pekelnedoly.cz/)"
"2339";"Přehrada Josefův Důl";"Česká Republika";"Turistická známka";"Technické památky";"Jablonec nad Nisou";"Liberecký kraj";"Trafika, Josefův Důl č. 297 (u kostela) (www.trafikajosefuvdul.websnadno.cz)
Infocentrum, Josefův Důl 210 (http://josefuvdul.eu/)"
"2340";"Vitrážové muzeum - Kostel sv. Jiljí, Libyně";"Česká Republika";"Turistická známka";"Skanzeny a muzea";"Louny";"Ústecký kraj";"Prodejna Skloart, Chýšská 109, Lubenec (http://vitraze.skloart.cz/kostel-sv-jilji)
Vitrážové muzeum, Libyně u Lubence (http://vitraze.skloart.cz/kostel-sv-jilji)"
"2341";"Hrad Kadaň";"Česká Republika";"Turistická známka";"Hrady, Vodácké řeky, Ohře";"Chomutov";"Ústecký kraj";"TIC, Jana Švermy 7, Kadaň (https://kadan.eu/informace/tic/)
Hrad Kadaň, Tyršova 567, Kadaň (https://kadan.eu/pamatky/kadansky-hrad/)"
"2342";"Rozhledna Ruprechtický Špičák";"Česká Republika";"Turistická známka";"Rozhledny a vyhlídky";"Náchod";"Královéhradecký kraj";"Infocentrum, 5. května 113, Meziměstí (www.mezimesti.cz)
IC Broumovska, Mírové nám. 105, Broumov (http://www.broumov-mesto.cz/)
Knihkupectví, Komenského nám. 402, Police nad Metují"
"2343";"Město Bavorov";"Česká Republika";"Turistická známka";"Historická města";"Strakonice";"Jihočeský kraj";"Panský dům, Náměstí Míru 14, Bavorov (http://www.bavorov.cz/)
Městský úřad, Náměstí Míru 1, Bavorov (http://www.bavorov.cz/)"
"2344";"Skalní hrad Hřídelík";"Česká Republika";"Turistická známka";"Hrady";"Česká Lípa";"Liberecký kraj";"Infocentrum, Úštěcká 53, Kravaře (https://www.kravarecl.cz/)
Penzion U kostela, Blíževedly 41 (http://www.ubytovaniblizevedly.cz/)"
"2345";"Velenický hrádek";"Česká Republika";"Turistická známka";"Hrady";"Česká Lípa";"Liberecký kraj";"Jeskyně Pekelné doly, Cvikov (http://pekelnedoly.cz/)"
"2346";"Barokní areál s kostnicí - Žehuň";"Česká Republika";"Turistická známka";"Církevní památky";"Kolín";"Středočeský kraj";"Kostel/kostnice, Žehuň (www.zehun.cz)
Obecní úřad, Žehuň 136 (www.zehun.cz)"
"2347";"Rozhledna Alainova věž";"Česká Republika";"Turistická známka";"Rozhledny a vyhlídky";"Semily";"Liberecký kraj";"Informační středisko, Husovo náměstí 44, Lomnice nad Popelkou (http://www.kislomnice.cz/)"
"2348";"Hrad Fredevald";"Česká Republika";"Turistická známka";"Hrady";"Česká Lípa";"Liberecký kraj";"Informační centrum, nám. Míru 122, Česká Kamenice (https://ceska-kamenice.cz/turista/)"
"2349";"Jizerskohorské technické muzeum, Bílý Potok pod Smrkem";"Česká Republika";"Turistická známka";"Skanzeny a muzea";"Liberec";"Liberecký kraj";"Jizerskohorské technické muzeum, Bílý Potok 295 (http://www.muzeumjizerky.cz/)
Obecní úřad Bílý Potok 337 (https://www.bily-potok.cz/)"
"2350";"Hrad Starý Falkenburk";"Česká Republika";"Turistická známka";"Hrady";"Liberec";"Liberecký kraj";"Infocentrum, náměstí Míru 23, Jablonné v Podještědí (http://www.jablonnevp.cz/)
Cukrárna, náměstí Míru 17, Jablonné v Podještědí"
"2351";"Kytlice";"Česká Republika";"Turistická známka";"Pohoří, Přírodní útvary a místa, Památná místa a obce, Národní park České Švýcarsko";"Děčín";"Ústecký kraj";"Infocentrum, Kytlice 24
Obecní úřad, Kytlice 24 (https://www.obec-kytlice.cz/)
Informační centrum, Chřibská 21, Chřibská (https://www.mesto-chribska.cz/)"
"2352";"Rodný dům Jana Kubiše, Dolní Vilémovice";"Česká Republika";"Turistická známka";"Skanzeny a muzea, Památníky";"Třebíč";"Kraj Vysočina";"Rodný dům Jana Kubiše, Dolní Vilémovice 79 (https://obecdolnivilemovice.cz/rodny-dum-jana-kubise/)"
"2353";"Housův mlýn, expozice Zbrojnice, Tábor";"Česká Republika";"Turistická známka";"Skanzeny a muzea";"Tábor";"Jihočeský kraj";"Housův mlýn, Pod Holečkovými sady 383, Tábor (www.housuvmlyn.cz)"
"2354";"Tančící dům, Praha";"Česká Republika";"Turistická známka";"Skanzeny a muzea, Technické památky";"Praha";"Hlavní město Praha";"Galerie Tančící dům, Jiráskovo náměstí 6, Praha (galerietancicidum.cz)"
"2355";"Jezernické viadukty - Severní dráha císaře Ferdinanda";"Česká Republika";"Turistická známka";"Železnice, Technické památky";"Přerov";"Olomoucký kraj";"Obecní úřad, Jezernice 206 (http://www.jezernice.cz/)
Hospůdka Na Hřišti, Jezernice (v létě) (http://www.jezernice.cz/)
Kulturní dům - Hospůdka, Jezernice 12 (v zimě) (http://www.jezernice.cz/)
Obchod smíšeným zbožím, Jezernice č. 226 (http://www.jezernice.cz/)"
"2356";"Mattoni muzeum, Kyselka";"Česká Republika";"Turistická známka";"Skanzeny a muzea, Vodácké řeky, Ohře";"Karlovy Vary";"Karlovarský kraj";"Mattoni muzeum - Kyselka (https://www.mattonimuzeum.cz/)"
"2357";"Nýdek";"Česká Republika";"Turistická známka";"Pohoří, Beskydy";"Frýdek-Místek";"Moravskoslezský kraj";"Obec Nýdek - pošta (www.nydek.cz)
Cukrárna a kavárna Nýdecké dobrůtky, Nýdek
Dřeviónka, usedlost č.p.78, Nýdek (https://www.nydek.cz/turista/drevionka/)"
"2358";"Město Vidnava";"Česká Republika";"Turistická známka";"Historická města";"Jeseník";"Olomoucký kraj";"Informační centrum, Radniční 84, Vidnava (https://www.vidnava.cz/)"
"2359";"Radniční věž Boskovice";"Česká Republika";"Turistická známka";"Rozhledny a vyhlídky";"Blansko";"Jihomoravský kraj";"Infocentrum, Masarykovo nám. 1, Boskovice (boskovice.cz)"
"2360";"Město Dubňany";"Česká Republika";"Turistická známka";"Historická města";"Hodonín";"Jihomoravský kraj";"Informační centrum, Komenského 282, Dubňany (www.kicdubnany.websnadno.cz)"
"2361";"Višňové";"Česká Republika";"Turistická známka";"Vinařské obce";"Znojmo";"Jihomoravský kraj";"Cyklopenzion, Višňové 306 (http://www.visnove.cz/)"
"2362";"ZOO Plasy";"Česká Republika";"Turistická známka";"Zoologické zahrady";"Plzeň-sever";"Plzeňský kraj";"Zoo a Fantasy Golf Plasy (http://zooplasy.cz/)"
"2363";"Kostel Panny Marie Sněžné Velké Karlovice";"Česká Republika";"Turistická známka";"Církevní památky";"Vsetín";"Zlínský kraj";"Informační centrum, Velké Karlovice 299 (http://www.velkekarlovice.cz/)
Grandhotel TATRA, Velké Karlovice (https://www.grandhoteltatra.cz)"
"2364";"Návštěvnické centrum Srní";"Česká Republika";"Turistická známka";"Přírodní útvary a místa, Pohoří, Šumava";"Klatovy";"Plzeňský kraj";"Informační centrum, Srní 106 (sumava.net/srni)
Návštěvnické centrum Srní – Výběh s vlky (https://www.npsumava.cz/navstivte-sumavu/navstevnicka-centra/nc-srni/)"
"2365";"Návštěvnické centrum Kvilda";"Česká Republika";"Turistická známka";"Přírodní útvary a místa, Pohoří, Šumava";"Prachatice";"Jihočeský kraj";"Návštěvnické centrum Kvilda- jelení výběh (http://www.npsumava.cz/cz/5801/sekce/navstevnicke-centrum-kvilda/)
Informační středisko, Horská Kvilda 40 (http://horskakvilda.eu/)"
"2366";"Město Hroznětín";"Česká Republika";"Turistická známka";"Historická města";"Karlovy Vary";"Karlovarský kraj";"Městská knihovna - Informační centrum,Školní 185, Hroznětín (https://mkhroznetin.cz/o-knihovne/provozni-doba-a-kontakty/)"
"2367";"Petrovický kostel sv. Mikuláše a muzeum";"Česká Republika";"Turistická známka";"Církevní památky";"Ústí nad Labem";"Ústecký kraj";"Obecní úřad, Petrovice 529 (http://www.obecpetrovice.cz/)
Air restaurant, Petrovice 108 (http://www.airrestaurant.cz/)
Kostel sv. Mikuláše, Petrovice 48 (http://www.obecpetrovice.cz/)
Pošta, Petrovice 374 (https://www.ceskaposta.cz/index)"
"2368";"Hvězdárna Veselí nad Moravou";"Česká Republika";"Turistická známka";"Hvězdárny";"Hodonín";"Jihomoravský kraj";"Hvězdárna, Benátky 32, Veselí nad Moravou (http://www.hvezdarna-veseli.cz/)"
"2369";"Muzeum jihovýchodní Moravy ve Zlíně";"Česká Republika";"Turistická známka";"Skanzeny a muzea";"Zlín";"Zlínský kraj";"Muzeum jihovýchodní Moravy, Vavrečkova 7040, Zlín (http://www.muzeum-zlin.cz/cs/)"
"2370";"Muzeum luhačovického Zálesí, Luhačovice";"Česká Republika";"Turistická známka";"Skanzeny a muzea";"Zlín";"Zlínský kraj";"Muzeum luhačovického Zálesí, Masarykova 950, Luhačovice (http://www.muzeum-zlin.cz/cs/)"
"2371";"Kostel sv. Klimenta, Odolena Voda";"Česká Republika";"Turistická známka";"Církevní památky";"Praha-východ";"Středočeský kraj";"Informační centrum, Odolena Voda (http://www.odolenavoda.cz/)"
"2372";"Rozhledna Bukovka, Rapotín";"Česká Republika";"Turistická známka";"Rozhledny a vyhlídky";"Šumperk";"Olomoucký kraj";"Informační centrum, Šumperská 530, Rapotín (https://www.ticrapotin.cz/)"
"2373";"Zámek Lužany";"Česká Republika";"Turistická známka";"Zámky";"Plzeň-jih";"Plzeňský kraj";"TIC, Masarykovo náměstí 311, Přeštice (http://kzprestice.cz/)"
"2374";"Vinařská obec Zaječí";"Česká Republika";"Turistická známka";"Vinařské obce";"Břeclav";"Jihomoravský kraj";"Informační centrum Zajíci ze Zaječí, Vinařská 479, Zaječí (http://www.zajeci.cz/)
Obecní úřad, Školní 401, Zaječí (http://www.zajeci.cz/)
Kostel sv. Jana Křtitele, Školní 2, Zaječí"
"2375";"Království lesa Lipno";"Česká Republika";"Turistická známka";"Stezky a trasy, Pohoří, Šumava";"Český Krumlov";"Jihočeský kraj";"Království lesa, Lipno nad Vltavou (http://www.stezkakorunamistromu.cz/)
Stezka korunami stromů, Lipno (https://www.stezkakorunamistromu.cz/)
Chata Lanovka, Lipno nad Vltavou (http://www.stezkakorunamistromu.cz/)
Lipno Info Point, Lipno nad Vltavou 124
Klientské informační centrum, Lipno nad Vltavou 307 (https://www.lipno.info/)"
"2376";"Moravské Zemské muzeum Brno - Palác šlechtičen";"Česká Republika";"Turistická známka";"Skanzeny a muzea";"Brno-město";"Jihomoravský kraj";"Dietrichsteinský palác, Zelný trh 8, Brno (http://www.mzm.cz/)
Palác Šlechtičen, Kobližná 1, Brno (http://www.mzm.cz/)"
"2377";"Poutní kaple sv. Antonína, Dolní Kounice";"Česká Republika";"Turistická známka";"Církevní památky";"Brno-venkov";"Jihomoravský kraj";"TIC, Masarykovo nám. 66/2, Dolní Kounice (http://www.dolnikounice.cz/)
Synagoga, U Synagogy 332, Dolní Kounice (www.dolnikounice.cz)
Klášter Rosa Coeli, Dolní Kounice (http://www.dolnikounice.cz/)"
"2378";"Českokamenické secesní vily";"Česká Republika";"Turistická známka";"Historické budovy a stavby";"Děčín";"Ústecký kraj";"Informační centrum, nám. Míru 122, Česká Kamenice (https://ceska-kamenice.cz/turista/)
Vila Heide, Máchova 311, Česká Kamenice (http://artvila.cz/uvodni_stranka)"
"2379";"Klášter Bechyně";"Česká Republika";"Turistická známka";"Církevní památky, Lužnice";"Tábor";"Jihočeský kraj";"Touristinformation, náměstí T. G. M. 5, Bechyně (http://www.visitbechyne.cz/)
Informační centrum, náměstí T. G. M. 140, Bechyně (https://www.kulturnidum.cz/)
Zámek Bechyně - suvenýry (http://www.panstvi-bechyne.cz/)"
"2380";"Vlašimský zámecký park";"Česká Republika";"Turistická známka";"Zahrady a parky";"Benešov";"Středočeský kraj";"Turistické infocentrum, Zámek 4, Vlašim (http://www.vlasimskypark.cz/)"
"2381";"Fojtský grúň, Beskydy";"Česká Republika";"Turistická známka";"Pohoří, Horské chaty a boudy, Beskydy";"Frýdek-Místek";"Moravskoslezský kraj";"Hotel Gruň, Mosty u Jablunkova (http://www.hotelgrun.cz/cs/)"
"2382";"Kostel Narození Panny Marie, Písek";"Česká Republika";"Turistická známka";"Církevní památky, Otava";"Písek";"Jihočeský kraj";"Turistické informační centrum, Velké nám. 1/24, Písek (http://www.piseckem.cz)"
"2383";"Neveklov";"Česká Republika";"Turistická známka";"Historická města";"Benešov";"Středočeský kraj";"Informační centrum, Náměstí J. Heřmana 333, Neveklov (http://www.neveklov.cz/)"
"2384";"Město Rousínov";"Česká Republika";"Turistická známka";"Historická města";"Vyškov";"Jihomoravský kraj";"Městský úřad Rousínov - podatelna (http://www.rousinov.cz/)
Restaurace Záložna, Sušilovo náměstí 2/6, Rousínov (http://www.zaloznarousinov.cz/)
Restaurace Pod Radnicí, Sušilovo nám. 67, Rousínov (https://www.restaurace-podradnici.cz/)"
"2385";"Znojemský hrad";"Česká Republika";"Turistická známka";"Hrady";"Znojmo";"Jihomoravský kraj";"TIC, Obroková ulice 10, Znojmo (https://www.znojemskabeseda.cz/)
Znojemský hrad - pokladna, Hradní 10, Znojmo (http://www.muzeumznojmo.cz/)
Minoritský klášter - pokladna, Přemyslovců 6, Znojmo (http://www.muzeumznojmo.cz/)
Dům umění, Masarykovo nám. 12, Znojmo (http://www.muzeumznojmo.cz/)"
"2386";"Vyhlídka Karla IV. - Karlovy Vary";"Česká Republika";"Turistická známka";"Rozhledny a vyhlídky";"Karlovy Vary";"Karlovarský kraj";"Infocentrum, Mariánskolázeňská 2, Karlovy Vary (https://www.karlovyvary.cz/cs)
Stánek naproti Kina Čas,T. G. Masaryka, Karlovy Vary
Suvenýry VERONA, T.G.Masaryka 805/9, Karlovy Vary"
"2387";"Pivovar Cisterciáckého opatství Ossegg";"Česká Republika";"Turistická známka";"Historické pivovary";"Teplice";"Ústecký kraj";"Pivnice pivovaru Ossegg, Rooseveltova 1, Osek (http://ossegg.cz/)
Turistické informační centrum, FrýTajm Osek (https://www.frytajmosek.cz/kontakt/)"
"2388";"Zámek Příseka - Muzeum autíček a starých hraček";"Česká Republika";"Turistická známka";"Zámky, Skanzeny a muzea";"Jihlava";"Kraj Vysočina";"Muzeum autíček - kavárna, Příseka 18, Brtnice (https://www.muzeumauticek.cz/)"
"2389";"Vrch Třemošná, CHKO Brdy";"Česká Republika";"Turistická známka";"Přírodní útvary a místa, CHKO a rezervace";"Příbram";"Středočeský kraj";"Turistické informační centrum města Příbram, Pražská 129 (https://pribram.eu/)
Pivovar Podlesí, Podlesí 139 (https://www.pivovarpodlesi.cz/)
Pizzeria & Restorante Atollo, Mariánská 285, Příbram (http://www.objevbrdy.cz/)"
"2390";"Vyhlídková věž v lyžařském areálu v Popelkách";"Česká Republika";"Turistická známka";"Rozhledny a vyhlídky";"Semily";"Liberecký kraj";"Informační středisko, Husovo náměstí 44, Lomnice nad Popelkou (http://www.kislomnice.cz/)"
"2391";"Rozhledna Jarník u Písku";"Česká Republika";"Turistická známka";"Rozhledny a vyhlídky";"Písek";"Jihočeský kraj";"Turistické informační centrum, Velké nám. 1/24, Písek (http://www.piseckem.cz)
Chata Živec, V Živci 440, Písek (https://chatazivec.cz/)"
"2392";"RETROAUTOMUZEUM, Strnadice";"Česká Republika";"Turistická známka";"Skanzeny a muzea, Technické památky";"Benešov";"Středočeský kraj";"RETROAUTOMUZEUM, Strnadice 27, Vrchotovy Janovice (http://www.retroautomuzeum.com/)"
"2393";"Včelí svět v Hulicích";"Česká Republika";"Turistická známka";"Skanzeny a muzea";"Benešov";"Středočeský kraj";"Včelí svět, Hulice 55 (http://www.vcelisvet.cz/)"
"2394";"Žítková, Bílé Karpaty";"Česká Republika";"Turistická známka";"Pohoří, Bílé Karpaty";"Uherské Hradiště";"Zlínský kraj";"Infocentrum Starý Hrozenkov (http://iskopanice.cz/)
Obec Žítková č. 161 (http://www.zitkova.cz/)"
"2395";"Rozhledna na Svatém Hostýně";"Česká Republika";"Turistická známka";"Rozhledny a vyhlídky, Pohoří, Hostýnské vrchy";"Kroměříž";"Zlínský kraj";"Poutní stánky č. 20, č.33, Svatý Hostýn
Recepce Poutní dům č.3, Svatý Hostýn 115, Chvalčov (hostyn.cz)
Restaurace Poutní dům č. 2, Svatý Hostýn 115
Knihkupectví HOSANA, Poutní dům č.1, Svatý Hostýn (https://www.hosanavm.cz/)
Rozhledna na Svatém Hostýně (hostyn.cz)"
"2396";"Vyhlídka Máj, Teletín";"Česká Republika";"Turistická známka";"Přírodní útvary a místa, Rozhledny a vyhlídky, Vltava";"Benešov";"Středočeský kraj";"Kiosek Bučina - za pěkného počasí
Prodejna kváskového chleba, Teletín
Café Kandík, Pikovická 276, Hradištko pod Medníkem (http://www.cafekandik.cz/)
Regionální muzeum, Masarykovo nám. 16, Jílové u Prahy (http://muzeumjilove.cz/)
Chotilské muzeum střední Vltavy a balónového létání (https://www.chotilskemuzeum.cz/)
Obchůdek Zvonek, Štěchovice (http://obchudekzvonek.webmium.com/)
Informační centrum, Náměstí J. Heřmana 333, Neveklov (http://www.neveklov.cz/)
Restaurace u Melíšků, Jablonná 74 (https://www.umelisku.cz/inpage/uvod/)"
"2397";"Synagoga Krnov";"Česká Republika";"Turistická známka";"Církevní památky";"Bruntál";"Moravskoslezský kraj";"Synagoga, Soukenická 83/28, Krnov (http://www.krnovskasynagoga.cz/)"
"2398";"Univerzita Palackého v Olomouci";"Česká Republika";"Turistická známka";"Historické budovy a stavby";"Olomouc";"Olomoucký kraj";"UPoint, Horní náměstí 205/12, Olomouc (http://upoint.upol.cz/)"
"2399";"Žulový balvan Ďáblova prdel, Česká Kanada";"Česká Republika";"Turistická známka";"Přírodní útvary a místa";"Jindřichův Hradec";"Jihočeský kraj";"Rozhledna U Jakuba (ceskakanadazvysky.cz)
TIC Slavonice, náměstí Míru 476, Slavonice (i.slavonice-mesto.cz)
Kavárna Kafíčko, Kunžak 93 (https://www.facebook.com/kafickokunzak/)
Infocentrum, Palackého náměstí 1, Dačice (http://www.dacice.cz)
Penzion Klondike, Valtínov- Kunžak (http://www.neradova.com/ubytovani-ceska-kanada-valtinov-penzion-klondike/)"
"2400";"Dalovice";"Česká Republika";"Turistická známka";"Zahrady a parky, Ohře";"Karlovy Vary";"Karlovarský kraj";"Obecní úřad, Hlavní 25, Dalovice (http://www.ou-dalovice.cz/)"
"2401";"Přírodní areál Velká dohoda";"Česká Republika";"Turistická známka";"Přírodní útvary a místa";"Blansko";"Jihomoravský kraj";"Správní budova v areálu (mimo sezónu) (http://www.velkadohoda-moravskykras.cz/)
Hostinec Pod Hradem, Holštejn 1 (https://www.facebook.com/Hostinec-Pod-Hradem-209911635686208/)"
"2402";"Zoo Na Hrádečku Horní Pěna u Jindřichova Hradce";"Česká Republika";"Turistická známka";"Zoologické zahrady";"Jindřichův Hradec";"Jihočeský kraj";"Zoopark Na Hrádečku (http://www.zoonahradecku.cz/)"
"2403";"Muzeum regionu Boskovicka, Boskovice";"Česká Republika";"Turistická známka";"Skanzeny a muzea";"Blansko";"Jihomoravský kraj";"Muzeum regionu Boskovicka, Hradní 1, Boskovice (http://www.muzeum-boskovicka.cz/)"
"2404";"Synagoga maior, Boskovice";"Česká Republika";"Turistická známka";"Církevní památky";"Blansko";"Jihomoravský kraj";"Muzeum regionu Boskovicka, Hradní 1, Boskovice (http://www.muzeum-boskovicka.cz/)
Synagoga maior, Antonína Trapla 6, Boskovice (http://www.muzeum-boskovicka.cz/)"
"2405";"Muzeum historických zemědělských strojů, Boskovice";"Česká Republika";"Turistická známka";"Skanzeny a muzea, Technické památky";"Blansko";"Jihomoravský kraj";"Muzeum regionu Boskovicka, nám. 9.května 2a, Boskovice (http://www.muzeum-boskovicka.cz/)
Muzeum regionu Boskovicka, Hradní 1, Boskovice (http://www.muzeum-boskovicka.cz/)"
"2406";"Doubice";"Česká Republika";"Turistická známka";"Skanzeny a muzea, CHKO a rezervace";"Děčín";"Ústecký kraj";"Restaurace Stará hospoda, Doubice (http://www.starahospoda.cz/doubice)"
"2407";"Rozhledna Maruška, Hošťálková";"Česká Republika";"Turistická známka";"Rozhledny a vyhlídky";"Vsetín";"Zlínský kraj";"Hostinec na Trojáku, Hošťálková 217 (http://www.natrojaku.cz/cz/)"
"2408";"Werichova vila, Praha";"Česká Republika";"Turistická známka";"Památná místa a obce";"Praha";"Hlavní město Praha";"Werichova vila, U Sovových mlýnů 7 (http://www.werichovavila.cz/)"
"2409";"Hýskov";"Česká Republika";"Turistická známka";"Památná místa a obce, Vodácké řeky, Berounka";"Beroun";"Středočeský kraj";"Informační centrum, Na Krétě 183, Hýskov (http://www.infocentrumhyskov.cz/)"
"2410";"Benediktinský klášter Podlažice";"Česká Republika";"Turistická známka";"Církevní památky";"Chrudim";"Pardubický kraj";"Městské muzeum Chrast, Náměstí 1, Chrast (https://www.mestochrast.cz/)"
"2411";"Museum Kampa, Praha";"Česká Republika";"Turistická známka";"Skanzeny a muzea";"Praha";"Hlavní město Praha";"Museum Kampa, U Sovových mlýnů 2, Praha (http://www.museumkampa.cz/)"
"2412";"Rozhledna Rýdův kopec";"Česká Republika";"Turistická známka";"Rozhledny a vyhlídky";"Jindřichův Hradec";"Jihočeský kraj";"Muzeum Jindřichohradecka, Balbínovo nám. 19, J. Hradec (http://www.mjh.cz/)
Infocentrum, Panská 136/1, Jindřichův Hradec (http://www.jh.cz/)
Unios tourist shop, II. zámecké nádvoří, Jindřichův Hradec (http://www.unios.cz/)
Muzeum Jindřichohradecka - klášter, Štítného 124, Jindř. Hradec (http://www.mjh.cz/)
Vyhlídková věž Jindřichův Hradec (http://www.mjh.cz/)"
"2413";"Muzeum patologie SN, Opava";"Česká Republika";"Turistická známka";"Skanzeny a muzea";"Opava";"Moravskoslezský kraj";"Muzeum patologie, Slezská nemocnice Opava, pavilon O (http://www.nemocnice.opava.cz/muzeum-patologie)"
"2414";"Levín";"Česká Republika";"Turistická známka";"Historická města";"Litoměřice";"Ústecký kraj";"Hospoda U Levínského kocoura (http://www.levinskakeramika.cz/)
Hrnčířská dílna, Levín 60 (http://www.levinskakeramika.cz/)"
"2415";"Naučná stezka Jáchymovské peklo";"Česká Republika";"Turistická známka";"Stezky a trasy, Pohoří, Krušné hory";"Karlovy Vary";"Karlovarský kraj";"Informační centrum, nám. Republiky 1, Jáchymov (https://www.mestojachymov.cz/volny-cas/informacni-a-kulturni-centrum/)"
"2416";"AutoMotoMuzeum Oldtimer Kopřivnice";"Česká Republika";"Turistická známka";"Skanzeny a muzea, Technické památky";"Nový Jičín";"Moravskoslezský kraj";"AUTO MOTO MUZEUM Oldtimer Kopřivnice, Štefánikova 24 (http://www.automotomuzeum.cz/)"
"2417";"Pivovar Hubertus Kácov";"Česká Republika";"Turistická známka";"Historické pivovary, Sázava";"Kutná Hora";"Středočeský kraj";"Pivovar Hubertus Kácov (https://www.hubertus-hotel.cz/kontakt/)
Hotel Hubertus Kácov (https://www.hubertus-hotel.cz/kontakt/)"
"2418";"Město Lomnice nad Popelkou";"Česká Republika";"Turistická známka";"Historická města";"Semily";"Liberecký kraj";"Informační středisko, Husovo náměstí 44, Lomnice nad Popelkou (http://www.kislomnice.cz/)"
"2419";"Klášter sv. Františka z Assisi, Votice";"Česká Republika";"Turistická známka";"Církevní památky";"Benešov";"Středočeský kraj";"Klášter sv. Františka z Assisi, Klášterní 1, Votice (http://www.votice.cz/)
Informační centrum, Komenského nám. 177, Votice (http://www.votice.cz/)"
"2420";"Mýdlárna Rubens, Růžová u Děčína";"Česká Republika";"Turistická známka";"Skanzeny a muzea";"Děčín";"Ústecký kraj";"Mýdlárna Rubens, Růžová 195 (https://www.mydlarnarubens.cz/)"
"2421";"Stezka korunami stromů Krkonoše";"Česká Republika";"Turistická známka";"Stezky a trasy, Pohoří, Krkonoše";"Trutnov";"Královéhradecký kraj";"Stezka korunami stromů Krkonoše, Jánské lázně (http://www.stezkakrkonose.cz/)"
"2422";"Pěchotní srub MJ-S 15 Závora - Dyjákovice";"Česká Republika";"Turistická známka";"Válečné památníky";"Znojmo";"Jihomoravský kraj";"Obecní úřad Dyjákovice (http://www.dyjakovice.cz/)
Pěchotní srub Závora - Dyjákovice (http://www.mjs15.cz/)"
"2423";"Rodný byt Bedřicha Smetany, Litomyšl";"Česká Republika";"Turistická známka";"Památníky";"Svitavy";"Pardubický kraj";"Rodný byt Bedřicha Smetany, Jiráskova 133, Litomyšl (http://rml.cz/)"
"2424";"Větrný mlýn, Příčovy u Sedlčan";"Česká Republika";"Turistická známka";"Technické památky";"Příbram";"Středočeský kraj";"Obecní úřad, Příčovy 14 (https://www.pricovy.cz/)
Hospoda u Šimků, Příčovy 60"
"2425";"Vyhlídková věž Jindřichův Hradec";"Česká Republika";"Turistická známka";"Rozhledny a vyhlídky";"Jindřichův Hradec";"Jihočeský kraj";"Vyhlídková věž Jindřichův Hradec (http://www.mjh.cz/)"
"2426";"Zámek Bystřice nad Úhlavou";"Česká Republika";"Turistická známka";"Zámky";"Klatovy";"Plzeňský kraj";"Zámek Bystřice nad Úhlavou (https://www.zamekbystricenaduhlavou.cz/)"
"2427";"Muzeum Jindřichohradecka";"Česká Republika";"Turistická známka";"Skanzeny a muzea";"Jindřichův Hradec";"Jihočeský kraj";"Muzeum Jindřichohradecka, Balbínovo nám. 19, J. Hradec (http://www.mjh.cz/)
Infocentrum, Panská 136/1, Jindřichův Hradec (http://www.jh.cz/)
Muzeum Jindřichohradecka - klášter, Štítného 124, Jindř. Hradec (http://www.mjh.cz/)
Vyhlídková věž Jindřichův Hradec (http://www.mjh.cz/)"
"2428";"Kostel sv. Mořice na Mouřenci nad Annínem";"Česká Republika";"Turistická známka";"Církevní památky, Otava";"Klatovy";"Plzeňský kraj";"Kostel sv. Mořice na Mouřenci (v době prohlídek a akcí) (http://www.pratelemourence.cz/)"
"2429";"Rozhledna Máminka, Hudlice";"Česká Republika";"Turistická známka";"Rozhledny a vyhlídky";"Beroun";"Středočeský kraj";"Rozhledna Máminka, Hudlice (http://www.obec-hudlice.cz/turisticke-zajimavosti/rozhledna-maminka/)
Městské informační centrum, Husovo náměstí 69, Beroun (mkcberoun.cz/mic)
Obecní úřad, Jungmanova 355, Hudlice (http://www.obec-hudlice.cz/turisticke-zajimavosti/rozhledna-maminka/)
Hospůdka u Jungmanna, Hudlice 364 (https://www.facebook.com/hospudkaujungmanna)"
"2430";"Klášter Rosa Coeli, Dolní Kounice";"Česká Republika";"Turistická známka";"Církevní památky";"Brno-venkov";"Jihomoravský kraj";"Klášter Rosa Coeli, Dolní Kounice (http://www.dolnikounice.cz/)
TIC, Masarykovo nám. 66/2, Dolní Kounice (http://www.dolnikounice.cz/)
Synagoga, U Synagogy 332, Dolní Kounice (www.dolnikounice.cz)"
"2431";"Vyhlídka Vrkoč - Vaňov";"Česká Republika";"Turistická známka";"Přírodní útvary a místa, Rozhledny a vyhlídky";"Ústí nad Labem";"Ústecký kraj";"Informační středisko, Mírové náměstí 1/1, Ústí nad Labem (https://www.usti-nad-labem.cz/cz/)
Bludiště na Větruši, Ústí nad Labem
Muzeum města Ústí nad Labem, Masarykova 3 (http://www.muzeumusti.cz/)"
"2432";"Vaňovský vodopád";"Česká Republika";"Turistická známka";"Přírodní útvary a místa";"Ústí nad Labem";"Ústecký kraj";"Informační středisko, Mírové náměstí 1/1, Ústí nad Labem (https://www.usti-nad-labem.cz/cz/)
Bludiště na Větruši, Ústí nad Labem
Muzeum města Ústí nad Labem, Masarykova 3 (http://www.muzeumusti.cz/)"
"2433";"Porcelánová zastávka Nová Role";"Česká Republika";"Turistická známka";"Skanzeny a muzea, Krušné hory";"Karlovy Vary";"Karlovarský kraj";"Porcelánová zastávka, Nová Role (http://www.fabriktour.cz/)"
"2434";"Památník Antonína Dvořáka, Zlonice";"Česká Republika";"Turistická známka";"Památníky";"Kladno";"Středočeský kraj";"Památník Antonína Dvořáka, Liehmannova 20, Zlonice (http://www.antonin-dvorak.cz/zlonice)"
"2435";"Volyně - stará radnice";"Česká Republika";"Turistická známka";"Historická města";"Strakonice";"Jihočeský kraj";"Infocentrum, nám. Svobody 1, Volyně (http://www.kultura-volyne.cz/)"
"2436";"Poutní místo Horní Jiřetín";"Česká Republika";"Turistická známka";"Církevní památky";"Most";"Ústecký kraj";"Informační centrum, Havlíkova 1, Horní Jiřetín (http://www.hornijiretin.cz/uvod/)"
"2437";"Tvrz Vyšehořovice";"Česká Republika";"Turistická známka";"Hrady";"Praha-východ";"Středočeský kraj";"Vyšehořovice č. 10 - tvrz - zvoňte! (https://www.hrady.cz/tvrz-vysehorovice-praha-vychod)
Smíšené zboží Jarmila Brožková, Vyšehořovice č. p. 9
Infocentrum, nám. Arnošta z Pardubic 1, Český Brod (https://ic.cvik.info/)"
"2438";"Muzeum Fojtství, Kopřivnice";"Česká Republika";"Turistická známka";"Skanzeny a muzea";"Nový Jičín";"Moravskoslezský kraj";"Muzeum Fojtství, Kopřivnice (tatramuseum.cz)"
"2439";"Město Kroměříž";"Česká Republika";"Turistická známka";"Historická města";"Kroměříž";"Zlínský kraj";"Infocentrum, Velké náměstí 115, Kroměříž (http://www.kromeriz.eu/)
ČD centrum, Kroměříž (http://www.ceskedrahy.cz/tiskove-centrum/fotogalerie/nadrazi/-1208/)"
"2440";"Popraviště - Horní Slavkov";"Česká Republika";"Turistická známka";"Památná místa a obce, Slavkovský les";"Sokolov";"Karlovarský kraj";"Muzeum, Pluhova 211, Horní Slavkov (http://turistika-hornislavkov.cz/cz/mestske-popraviste)"
"2441";"Lašské muzeum, Kopřivnice";"Česká Republika";"Turistická známka";"Skanzeny a muzea";"Nový Jičín";"Moravskoslezský kraj";"Lašské muzeum, Štefánikova 8, Kopřivnice (https://www.tatramuseum.cz/stranka/lasske-muzeum.html)"
"2442";"Renesanční věž kostela sv. Vavřince, Dačice";"Česká Republika";"Turistická známka";"Rozhledny a vyhlídky";"Jindřichův Hradec";"Jihočeský kraj";"Renesanční věž Dačice, Göthova 152, Dačice (http://vezdacice.webnode.cz/)
Infocentrum, Palackého náměstí 1, Dačice (http://www.dacice.cz)
Městské muzeum a galerie, Havlíčkovo náměstí, Dačice (https://muzeumdacice.cz/)"
"2443";"Otáčivé hlediště Český Krumlov";"Česká Republika";"Turistická známka";"Technické památky, Vltava";"Český Krumlov";"Jihočeský kraj";"Otáčivé hlediště - pokladna, K Zámecké zahradě, Český Krumlov (https://www.otacivehlediste.cz/)
Zámecké infocentrum, Zámek 57 (I. zámecké nádvoří) (http://www.unios.cz/)
Unios tourist - zámek Český Krumlov(II. , III. a IV. zámecké nádvoří) (http://www.unios.cz/)
Infocentrum, náměstí Svornosti 2, Český Krumlov (http://www.ckrumlov.cz/)"
"2444";"Muzeum Horní Blatná";"Česká Republika";"Turistická známka";"Skanzeny a muzea, Krušné hory";"Karlovy Vary";"Karlovarský kraj";"Muzeum, Bezručova 127, Horní Blatná (https://www.horni-blatna.cz/turisticke-informace/muzeum-horni-blatna/)
Infocentrum, nám. Sv. Vavřince 1, Horní Blatná (https://www.horni-blatna.cz/)
Suvenýry - JKT Kreativ, náměstí Sv. Vavřince 1, Horní Blatná"
"2445";"Branná, Jeseníky";"Česká Republika";"Turistická známka";"Přírodní útvary a místa, Pohoří, Jeseníky";"Šumperk";"Olomoucký kraj";"Relax centrum Kolštejn (relaxkolstejn.cz)"
"2446";"Město Černošice";"Česká Republika";"Turistická známka";"Historická města, Berounka";"Praha-západ";"Středočeský kraj";"Informační centrum, 5. května 912, Dobřichovice (dobrichovice.cz)
Městský úřad Černošice - pokladna (úřední hodiny) (www.mestocernosice.cz)"
"2447";"Hornické muzeum Krásno";"Česká Republika";"Turistická známka";"Skanzeny a muzea, Technické památky, Slavkovský les";"Sokolov";"Karlovarský kraj";"Hornické muzeum Krásno, Cínová 408, Krásno (http://www.omks.cz/main.php?page=hornicke-muzeum-krasno)
Radnice - podatelna, Radniční 1, Krásno (https://www.mesto-krasno.cz/)"
"2448";"Křižánky";"Česká Republika";"Turistická známka";"Památná místa a obce, Pohoří, Žďárské vrchy";"Žďár nad Sázavou";"Kraj Vysočina";"Informační centrum, Moravské Křižánky 116 (https://www.facebook.com/obecnikavarnakrizanky/)"
"2449";"Vyhlídka Na starém vodojemu, Ždírec nad Doubravou";"Česká Republika";"Turistická známka";"Rozhledny a vyhlídky";"Havlíčkův Brod";"Kraj Vysočina";"TIC, Brodská 120, Ždírec nad Doubravou (http://www.kzm-zdirec.cz/)"
"2450";"Slezské Pavlovice";"Česká Republika";"Turistická známka";"CHKO a rezervace, Památná místa a obce";"Bruntál";"Moravskoslezský kraj";"Obecní úřad Slezské Pavlovice (http://www.slezskepavlovice.cz/)
Přemyslovský dvůr - farma, Slezské Pavlovice 12 (https://www.premyslovskydvur.cz/)"
"2451";"Sezimovo Ústí";"Česká Republika";"Turistická známka";"Historická města, Lužnice";"Tábor";"Jihočeský kraj";"Památník Dr. E. Beneše, Sezimovo Ústí (pouze sezonní prodej) (http://www.husitskemuzeum.cz/pamatnik-dr-edvarda-benese/)
TIC, náměstí T. Bati 701, Sezimovo Ústí (http://www.sezimovo-usti.cz/)"
"2452";"Nová Ves v Horách, Krušné Hory";"Česká Republika";"Turistická známka";"Pohoří, Krušné hory";"Most";"Ústecký kraj";"Novoveské muzeum, Nová Ves v Horách 197 (http://www.novavesvhorach.cz/)"
"2453";"Národní památník hrdinů heydrichiády, Praha";"Česká Republika";"Turistická známka";"Památníky";"Praha";"Hlavní město Praha";"Restaurace u Parašutistů, Resslova 1939/7, Praha 2 (http://www.uparasutistu.cz)"
"2454";"Mauzoleum rodiny Kleinů, Sobotín";"Česká Republika";"Turistická známka";"Historické budovy a stavby";"Šumperk";"Olomoucký kraj";"Zámek Sobotín (http://www.resortsobotin.cz/)
Obecní úřad, Sobotín 54 (http://www.sobotin.cz/)"
"2455";"Město Moravská Třebová";"Česká Republika";"Turistická známka";"Historická města";"Svitavy";"Pardubický kraj";"Městské informační centrum, náměstí T. G. Masaryka 29 (https://ic.moravskatrebova.cz/)
Zámek Moravská Třebová (https://www.zamekmoravskatrebova.cz/)
Tabák - Tisk, náměstí 17, Moravská Třebová"
"2456";"Město Železnice";"Česká Republika";"Turistická známka";"Historická města";"Jičín";"Královéhradecký kraj";"Muzeum, Muzejní nám. 181, Železnice (http://muzeumzeleznice.webk.cz/)"
"2457";"Kostel sv. Petra a Pavla, Albrechtice nad Vltavou";"Česká Republika";"Turistická známka";"Církevní památky, Vltava";"Písek";"Jihočeský kraj";"Infocentrum Albrechtice nad Vltavou (http://www.albrechticenadvltavou.cz/)
Turistické informační centrum, Velké nám. 1/24, Písek (http://www.piseckem.cz)"
"2458";"Dům přírody Moravského krasu";"Česká Republika";"Turistická známka";"Přírodní útvary a místa, Skanzeny a muzea";"Blansko";"Jihomoravský kraj";"Dům přírody Moravského krasu, Punkevní žleb 80 (https://www.dumprirody.cz/moravsky-kras/)"
"2459";"Zevlův mlýn, Nové Hrady";"Česká Republika";"Turistická známka";"Technické památky";"České Budějovice";"Jihočeský kraj";"Zevlův mlýn, Nové Hrady 143 (https://zevluvmlyn.cz/)"
"2460";"Chrám sv. Jana Křtitele, Sudice";"Česká Republika";"Turistická známka";"Církevní památky";"Opava";"Moravskoslezský kraj";"Obecní úřad, nám. P. A. Jureczky 13, Sudice (http://www.obecsudice.cz/)"
"2461";"Přírodní areál a Muzeum v přírodě Rochus, Uherské Hradiště";"Česká Republika";"Turistická známka";"Skanzeny a muzea, Zahrady a parky, Volnočasové areály";"Uherské Hradiště";"Zlínský kraj";"Muzeum v přírodě - skanzen Rochus, Mařatice 1797 (http://www.parkrochus.cz/)"
"2462";"Hrad Skála v Černém lese u Přeštic";"Česká Republika";"Turistická známka";"Hrady";"Plzeň-jih";"Plzeňský kraj";"TIC, Masarykovo náměstí 311, Přeštice (http://kzprestice.cz/)"
"2463";"Zemský hřebčinec Tlumačov";"Česká Republika";"Turistická známka";"Historické budovy a stavby";"Zlín";"Zlínský kraj";"Zemský hřebčinec Tlumačov, Dolní 115 (http://www.hrebcinec-tlumacov.cz/uvod)"
"2464";"Památník Internačního tábora Svatobořice";"Česká Republika";"Turistická známka";"Válečné památníky";"Hodonín";"Jihomoravský kraj";"Památník a muzeum Internačního tábora Svatobořice (www.svatoborice-mistrin.cz)
OÚ Svatobořice, Hlavní 113 (www.svatoborice-mistrin.cz)"
"2465";"Dvůr Pecínov";"Česká Republika";"Turistická známka";"Skanzeny a muzea";"Benešov";"Středočeský kraj";"Dvůr Pecínov - recepce (http://www.pecinov.com/)"
"2466";"Naučná stezka Po Hranici, Chřiby";"Česká Republika";"Turistická známka";"Stezky a trasy, Pohoří, Chřiby";"Hodonín";"Jihomoravský kraj";"Městské informační centrum, Svatoborská 26, Kyjov (http://www.ickyjov.cz/)"
"2467";"Pardubický pivovar";"Česká Republika";"Turistická známka";"Historické pivovary";"Pardubice";"Pardubický kraj";"Prodej dočasně pozastaven
Návštěvnické centrum Turistických známek, Rýmařov (http://www.turisticke-znamky.cz/)"
"2468";"Černá věž Klatovy";"Česká Republika";"Turistická známka";"Rozhledny a vyhlídky";"Klatovy";"Plzeňský kraj";"Informační centrum, Vídeňská 66, Klatovy (https://www.klatovy.cz/icklatovy/)
Černá věž v Klatovech (http://www.mksklatovy.cz/)"
"2469";"Horní synagoga, Mikulov";"Česká Republika";"Turistická známka";"Církevní památky";"Břeclav";"Jihomoravský kraj";"Horní synagoga, Husova 13, Mikulov (http://www.rmm.cz)"
"2470";"Dům u Zlatého prstenu, Muzeum hlavního města Prahy, Praha";"Česká Republika";"Turistická známka";"Skanzeny a muzea";"Praha";"Hlavní město Praha";"Dům U Zlatého prstenu, Týnská 6, Praha (http://www.muzeumprahy.cz/dum-u-zlateho-prstenu/)"
"2471";"Expozice pivovarnictví Znojmo";"Česká Republika";"Turistická známka";"Skanzeny a muzea, Technické památky";"Znojmo";"Jihomoravský kraj";"Expozice pivovarnictví Znojmo (https://www.znojemskabeseda.cz/turismus/expozice-pivovarnictvi)"
"2472";"Hradební opevnění Znojmo";"Česká Republika";"Turistická známka";"Technické památky, Skanzeny a muzea";"Znojmo";"Jihomoravský kraj";"Znojemské podzemí, Slepičí trh 2, Znojmo (https://www.znojemskabeseda.cz/)
TIC, Obroková ulice 10, Znojmo (https://www.znojemskabeseda.cz/)
TIC - Jižní přístupová cesta, Hradní ulice, Znojmo (https://www.znojemskabeseda.cz/)
Radniční věž, Obroková ul., Znojmo (https://www.znojemskabeseda.cz/)
GaP, Galerie a prostor, Kollárova 27, Znojmo (https://www.galerieaprostor.cz/)"
"2473";"Lužanská hora, Lužany";"Česká Republika";"Turistická známka";"Památná místa a obce, Stezky a trasy";"Plzeň-jih";"Plzeňský kraj";"Obecní úřad Lužany, Lužany 25 (http://www.obec-luzany.cz/)
Zámek Josefa Hlávky, Lužany 1 (http://www.hlavkovanadace.cz/zamek_josefa_hlavky.php)
TIC, Masarykovo náměstí 311, Přeštice (http://kzprestice.cz/)
Dům historie Přešticka, Třebízského 24, Přeštice (http://www.dumhistorie.cz/)"
"2474";"Bazilika sv. Prokopa, Třebíč";"Česká Republika";"Turistická známka";"Církevní památky";"Třebíč";"Kraj Vysočina";"TIC Bazilika, Zámek 1, Třebíč (https://www.mkstrebic.cz/turisticka-informacni-centra/)"
"2475";"Muzeum čs. opevnění z let 1936 - 1938 Na Kočičáku, Chomutov";"Česká Republika";"Turistická známka";"Válečné památníky";"Chomutov";"Ústecký kraj";"Muzeum čs. opevnění z let 1936-1938 ""Na Kočičáku"" (http://www.kocicak.cz/)
Turistické infocentrum, náměstí 1. Máje 5885, Chomutov (http://www.chomutov-mesto.cz/)"
"2476";"Rozhledna Pepř, Jílové u Prahy";"Česká Republika";"Turistická známka";"Rozhledny a vyhlídky";"Praha-západ";"Středočeský kraj";"Regionální muzeum, Masarykovo nám. 16, Jílové u Prahy (http://muzeumjilove.cz/)"
"2477";"Rozhledna Strážný vrch - Moravská Třebová";"Česká Republika";"Turistická známka";"Rozhledny a vyhlídky";"Svitavy";"Pardubický kraj";"Městské informační centrum, náměstí T. G. Masaryka 29 (https://ic.moravskatrebova.cz/)
Zámek Moravská Třebová (https://www.zamekmoravskatrebova.cz/)
Tabák - Tisk, náměstí 17, Moravská Třebová"
"2478";"Tvrz Malešov";"Česká Republika";"Turistická známka";"Hrady";"Kutná Hora";"Středočeský kraj";"Muzeum Malešov"
"2479";"Tvrz Tichá";"Česká Republika";"Turistická známka";"Hrady";"Český Krumlov";"Jihočeský kraj";"Hrad Pořešín (http://www.hradynamalsi.cz/)"
"2480";"Hrad Louzek";"Česká Republika";"Turistická známka";"Hrady";"Český Krumlov";"Jihočeský kraj";"Hrad Pořešín (http://www.hradynamalsi.cz/)"
"2481";"Hrad Velešín";"Česká Republika";"Turistická známka";"Hrady";"České Budějovice";"Jihočeský kraj";"Hrad Pořešín (http://www.hradynamalsi.cz/)"
"2482";"Hrad Sokolčí";"Česká Republika";"Turistická známka";"Hrady";"České Budějovice";"Jihočeský kraj";"Hrad Pořešín (http://www.hradynamalsi.cz/)
KIC Velešín (http://www.hradynamalsi.cz/)"
"2483";"Vyhlídka Venušiny misky, Smolný vrch";"Česká Republika";"Turistická známka";"Přírodní útvary a místa, Pohoří, Rozhledny a vyhlídky, Rychlebské hory";"Jeseník";"Olomoucký kraj";"Infocentrum Rychlebských stezek - základna, Černá Voda (http://www.rychlebskestezky.cz/cs/)
Kvašárna, Černá Voda 183 (https://www.kvasarna.cz/)"
"2484";"Kostel Povýšení sv. Kříže Litomyšl";"Česká Republika";"Turistická známka";"Církevní památky";"Svitavy";"Pardubický kraj";"Infocentrum, Smetanovo náměstí 72, Litomyšl (http://www.ticlitomysl.cz/)
Kostel Povýšení sv. Kříže Litomyšl (http://www.farnostlitomysl.cz/)
Zámecké Infocentrum, Jiráskova 133, Litomyšl (http://www.ticlitomysl.cz/)"
"2485";"Archeopark pravěku Všestary";"Česká Republika";"Turistická známka";"Archeo";"Hradec Králové";"Královéhradecký kraj";"Archeopark pravěku Všestary (http://archeoparkvsestary.cz/)"
"2486";"Horská synagoga Hartmanice";"Česká Republika";"Turistická známka";"Církevní památky, Skanzeny a muzea";"Klatovy";"Plzeňský kraj";"Horská synagoga Hartmanice (www.hartmanice.cz)
Infocentrum, Hartmanice 40 (http://www.muhartmanice.cz/)"
"2487";"Satinské vodopády, Malenovice";"Česká Republika";"Turistická známka";"Přírodní útvary a místa, Pohoří, Beskydy";"Frýdek-Místek";"Moravskoslezský kraj";"Hospoda U Veličků, Malenovice pod Lysou Horou (https://www.facebook.com/uvelicku/?ref=page_internal)
TIC, Hlavní 1755, Frýdlant nad Ostravicí (http://www.ticfno.cz/)"
"2488";"Rozhledna Milada u Orlické přehrady";"Česká Republika";"Turistická známka";"Rozhledny a vyhlídky, Vltava";"Příbram";"Středočeský kraj";"Rozhledna Milada (https://cs-cz.facebook.com/rozhlednamilada/)
Pobočka ČP na OÚ Milešov (https://cs-cz.facebook.com/rozhlednamilada/)"
"2489";"Halda Ema, Slezská Ostrava";"Česká Republika";"Turistická známka";"Stezky a trasy, Rozhledny a vyhlídky";"Ostrava-město";"Moravskoslezský kraj";"Infocentrum Věž, Prokešovo náměstí 1803/8, Ostrava (https://www.ostravainfo.cz/cz/info/infocentra/8566-infocentrum-vez.html)
Infocentrum Elektra, Jurečkova 1935/12, Ostrava (https://www.ostravainfo.cz/cz/info/infocentra/8560-infocentrum-elektra.html)
Infocentrum Přívoz, Nádražní 164/215, Ostrava (https://www.ostravainfo.cz/cz/info/infocentra/8564-infocentrum-privoz.html)
Infocentrum Svinov, Peterkova 1152/14, Ostrava (https://www.ostravainfo.cz/cz/info/infocentra/8565-infocentrum-svinov.html)"
"2490";"Židovský obecní dům, Boskovice";"Česká Republika";"Turistická známka";"Skanzeny a muzea";"Blansko";"Jihomoravský kraj";"Židovský obecní dům, Bílkova 7, Boskovice (http://www.muzeum-boskovicka.cz/)
Muzeum regionu Boskovicka, Hradní 1, Boskovice (http://www.muzeum-boskovicka.cz/)"
"2491";"Máchovo jezero";"Česká Republika";"Turistická známka";"Přírodní útvary a místa";"Česká Lípa";"Liberecký kraj";"Památník Karla Hynka Máchy - Doksy (http://www.muzeumcl.cz/)
Trafika - Lipové náměstí, Doksy
Infocentrum, Jana Roháče z Dubé 29, Staré Splavy (http://www.strediskorohac.cz/)
Stánek - Staré Splavy - Pod Borným (červenec - srpen)
Občerstvení u Máchového jezera, poblíž Yacht klub
Aloha bistro, Chatový tábor Karolínka
Infocentrum, Valdštejnská 183, Doksy (http://www.doksy.com/)"
"2492";"Muzeum trabantů Nová Ves pod Pleší";"Česká Republika";"Turistická známka";"Technické památky, Skanzeny a muzea";"Příbram";"Středočeský kraj";"Muzeum Trabantů Nová Ves pod Pleší (https://www.novavespodplesi.cz/muzeum-trabantu/)"
"2493";"Arboretum Žampach";"Česká Republika";"Turistická známka";"Zahrady a parky";"Ústí nad Orlicí";"Pardubický kraj";"Domov pod hradem Žampach (https://www.uspza.cz/arboretum)
Turistické informační centrum, Žampach (https://www.uspza.cz/arboretum)"
"2494";"Pivovar Zbraslavice";"Česká Republika";"Turistická známka";"Historické pivovary";"Kutná Hora";"Středočeský kraj";"Pivovar Zbraslavice (http://www.pivovarzbraslavice.cz/?age-verified=c7d23121f3)"
"2495";"Pivovar Hořice";"Česká Republika";"Turistická známka";"Historické pivovary";"Jičín";"Královéhradecký kraj";"Pivovar Hořice (http://expivovar.cz/)
Informační centrum, nám. Jiřího z Poděbrad 3, Hořice (https://infocentrum.horice.org/)"
"2496";"Městské muzeum a galerie Hlinsko";"Česká Republika";"Turistická známka";"Skanzeny a muzea";"Chrudim";"Pardubický kraj";"Městské muzeum a galerie Hlinsko (http://www.mmghlinsko.cz/)"
"2497";"Hrad Žumberk";"Česká Republika";"Turistická známka";"Hrady";"Pardubice";"Pardubický kraj";"Úřad městyse, Žumberk 71 (http://www.obec-zumberk.cz/)
Pošta Žumberk (http://www.obec-zumberk.cz/)"
"2498";"Židovský hřbitov v Mikulově";"Česká Republika";"Turistická známka";"Církevní památky";"Břeclav";"Jihomoravský kraj";"Turistické informační centrum, Náměstí 1, Mikulov (http://www.mikulov.cz)
Židovský hřbitov v Mikulově - Obřadní síň (https://www.zidovskyhrbitovmikulov.cz/)"
"2499";"Loučná nad Desnou, Jeseníky";"Česká Republika";"Turistická známka";"Ski areály, Pohoří, Jeseníky";"Šumperk";"Olomoucký kraj";"Informační centrum, Loučná nad Desnou 57 (https://icloucna.cz/)
Kavárna Tančírna, Loučná nad Desnou 93, 78811 (https://www.facebook.com/Kav%C3%A1rna-Tan%C4%8D%C3%ADrna-138343236722607/?ref=page_internal)"
"2500";"Poštovní štola, Zlaté Hory";"Česká Republika";"Turistická známka";"Technické památky, Skanzeny a muzea";"Jeseník";"Olomoucký kraj";"Poštovní štola (pokladna), Zlaté Hory (zlatehory.cz)
Městské informační centrum, Zlaté Hory (zlatehory.cz)
Zlatokopecký skanzen, Zlaté Hory (https://zlatehory.cz/#utm_source=mapy.cz&utm_medium=ppd&utm_content=hledani&utm_term=Zlatokopeck%c3%bd%20skanzen%2c%20Zlat%c3%a9%2)"
"2501";"Knížecí stolec, Šumava";"Česká Republika";"Turistická známka";"Přírodní útvary a místa, Rozhledny a vyhlídky, Pohoří, Šumava";"Český Krumlov";"Jihočeský kraj";"Turistická známka ZRUŠENA"
"2502";"Kostel sv. Hedviky, Opava";"Česká Republika";"Turistická známka";"Církevní památky";"Opava";"Moravskoslezský kraj";"Infocentrum, Horní náměstí 67, Opava (https://www.opava-city.cz/)
ČD centrum, Opava (http://www.cd.cz/)"
"2503";"Naučná stezka okolo Kočičího hrádku, Slatiňany";"Česká Republika";"Turistická známka";"Stezky a trasy";"Chrudim";"Pardubický kraj";"Infocentrum, T. G. Masaryka 36, Slatiňany (http://infocentrum.slatinany.cz/)
Švýcárna Slatiňany - muzeum starokladrubského vraníka (http://www.svycarna-slatinany.eu/)"
"2504";"Lázně Pod Zvičinou, Dolní Brusnice";"Česká Republika";"Turistická známka";"Lázně";"Trutnov";"Královéhradecký kraj";"TIC Pod Zvičinou (http://www.hotelpodzvicinou.cz/)
Hotel Pod Zvičinou (http://www.hotelpodzvicinou.cz/)"
"2505";"Lodní doprava Pardubice - Kunětice";"Česká Republika";"Turistická známka";"Lodní doprava, Technické památky";"Pardubice";"Pardubický kraj";"TIC, třída Míru 60 - Machoňova pasáž - Pardubice (http://www.ipardubice.cz/)"
"2506";"Muzeum motocyklů Konopiště";"Česká Republika";"Turistická známka";"Technické památky, Skanzeny a muzea";"Benešov";"Středočeský kraj";"Muzeum motocyklů, Konopiště (http://www.motomuseum.cz/moto-muzea-v-cr/muzeum-motocyklu-konopiste/)"
"2507";"Rozhledna Růženka - Růžová u Děčína";"Česká Republika";"Turistická známka";"Rozhledny a vyhlídky";"Děčín";"Ústecký kraj";"Restaurace U kostela - Růžová (http://www.restauraceruzova.cz/index.php)
Obecní úřad Růžová (http://www.obec-ruzova.cz/)
Hotel u Zeleného stromu (uzelenehostromu.cz)
Infocentrum, Srbská Kamenice 224 (www.srbskakamenice.cz)
Informační centrum, Hřensko 71 (hrensko.cz)"
"2508";"Vrch Mužský - Boseň";"Česká Republika";"Turistická známka";"Přírodní útvary a místa, Válečné památníky";"Mladá Boleslav";"Středočeský kraj";"Hrad Valečov (http://bosen-obec.cz/)
Restaurant KRÁSNÁ VYHLÍDKA, Mužský 40, Boseň (https://www.nakrasnevyhlidce.cz/)
Informační středisko, Kněžmost (knezmost.cz)
Chatová osada Lemberk - kemp, Branžež (https://slukova25.wixsite.com/lemberk)
Parkoviště pod hradem Valečov
Autocamp Příhrazy (www.camp-prihrazy.cz)
Kiosek pod Drábkami"
"2509";"Rozhledna Doubravka - Praha 14";"Česká Republika";"Turistická známka";"Rozhledny a vyhlídky";"Praha";"Hlavní město Praha";"Inf. kancelář Úřadu městské části Praha 14, Bří Venclíků 1073 (https://www.praha14.cz/)"
"2510";"Farmapark Soběhrdy";"Česká Republika";"Turistická známka";"Zoologické zahrady";"Benešov";"Středočeský kraj";"Farmapark Soběhrdy (http://farmapark.eu/)"
"2511";"Jihočeské zemědělské muzeum, Netěchovice";"Česká Republika";"Turistická známka";"Skanzeny a muzea";"České Budějovice";"Jihočeský kraj";"Jihočeské zemědělské muzeum, Netěchovice (https://www.zemedelske-muzeum.cz/uvod/)"
"2512";"Město Varnsdorf";"Česká Republika";"Turistická známka";"Historická města";"Děčín";"Ústecký kraj";"IC, Otáhalova 1260, Varnsdorf (http://ic.varnsdorf.cz/)
Městská knihovna, Otáhalova 1260, Varnsdorf (http://www.mkvdf.cz/)"
"2513";"Hrad Hynšta - Branžež";"Česká Republika";"Turistická známka";"Hrady";"Mladá Boleslav";"Středočeský kraj";"Restaurant KRÁSNÁ VYHLÍDKA, Mužský 40, Boseň (https://www.nakrasnevyhlidce.cz/)
Chatová osada Lemberk - kemp, Branžež (https://slukova25.wixsite.com/lemberk)
Autocamp Příhrazy (www.camp-prihrazy.cz)"
"2514";"Země Keltů - Nasavrky";"Česká Republika";"Turistická známka";"Skanzeny a muzea";"Chrudim";"Pardubický kraj";"Země Keltů, Nasavrky (https://zemekeltu.cz/)"
"2515";"Město Zákupy";"Česká Republika";"Turistická známka";"Historická města";"Česká Lípa";"Liberecký kraj";"Městské informační centrum, Náměstí Svobody 249, Zákupy (http://www.zakupy.cz/)"
"2516";"Rozhledna na Chlumu u Hradce Králové";"Česká Republika";"Turistická známka";"Rozhledny a vyhlídky";"Hradec Králové";"Královéhradecký kraj";"Vyhlídková věž v areálu bojiště bitvy 1866 na Chlumu (http://www.chlum1866.cz/)"
"2517";"Sedmiradostná cesta, Česká - Lelekovice - Vranov";"Česká Republika";"Turistická známka";"Stezky a trasy, Církevní památky";"Brno-venkov";"Jihomoravský kraj";"Samovýčep Pro Dobré lidi, Vranov 70 (https://www.penzionnagrunte.cz/)
Restaurace U Baumannů, Česká 27 (http://www.pivovar-dalesice.cz/)
Hospůdka Bylo Nebylo - Březina 24, Vranov (https://www.facebook.com/Hosp%C5%AFdka-Bylo-Nebylo-1924478211167590/?ref=page_internal)"
"2518";"Piaristický klášter, Příbor";"Česká Republika";"Turistická známka";"Církevní památky";"Nový Jičín";"Moravskoslezský kraj";"Infocentrum, Příbor (https://www.pribor.eu/obcan/)"
"2519";"Muzeum obrněné techniky Smržovka";"Česká Republika";"Turistická známka";"Skanzeny a muzea, Technické památky";"Jablonec nad Nisou";"Liberecký kraj";"Infocentrum, nám. T. G. Masaryka 638, Smržovka (http://www.smrzovka.cz/mestska-knihovna-a-infocentrum-smrzovka/os-1058/p1=1006)
Muzeum obrněné techniky Smržovka (http://tankysmrzovka.cz/)"
"2520";"HistoryPark Ledčice";"Česká Republika";"Turistická známka";"Archeo";"Mělník";"Středočeský kraj";"History park Ledčice (Ledčice 222) (http://historypk.cz/)
Informační a dopravní centrum Podřipska, Roudnice nad Labem (https://www.roudnicenl.cz/mesto/informacni-centrum)"
"2521";"Chodovské skály";"Česká Republika";"Turistická známka";"Přírodní útvary a místa";"Domažlice";"Plzeňský kraj";"Turistické informační centrum, Klenčí pod Čerchovem (https://www.klenci.cz/)
Obec Chodov
Restaurace U Svatého Jána, Trhanov (http://restauraceusvjana.cz/)"
"2522";"Tachovský zámek";"Česká Republika";"Turistická známka";"Zámky";"Tachov";"Plzeňský kraj";"Tachovský zámek - pokladna (http://www.tachovskyzamek.cz/)
Informační centrum, Náměstí Republiky 85, Tachov (http://www.mks.tachov.cz/)
Jízdárna Světce u Tachova (https://www.mkstc.cz/jizdarna-svetce.html)"
"2523";"Památník bitvy u Sudoměře";"Česká Republika";"Turistická známka";"Památníky, Válečné památníky";"Strakonice";"Jihočeský kraj";"Muzeum Špejchar Ražice (https://www.facebook.com/spejchar.razice)
Infocentrum CIAO, Strakonice (http://www.strakonice.eu/content/informacni-centrum)
Městské informační centrum, Zámek 1, Strakonice (http://www.strakonice.eu/)
Turistické informační centrum, Velké nám. 1/24, Písek (http://www.piseckem.cz)"
"2524";"Stezka Lišky Bystroušky, Střítež";"Česká Republika";"Turistická známka";"Stezky a trasy";"Šumperk";"Olomoucký kraj";"Kavárna Galerie U lišky Bystroušky, Loštice (http://www.kavarna-lostice.cz/)"
"2525";"Libštát";"Česká Republika";"Turistická známka";"Památná místa a obce";"Semily";"Liberecký kraj";"Úřad Městyse Libštát, 512 03 Libštát 198 (http://www.libstat.e-obec.cz/)
Restaurace Kulturní dům, 512 03 Libštát 315 (http://www.libstat.e-obec.cz/)"
"2526";"Dobrý voják Švejk v Putimi";"Česká Republika";"Turistická známka";"Památná místa a obce";"Písek";"Jihočeský kraj";"Obecní úřad Putim č. 198 (https://www.putim.cz/)
Restaurace U Cimbury, Putim 9 (https://www.ucimbury.cz/index.html)
Hospůdka U Splavu, Putim 62 (https://www.facebook.com/Hosp%C5%AFdka-U-Splavu-Putim-180621245284939#utm_source=mapy.cz&utm_medium=ppd&utm_content=hledani&utm_te)"
"2527";"Starý kvartýr - muzeum v Lužicích";"Česká Republika";"Turistická známka";"Skanzeny a muzea";"Hodonín";"Jihomoravský kraj";"Muzeum Starý kvartýr v Lužicích (http://www.starykvartyr.cz/)
Obecní úřad Lužice (https://www.luziceuhodonina.cz/)"
"2528";"Město Abertamy";"Česká Republika";"Turistická známka";"Historická města, Pohoří, Krušné hory";"Karlovy Vary";"Karlovarský kraj";"Infocentrum, Farní 2, Abertamy (https://www.mesto-abertamy.cz/)"
"2529";"Žulová stezka Horkami - Skuteč";"Česká Republika";"Turistická známka";"Stezky a trasy";"Chrudim";"Pardubický kraj";"TIC, Rybičkova 364, Skuteč (http://www.skutecsky.navstevnik.cz/)"
"2530";"Jízdárna Světce u Tachova";"Česká Republika";"Turistická známka";"Historické budovy a stavby";"Tachov";"Plzeňský kraj";"Informační centrum, Náměstí Republiky 85, Tachov (http://www.mks.tachov.cz/)
Jízdárna Světce u Tachova (https://www.mkstc.cz/jizdarna-svetce.html)
Tachovský zámek - pokladna (http://www.tachovskyzamek.cz/)"
"2531";"Východočeský památník celnictví, Králíky";"Česká Republika";"Turistická známka";"Památníky, Skanzeny a muzea";"Ústí nad Orlicí";"Pardubický kraj";"Východočeský památník celnictví, Králíky (http://celnici.militaryclub.info/)"
"2532";"Vodní nádrž Nechranice";"Česká Republika";"Turistická známka";"Technické památky, Ohře";"Chomutov";"Ústecký kraj";"Infocentrum, Štefanikova 82, Březno (www.obecbrezno.cz)"
"2533";"Rodinný pivovar Berounský medvěd, Beroun";"Česká Republika";"Turistická známka";"Historické pivovary, Berounka";"Beroun";"Středočeský kraj";"Rodinný pivovar Berounský medvěd (http://www.berounskymedved.com/)"
"2534";"Vyhlídka Na Altánku, Zduchovické skály";"Česká Republika";"Turistická známka";"Rozhledny a vyhlídky, Přírodní útvary a místa, Vltava";"Příbram";"Středočeský kraj";"OÚ Zduchovice 55, Zduchovice (http://www.obeczduchovice.cz/)
Penzion U Švarců 4, Zduchovice (http://www.obeczduchovice.cz/)
Obecní úřad Solenice (https://www.obecsolenice.cz/)"
"2535";"Město Milevsko";"Česká Republika";"Turistická známka";"Historická města";"Písek";"Jihočeský kraj";"TIC, náměstí E. Beneše 6, Milevsko (https://www.milevskem.cz/turistika/infocentrum)"
"2536";"Kaple sv. Barbory, Vogelsang, Šumava";"Česká Republika";"Turistická známka";"Církevní památky";"Klatovy";"Plzeňský kraj";"Recepce rezidence Vogelsang (www.rezidencevogelsang.cz)
Inf. středisko NP Šumava, Sušická 399, Kašperské Hory (https://www.npsumava.cz/navstivte-sumavu/navstevnicka-centra/informacni-stredisko-kasperske-hory/)
Infocentrum, Náměstí 1, Kašperské Hory (https://www.kasphory.cz/turista/)"
"2537";"Kostel sv. Mikuláše, Hradec Králové";"Česká Republika";"Turistická známka";"Církevní památky";"Hradec Králové";"Královéhradecký kraj";"Kostel Sv. Mikuláše - Jiráskovy sady, Hradec Králové (www.hkinfo.cz)
Infocentrum Hradec Králové, Eliščino nábřeží 626 (www.hkinfo.cz)"
"2538";"Rozhledna Tachov Vysoká";"Česká Republika";"Turistická známka";"Rozhledny a vyhlídky";"Tachov";"Plzeňský kraj";"Informační centrum, Náměstí Republiky 85, Tachov (http://www.mks.tachov.cz/)
Jízdárna Světce u Tachova (https://www.mkstc.cz/jizdarna-svetce.html)
Infocentrum - Tachovský zámek (http://www.mks.tachov.cz/)"
"2539";"Jezero Milada, Chabařovice";"Česká Republika";"Turistická známka";"Přírodní útvary a místa";"Ústí nad Labem";"Ústecký kraj";"Informační středisko, Mírové náměstí 1/1, Ústí nad Labem (https://www.usti-nad-labem.cz/cz/)
Cyklocentrum, Přístavní 3591/3, Ústí nad Labem (http://www.jezeromilada.cz/)"
"2540";"Modrokamenná Bouda, Krkonoše";"Česká Republika";"Turistická známka";"Pohoří, Horské chaty a boudy, Krkonoše";"Trutnov";"Královéhradecký kraj";"Modrokamenná bouda - Krkonoše (https://modrokamennabouda.hotel.cz/?gclid=EAIaIQobChMIoa-kkMmm4AIVh-J3Ch0_CwjHEAAYAyAAEgJJ3fD_BwE)"
"2541";"Stezka Valaška, Pustevny";"Česká Republika";"Turistická známka";"Stezky a trasy, Pohoří, Beskydy";"Vsetín";"Zlínský kraj";"Suvenýr shop Valaška, pokladna (https://stezkavalaska.cz/)
Horní stanice lanovky, Pustevny
Stánek Drago - Pustevny
Stánek Cyrilka, Pustevny
Zelená Bouda, Pustevny
Infocentrum, Havlíčkova 32, Frenštát pod Radhoštěm (http://frenstatinfo.cz/)
Chata Libušín, Pustevny (https://novylibusin.cz/)"
"2542";"Veselská rozhledna, Odry";"Česká Republika";"Turistická známka";"Rozhledny a vyhlídky";"Nový Jičín";"Moravskoslezský kraj";"Informační centrum, Masarykovo náměstí 25, Odry (http://www.odry.cz/)"
"2543";"Zámek Pátek nad Ohří";"Česká Republika";"Turistická známka";"Zámky, Ohře";"Louny";"Ústecký kraj";"Zámek Pátek nad Ohří (http://www.zamekpatek.cz/)
Hostinec Hela, Pátek nad Ohří (https://hostinec-hela.webnode.cz/)"
"2544";"Město Buštěhrad";"Česká Republika";"Turistická známka";"Historická města";"Kladno";"Středočeský kraj";"Turistické informační centrum Buštěhrad (https://www.mestobustehrad.cz/)"
"2545";"Kostel svatého Mikuláše, Vinec";"Česká Republika";"Turistická známka";"Církevní památky";"Mladá Boleslav";"Středočeský kraj";"Potraviny Vinec (budova Obecního úřadu) (http://www.vinec.e-obec.cz/)"
"2546";"Nedvědice";"Česká Republika";"Turistická známka";"Stezky a trasy";"Brno-venkov";"Jihomoravský kraj";"Turistické informační centrum, Nedvědice (http://www.pernstejnsko.cz/)"
"2547";"Samaritánka - pramen pod Stolovou horou Ostaš";"Česká Republika";"Turistická známka";"Pohoří, Památná místa a obce, Broumovské mezihoří";"Náchod";"Královéhradecký kraj";"Knihkupectví, Komenského nám. 402, Police nad Metují
Obecní úřad, Žďár nad Metují 60 (http://www.zdarnadmetuji.cz/)
Žďárská hospůdka, Žďár nad Metují 60 (www.podostasem.com)"
"2548";"Lodní doprava Lipno";"Česká Republika";"Turistická známka";"Lodní doprava, Technické památky, Vltava";"Český Krumlov";"Jihočeský kraj";"Infocentrum, Náměstí 8, Horní Planá (https://www.sumava-lipno.eu/)
Přístav (prodejní stánek) (http://www.lipno-line.com/cz.html)
Paluba lodi Adalbert Stifter (http://www.lipno-line.com/cz.html)
Klientské informační centrum, Lipno nad Vltavou 307 (https://www.lipno.info/)"
"2549";"Dřevěnka Úpice";"Česká Republika";"Turistická známka";"Skanzeny a muzea";"Trutnov";"Královéhradecký kraj";"Městské muzeum a galerie Julie W. Mezerové, Úpice (https://www.mmgu.cz/)
Informační centrum, nám. T. G. Masaryka 31, Úpice (https://www.icupice.cz/informacni-centrum/)
Dřevěnka Úpice (https://www.mmgu.cz/drevenka/)"
"2550";"Hamzův park a arboretum, Luže";"Česká Republika";"Turistická známka";"Zahrady a parky";"Chrudim";"Pardubický kraj";"Infocentrum Hamzovy odborné léčebny, Luže (http://www.hamzova-lecebna.cz/)"
"2551";"Hodkovice nad Mohelkou";"Česká Republika";"Turistická známka";"Historická města";"Liberec";"Liberecký kraj";"Město Hodkovice nad Mohelkou - městský úřad (https://www.hodkovicenm.cz/)
Cukrárna, T. G. Masaryka 216, Hodkovice nad Mohelkou
Knihkupectví Booklet, Hodkovice nad Mohelkou
POTRAVINY CBA , nám.T.G.M. 169, Hodkovice nad Mohelkou"
"2552";"Kaple Všech svatých, Petrohrad";"Česká Republika";"Turistická známka";"Církevní památky";"Louny";"Ústecký kraj";"Kaple Všech svatých, Petrohrad (https://kaple.petrohrad-obec.cz/)
Smíšené zboží Na návsi, Petrohrad 65 (https://kaple.petrohrad-obec.cz/)
Obecní úřad, Petrohrad (https://kaple.petrohrad-obec.cz/)"
"2553";"Sochy ve skalách, Brniště";"Česká Republika";"Turistická známka";"Stezky a trasy";"Česká Lípa";"Liberecký kraj";"Ekocentrum Brniště (http://www.ekocentrumbrniste.cz/turistika/sochy-ve-skalach.html)"
"2554";"Rotunda sv. Maří Magdaleny Přední Kopanina, Praha";"Česká Republika";"Turistická známka";"Církevní památky";"Praha";"Hlavní město Praha";"Muzeum Přední Kopanina, Praha 6 - Přední Kopanina (http://www.prednikopanina.cz/)
Úřad městské části Praha - Přední Kopanina
Penzion Oto plus Praha 6 - Přední Kopanina (http://otoplus.cz/)
Ristorante Pizzeria Da Ezio Praha 6 - Přední Kopanina (https://www.daezio.cz/)"
"2555";"Bílá věž v Hradci Králové";"Česká Republika";"Turistická známka";"Rozhledny a vyhlídky";"Hradec Králové";"Královéhradecký kraj";"Infocentrum Hradec Králové, Eliščino nábřeží 626 (www.hkinfo.cz)
Bílá věž, Franušova 168/1, Hradec Králové (https://www.bilavez.cz/)"
"2556";"Čedičové varhany u Hlinek";"Česká Republika";"Turistická známka";"Přírodní útvary a místa, Pohoří, Slavkovský les";"Karlovy Vary";"Karlovarský kraj";"Bečovská botanická zahrada - pokladna, občerstvení (www.becovskabotanicka.cz)"
"2557";"Muzeum Špejchar Ražice - stanice Řežabinec";"Česká Republika";"Turistická známka";"Skanzeny a muzea";"Písek";"Jihočeský kraj";"Muzeum Špejchar Ražice (https://www.facebook.com/spejchar.razice)"
"2558";"Stezka nad vinohrady, Kobylí";"Česká Republika";"Turistická známka";"Rozhledny a vyhlídky";"Břeclav";"Jihomoravský kraj";"Muzeum obce, Kobylí 135 (http://www.kobyli.cz/)
Obecní úřad Kobylí (http://www.kobyli.cz/)
Penzion PATRIA, Kobylí 716"
"2559";"Vodárenská věž Jana Kotěry, Třeboň";"Česká Republika";"Turistická známka";"Rozhledny a vyhlídky, Skanzeny a muzea";"Jindřichův Hradec";"Jihočeský kraj";"Papírnictví - hračky, Masarykovo nám. 85, Třeboň
TIC, Masarykovo náměstí 1, Třeboň (http://www.itrebon.cz/)
Vodárenská věž Jana Kotěry, Třeboň (http://www.itrebon.cz/)"
"2560";"Pfaffenschlag - archeologické naleziště u Slavonic";"Česká Republika";"Turistická známka";"Archeo";"Jindřichův Hradec";"Jihočeský kraj";"TIC Slavonice, náměstí Míru 476, Slavonice (i.slavonice-mesto.cz)"
"2561";"Kostel sv. Michaela ve Vítochově";"Česká Republika";"Turistická známka";"Církevní památky";"Žďár nad Sázavou";"Kraj Vysočina";"TIC, Masarykovo nám. 1, Bystřice nad Pernštejnem (https://info.bystricenp.cz/)"
"2562";"Bedřichova vyhlídka, Nová Ves u Kolína";"Česká Republika";"Turistická známka";"Rozhledny a vyhlídky";"Kolín";"Středočeský kraj";"Obecní úřad, Václavské nám. 22, Nová Ves (http://www.novaves.cz/)
Potraviny Andílek, Václavské nám. 279, Nová Ves (http://www.novaves.cz/)
Turistické informační centrum Kolín, Karlovo náměstí 8, Kolín (http://www.muzeumkolin.cz/)"
"2563";"Umělecký mlýn Liběchov";"Česká Republika";"Turistická známka";"Technické památky";"Mělník";"Středočeský kraj";"Umělecký mlýn Liběchov (http://umeleckymlyn.libechov.cz/)
TIC, Rumburská 40, Liběchov (http://www.libechov.cz/)"
"2564";"Památník Tomáše Bati ve Zlíně";"Česká Republika";"Turistická známka";"Památníky";"Zlín";"Zlínský kraj";"Památník Tomáše Bati, Zlín (www.pamatnikbata.eu)
Městské informační středisko, náměstí Míru 12, Zlín (http://www.ic-zlin.cz/)"
"2565";"Muzeum slánek, Slaný";"Česká Republika";"Turistická známka";"Skanzeny a muzea";"Kladno";"Středočeský kraj";"Infocentrum, Velvarská 136/1, Slaný (infoslany.cz)"
"2566";"Město Opočno";"Česká Republika";"Turistická známka";"Historická města";"Rychnov nad Kněžnou";"Královéhradecký kraj";"Informační centrum, Kupkovo nám. 247, Opočno (http://www.opocno.cz/)"
"2567";"Kostel svatého Jakuba Staršího, Brno";"Česká Republika";"Turistická známka";"Církevní památky";"Brno-město";"Jihomoravský kraj";"Kostel sv. Jakuba Staršího, Brno (u průvodce) (http://svatyjakubbrno.wz.cz/aktuality.php)"
"2568";"Kostelní věž v Mikulově";"Česká Republika";"Turistická známka";"Církevní památky, Rozhledny a vyhlídky";"Břeclav";"Jihomoravský kraj";"Kostel sv. Václava Mikulov - kostelní věž (https://www.kostelnivez.cz/)"
"2569";"Rozhledna Mariánka, Horní Čermná";"Česká Republika";"Turistická známka";"Rozhledny a vyhlídky";"Ústí nad Orlicí";"Pardubický kraj";"Infocentrum, B. Němcové 124, Lanškroun (https://www.lanskroun.eu/)
Obecní úřad Horní Čermná (http://www.hornicermna.cz/)"
"2570";"Plumlovská přehrada";"Česká Republika";"Turistická známka";"Technické památky, Lodní doprava";"Prostějov";"Olomoucký kraj";"Suvenýry - keramika, Plumlov (https://cafe-walenta.cz/)
Zámek Plumlov (https://www.plumlov-zamek.cz/)
Hotel Zlechov, Plumlovská přehrada (www.zlechovhotel.cz)"
"2571";"Ráztoka - lanovka na Pustevny";"Česká Republika";"Turistická známka";"Technické památky, Pohoří, Beskydy";"Nový Jičín";"Moravskoslezský kraj";"Infocentrum, Havlíčkova 32, Frenštát pod Radhoštěm (http://frenstatinfo.cz/)
Lanovka Pustevny (pustevny.cz)"
"2572";"Zahrady pod Pražským hradem, Praha";"Česká Republika";"Turistická známka";"Zahrady a parky";"Praha";"Hlavní město Praha";"Zahrady pod Pražským hradem (https://www.palacove-zahrady.cz/cs)"
"2573";"Rozhledna Hradišťský vrch u Kaplice";"Česká Republika";"Turistická známka";"Rozhledny a vyhlídky";"Český Krumlov";"Jihočeský kraj";"Infocentrum, Linecká 305, Kaplice (https://www.ikaplice.cz/)
Galerie Krampus, náměstí 206, Kaplice (https://www.krampuskaplice.cz/)"
"2574";"Synagoga a židovská škola, Jičín";"Česká Republika";"Turistická známka";"Církevní památky";"Jičín";"Královéhradecký kraj";"Valdštejnovo muzeum a mincovna, Valdštejnovo nám. 114 (https://www.valdstejnovomuzeum.cz/)
Synagoga, Židovská 100, Jičín (https://www.zidovska100jicin.cz/)"
"2575";"Zámek Žerotínů, Valašské Meziříčí";"Česká Republika";"Turistická známka";"Zámky";"Vsetín";"Zlínský kraj";"TIC, Komenského 169, Valašské Meziříčí (http://www.info-vm.cz/)"
"2576";"Rozhledna Šibenice, Stěbořice";"Česká Republika";"Turistická známka";"Rozhledny a vyhlídky";"Opava";"Moravskoslezský kraj";"Rozhledna Šibenice, Stěbořice (http://www.steborice.cz/)
Obecní úřad Stěbořice (http://www.steborice.cz/)"
"2577";"Zámek Osečany";"Česká Republika";"Turistická známka";"Zámky";"Příbram";"Středočeský kraj";"Zámek Osečany (www.zamekbude.cz)"
"2578";"Horní Vltavice, Šumava";"Česká Republika";"Turistická známka";"Technické památky, Pohoří, Šumava, Vltava";"Prachatice";"Jihočeský kraj";"Obecní úřad, Horní Vltavice 80 (https://www.hornivltavice.cz/ouhornivltavice/)
Infocentrum, Horní Vltavice 119 (https://www.hornivltavice.cz/ouhornivltavice/)"
"2579";"Rozhledna Šťastná věž, Spálené Poříčí";"Česká Republika";"Turistická známka";"Rozhledny a vyhlídky";"Plzeň-jih";"Plzeňský kraj";"Rozhledna Šťastná věž, Spálené Poříčí (https://www.stastnavez.cz/)"
"2580";"Vyhlídková věž kostela Sv. Ducha ve Starém Městě";"Česká Republika";"Turistická známka";"Rozhledny a vyhlídky, Církevní památky";"Uherské Hradiště";"Zlínský kraj";"Informační centrum Staré Město (http://eventcentrum.cz/)"
"2581";"Lesní divadlo Sloup v Čechách";"Česká Republika";"Turistická známka";"Přírodní útvary a místa, Technické památky";"Česká Lípa";"Liberecký kraj";"Rozhledna Na Stráži (https://www.nastrazi.cz/)
Informační centrum Sloup v Čechách (https://www.obecsloupvcechach.cz/)"
"2582";"Muzeum Jaroslava Foglara - Hrad Ledeč nad Sázavou";"Česká Republika";"Turistická známka";"Skanzeny a muzea, Sázava";"Havlíčkův Brod";"Kraj Vysočina";"Hrad Ledeč nad Sázavou (www.hrad-ledec.cz)"
"2583";"Památník Jaroslava Haška, Lipnice nad Sázavou";"Česká Republika";"Turistická známka";"Památníky";"Havlíčkův Brod";"Kraj Vysočina";"Hostinec a penzion U České Koruny (http://www.hasektour.cz/)
Bistro U Haška, Lipnice nad Sázavou 214
Památník Jaroslava Haška, Lipnice nad Sázavou (https://lipnicens.cz/)"
"2584";"Novomlýnská vodárenská věž - Praha";"Česká Republika";"Turistická známka";"Skanzeny a muzea, Rozhledny a vyhlídky, Technické památky";"Praha";"Hlavní město Praha";"České muzeum hudby, Karmelitská 2, Praha 1 (https://www.nm.cz/navstivte-nas/objekty/ceske-muzeum-hudby)"
"2585";"Obec Sobíňov";"Česká Republika";"Turistická známka";"Památná místa a obce, Stezky a trasy";"Havlíčkův Brod";"Kraj Vysočina";"Obecní úřad Sobíňov (http://www.obecsobinov.cz/)"
"2586";"Přívoz Nadryby";"Česká Republika";"Turistická známka";"Lodní doprava, Vodácké řeky, Berounka";"Plzeň-sever";"Plzeňský kraj";"Přívoz Nadryby (květen - srpen) (http://www.nadryby.cz/)
Obecní úřad Nadryby (http://www.nadryby.cz/)"
"2587";"Město Heřmanův Městec";"Česká Republika";"Turistická známka";"Historická města";"Chrudim";"Pardubický kraj";"Centrum Pohůdka, nám. Míru, Heřmanův Městec (http://www.hermanuv-mestec.cz/o-meste-1/turisticke-informacni-centrum/)"
"2588";"Farma na Haldě, Boršice";"Česká Republika";"Turistická známka";"Volnočasové areály";"Uherské Hradiště";"Zlínský kraj";"Hospůdka na Haldě, Boršice (https://www.haldaborsice.cz/)"
"2589";"Skalka family park Ostrava";"Česká Republika";"Turistická známka";"Volnočasové areály";"Ostrava-město";"Moravskoslezský kraj";"Bistro Skalka family park (http://www.skalkaostrava.com/)"
"2590";"Vyhlídková věž, Funpark Šibeník - Most";"Česká Republika";"Turistická známka";"Rozhledny a vyhlídky";"Most";"Ústecký kraj";"Funpark Šibeník - Most (https://www.facebook.com/Funpark-Most-314384146122842#utm_source=mapy.cz&utm_medium=ppd&utm_campaign=firmy.cz-13211331)"
"2591";"Rozhledna Rubín u Podbořan";"Česká Republika";"Turistická známka";"Rozhledny a vyhlídky";"Louny";"Ústecký kraj";"Městský úřad, Mírová 615, Podbořany (https://www.podborany.net/)
Národní dům - recepce, Nádražní 261, Podbořany (https://www.narodni-dum.cz/)
Infocentrum, Dukelská 1, Podbořany (https://muzeum-podborany.webnode.cz/)"
"2592";"Goethova vyhlídka Karlovy Vary";"Česká Republika";"Turistická známka";"Rozhledny a vyhlídky";"Karlovy Vary";"Karlovarský kraj";"Goethova vyhlídka Karlovy Vary (http://www.llkv.cz/)
Stánek u Atria ve Dvořákových sadech, Karlovy Vary
Suvenýry VERONA, T.G.Masaryka 805/9, Karlovy Vary
Trafika U Kina Čas, T. G. Masaryka, Karlovy Vary"
"2593";"Stará poštovna ze Sněžky, Monínec";"Česká Republika";"Turistická známka";"Ski areály, Památná místa a obce";"Příbram";"Středočeský kraj";"Hotel Monínec, Monínec 7, Sedlec (https://leto.moninec.cz/stara-postovna-ze-snezky)"
"2594";"Četnická stanice Chlumec nad Cidlinou";"Česká Republika";"Turistická známka";"Skanzeny a muzea";"Hradec Králové";"Královéhradecký kraj";"Muzeum Četnické stanice, Chlumec nad Cidlinou (https://www.cetnici.cz/)"
"2595";"Kostel Nanebevzetí Panny Marie, Nezamyslice";"Česká Republika";"Turistická známka";"Církevní památky";"Klatovy";"Plzeňský kraj";"Muzeum Nezamyslických kostelů, Nezamyslice (https://www.ounezamyslice.cz/muzeum.html)"
"2596";"Rozhledna Slatina";"Česká Republika";"Turistická známka";"Rozhledny a vyhlídky";"Nový Jičín";"Moravskoslezský kraj";"Obecní úřad, Slatina 1 (https://www.obecslatina.cz/)
Restaurace - Kulturní dům č. 2, Slatina (https://www.obecslatina.cz/tag/rozhledna/)"
"2597";"Muzeum východních Čech v Hradci Králové";"Česká Republika";"Turistická známka";"Skanzeny a muzea";"Hradec Králové";"Královéhradecký kraj";"Muzeum, Eliščino nábřeží 465/7, Hradec Králové (https://www.muzeumhk.cz/)"
"2598";"Vítkovice v Krkonoších";"Česká Republika";"Turistická známka";"Památná místa a obce";"Semily";"Liberecký kraj";"Obchůdek u školy, Vítkovice v Krkonoších (http://www.vitkovicevkrk.cz/cs/obec-Vitkovice-v-Krkonosich.aspx)"
"2599";"Město Chotěboř";"Česká Republika";"Turistická známka";"Historická města";"Havlíčkův Brod";"Kraj Vysočina";"Informační centrum, Trčků z Lípy 55, Chotěboř (https://www.icchotebor.cz/)"
"2600";"Anenský vrch - Annaberg";"Česká Republika";"Turistická známka";"Církevní památky";"Bruntál";"Moravskoslezský kraj";"Městský úřad, Andělská Hora 217 (http://www.andelskahora.info/)
Restaurace u Supa, Andělská Hora 230 (https://www.apartmanyengelsberg.cz/)
Pepovy dobroty, Andělská Hora 148 (https://www.pepovydobroty.cz/)"
"2601";"Dům Gustava Mahlera v Jihlavě";"Česká Republika";"Turistická známka";"Skanzeny a muzea";"Jihlava";"Kraj Vysočina";"Dům Gustava Mahlera, Znojemská 1089/4, Jihlava (https://www.jihlava.cz/dgm/index.asp)"
"2602";"Kaple sv. Floriána a sv. Šebestiána, Bzenec";"Česká Republika";"Turistická známka";"Církevní památky";"Hodonín";"Jihomoravský kraj";"Informační centrum, nám. Svobody 75, Bzenec (http://www.bzenec.cz/)
Hotel Junior, Nám. Svobody 318, Bzenec (http://www.hotelbzenec.cz/)"
"2603";"Sedlo pod Kotlovou, Vsetínské vrchy";"Česká Republika";"Turistická známka";"Pohoří, Přírodní útvary a místa, Vsetínské vrchy";"Vsetín";"Zlínský kraj";"Informační centrum Horní Bečva (hornibecva.cz)
Valašské okénko Pod Kotlovou (hornibecva.cz)
Hračky - Trafika, Horní Bečva 501
Sedlo pod Kotlovou, Horní Bečva 499"
"2604";"Muzeum a galerie v Prostějově";"Česká Republika";"Turistická známka";"Skanzeny a muzea";"Prostějov";"Olomoucký kraj";"Muzeum a galerie, náměstí T. G. Masaryka 2, Prostějov (http://www.muzeumpv.cz/)
Galerie Špalíček, Uprkova 18, Prostějov (http://www.muzeumpv.cz/)
Astronomické odd. - hvězdárna, Kolářovy sady, Prostějov (http://www.hvezdarnapv.cz/)"
"2605";"Vyhlídková věž Haniperk na Svobodné hoře";"Česká Republika";"Turistická známka";"Rozhledny a vyhlídky";"Strakonice";"Jihočeský kraj";"Bioobchod Bibio, Vodňanské Svobodné Hory 19 (https://sites.google.com/site/bibiojira/home?authuser=0)
Infocentrum, nám. Svobody 18, Vodňany (http://www.infocentrumvodnany.cz/infocentrum)"
"2606";"Hrad Polná";"Česká Republika";"Turistická známka";"Hrady, Skanzeny a muzea";"Jihlava";"Kraj Vysočina";"Hrad Polná (http://www.muzeum-polna.cz/)"
"2607";"Ski museum Harrachov";"Česká Republika";"Turistická známka";"Skanzeny a muzea";"Semily";"Liberecký kraj";"Ski museum Harrachov (http://skimuzeum.cz/)"
"2608";"Zvonice v Samšině";"Česká Republika";"Turistická známka";"Památná místa a obce, Církevní památky";"Jičín";"Královéhradecký kraj";"Infocentrum, nám. Míru 3, Sobotka (http://www.sobotka.cz/)"
"2609";"Kostel sv. Martina, Dolní Město";"Česká Republika";"Turistická známka";"Církevní památky";"Havlíčkův Brod";"Kraj Vysočina";"Obecní úřad, Dolní Město 93 (https://www.dolnimesto.cz/)
Potraviny Hart, Dolní Město 65 (https://www.dolnimesto.cz/)"
"2610";"Horská chata na Perlíčku";"Česká Republika";"Turistická známka";"Horské chaty a boudy, Pohoří, Jizerské hory";"Semily";"Liberecký kraj";"Horská chata na Perlíčku - Prdek (https://www.prdek.cz/)"
"2611";"Muzeum věžáků Kladno";"Česká Republika";"Turistická známka";"Technické památky, Skanzeny a muzea";"Kladno";"Středočeský kraj";"Muzeum věžáků, Vítězná 2955, Kladno (https://www.muzeumvezaku.cz/)
Městské informační centrum, Gorkého 499, Kladno (http://www.mestokladno.cz/)"
"2612";"Planetum - Planetárium Praha";"Česká Republika";"Turistická známka";"Hvězdárny";"Praha";"Hlavní město Praha";"Planetárium Praha, Královská obora 233, Praha (https://www.planetum.cz/)"
"2613";"Planetum - Štefánikova hvězdárna Praha";"Česká Republika";"Turistická známka";"Hvězdárny";"Praha";"Hlavní město Praha";"Štefánikova hvězdárna, Strahovská 205, Praha (https://www.planetum.cz/)"
"2614";"Planetum - Hvězdárna Ďáblice, Praha";"Česká Republika";"Turistická známka";"Hvězdárny";"Praha";"Hlavní město Praha";"Hvězdárna Ďáblice, Pod Hvězdárnou 768 (https://www.planetum.cz/)"
"2615";"Tvrz Hummer, Praha";"Česká Republika";"Turistická známka";"Volnočasové areály";"Praha";"Hlavní město Praha";"Tvrz Hummer, Olomoucká 2332, Praha (http://www.tvrz-hummer.cz/)"
"2616";"Muzeum milevských maškar, Milevsko";"Česká Republika";"Turistická známka";"Skanzeny a muzea";"Písek";"Jihočeský kraj";"TIC, náměstí E. Beneše 6, Milevsko (https://www.milevskem.cz/turistika/infocentrum)"
"2617";"Kostel sv. Jakuba v Církvici";"Česká Republika";"Turistická známka";"Církevní památky";"Kutná Hora";"Středočeský kraj";"Kostel sv. Jakuba v Církvici (https://www.sedlec.info/kostel/)
Informační centrum, Zámecká 279, Kutná Hora - Sedlec (https://www.sedlec.info/)"
"2618";"Kostel sv. Floriana, Krásné Březno";"Česká Republika";"Turistická známka";"Církevní památky";"Ústí nad Labem";"Ústecký kraj";"Kostel sv. Floriana, Krásné Březno (https://www.kostel-krasnebrezno.cz/cs)"
"2619";"Rozhledna a lanovka Větruše, Ústí nad Labem";"Česká Republika";"Turistická známka";"Rozhledny a vyhlídky, Technické památky";"Ústí nad Labem";"Ústecký kraj";"Horní stanice lanové dráhy Na Větruši (https://www.usti-nad-labem.cz/cz/volny-cas/turistum/turisticke-cile/kulturne-historicke-zajimavosti/hrady-zamky/zamecek-vetruse.ht)"
"2620";"Švestková dráha Litoměřice - Most";"Česká Republika";"Turistická známka";"Železnice";"Litoměřice";"Ústecký kraj";"Informační centrum Lovosice (http://www.meulovo.cz/)
Vlak na lince U10 (u průvodčích) (https://www.svestkovadraha.cz/)"
"2621";"Muzeum výroby dřevěných hraček, Jiřetín pod Bukovou";"Česká Republika";"Turistická známka";"Skanzeny a muzea";"Jablonec nad Nisou";"Liberecký kraj";"Podniková prodejna Detoa Albrechtice s. r. o. (https://www.detoa.cz/muzeum-vyroby-hracek)"
"2622";"Exotika na ranči, Bítovany";"Česká Republika";"Turistická známka";"Zoologické zahrady";"Chrudim";"Pardubický kraj";"Exotika na ranči, Bítovany (http://exotikanaranci.cz/)"
"2623";"Zámek Sobotín";"Česká Republika";"Turistická známka";"Zámky";"Šumperk";"Olomoucký kraj";"Zámek Sobotín (http://www.resortsobotin.cz/)"
"2624";"Malé lázně Běloves - Vila Komenský";"Česká Republika";"Turistická známka";"Lázně";"Náchod";"Královéhradecký kraj";"Městské IC Malé lázně Běloves, U starých lázní 129, Náchod (https://mestonachod.cz/pro-turistu/infocentrum/)"
"2625";"Cvokařské muzeum - Starý Rožmitál";"Česká Republika";"Turistická známka";"Skanzeny a muzea";"Příbram";"Středočeský kraj";"TIC Rožmitál pod Třemšínem, Palackého 9 (https://icentrum.tremsinsko.cz/)
Podbrdské muzeum, Palackého 10, Rožmitál pod Třemšínem (https://www.podbrdskemuzeum.cz/)
Drogerie - Knihy, Náměstí 17, Rožmitál pod Třemšínem
Cvokařské muzeum"
"2626";"Olešnická rozhledna, Feistův kopec";"Česká Republika";"Turistická známka";"Rozhledny a vyhlídky";"Rychnov nad Kněžnou";"Královéhradecký kraj";"Infocentrum, Olešnice v Orlických horách 8 (http://www.olesnice.net/)
Potraviny, Olešnice v Orlických horách 238"
"2627";"Mušov - Brána do Římské říše";"Česká Republika";"Turistická známka";"Archeo";"Brno-venkov";"Jihomoravský kraj";"ATC Merkur, Pasohlávky
Návštěvnické centrum MUŠOV - Brána do Římské říše (https://www.branadorimskerise.cz/)"
"2628";"Obludiště Dolní Pěna";"Česká Republika";"Turistická známka";"Zahrady a parky, Volnočasové areály";"Jindřichův Hradec";"Jihočeský kraj";"Obludiště Dolní Pěna (http://www.obludiste.cz/)"
"2629";"Statutární město Karviná";"Česká Republika";"Turistická známka";"Historická města";"Karviná";"Moravskoslezský kraj";"Infocentrum, Masarykovo nám. 34/17, Karviná (http://www.karvina.org/)"
"2630";"Valdštejnský palác a zahrada, Praha";"Česká Republika";"Turistická známka";"Historické budovy a stavby, Zahrady a parky";"Praha";"Hlavní město Praha";"Informační centrum Senátu, Valdštejnské náměstí 17/4, Praha (https://senat.cz/informace/pro_verejnost/infocentrum/index.php?ke_dni=18.4.2021&O=13)"
"2631";"Starý židovský hřbitov Praha";"Česká Republika";"Turistická známka";"Církevní památky";"Praha";"Hlavní město Praha";"Klausová synagoga, U starého hřbitova, Praha 1 (https://e-boutique.cz/)
Inf. a rez. centrum Židovského Muzea, Maiselova 15, Praha 1 (https://e-boutique.cz/)"
"2632";"Klausová synagoga, Praha";"Česká Republika";"Turistická známka";"Církevní památky, Historické budovy a stavby";"Praha";"Hlavní město Praha";"Klausová synagoga, U starého hřbitova, Praha 1 (https://e-boutique.cz/)
Inf. a rez. centrum Židovského Muzea, Maiselova 15, Praha 1 (https://e-boutique.cz/)"
"2633";"Obřadní síň - Židovské muzeum Praha";"Česká Republika";"Turistická známka";"Historické budovy a stavby, Skanzeny a muzea, Církevní památky";"Praha";"Hlavní město Praha";"Klausová synagoga, U starého hřbitova, Praha 1 (https://e-boutique.cz/)
Inf. a rez. centrum Židovského Muzea, Maiselova 15, Praha 1 (https://e-boutique.cz/)"
"2634";"Maiselova synagoga, Praha";"Česká Republika";"Turistická známka";"Církevní památky, Historické budovy a stavby";"Praha";"Hlavní město Praha";"Klausová synagoga, U starého hřbitova, Praha 1 (https://e-boutique.cz/)
Inf. a rez. centrum Židovského Muzea, Maiselova 15, Praha 1 (https://e-boutique.cz/)"
"2635";"Pinkasova synagoga, Praha";"Česká Republika";"Turistická známka";"Církevní památky, Historické budovy a stavby";"Praha";"Hlavní město Praha";"Klausová synagoga, U starého hřbitova, Praha 1 (https://e-boutique.cz/)
Inf. a rez. centrum Židovského Muzea, Maiselova 15, Praha 1 (https://e-boutique.cz/)"
"2636";"Španělská synagoga, Praha";"Česká Republika";"Turistická známka";"Církevní památky, Historické budovy a stavby";"Praha";"Hlavní město Praha";"Klausová synagoga, U starého hřbitova, Praha 1 (https://e-boutique.cz/)
Inf. a rez. centrum Židovského Muzea, Maiselova 15, Praha 1 (https://e-boutique.cz/)"
"2637";"Husitské muzeum v Táboře";"Česká Republika";"Turistická známka";"Skanzeny a muzea, Lužnice";"Tábor";"Jihočeský kraj";"Husitské muzeum, Žižkovo náměstí 1, Tábor (http://www.husitskemuzeum.cz/chodby-stredovekeho-podzemi/)"
"2638";"Staronová synagoga - Praha";"Česká Republika";"Turistická známka";"Církevní památky, Historické budovy a stavby";"Praha";"Hlavní město Praha";"Klausová synagoga, U starého hřbitova, Praha 1 (https://e-boutique.cz/)
Staronová synagoga, Červená ulice, Praha 1 (https://e-boutique.cz/)"
"2639";"Pivovar Bohemia Regent - Třeboň";"Česká Republika";"Turistická známka";"Historické pivovary";"Jindřichův Hradec";"Jihočeský kraj";"Papírnictví - hračky, Masarykovo nám. 85, Třeboň
Unios tourist shop, Zámek Třeboň (velké zámecké nádvoří) (http://www.unios.cz/)
Pivovarská prodejna, Trocnovské nám. 123, Třeboň (https://www.ceskyregent.cz/)"
"2640";"Jihočeské muzeum v Českých Budějovicích";"Česká Republika";"Turistická známka";"Skanzeny a muzea, Vltava";"České Budějovice";"Jihočeský kraj";"Turistické informačním centrum, nám. Přemysla Otakara II., České Budějovice, radnice, vchod č.2 (c-budejovice.cz)
Jihočeské muzeum, Dukelská 1, České Budějovice (https://www.muzeumcb.cz/)"
"2641";"Flascharův důl Odry";"Česká Republika";"Turistická známka";"Skanzeny a muzea, Technické památky";"Nový Jičín";"Moravskoslezský kraj";"Flascharův důl - pokladna (https://www.flascharuvdul.cz/)
Informační centrum, Masarykovo náměstí 25, Odry (http://www.odry.cz/)"
"2642";"Bazilika Nanebevzetí Panny Marie, Stará Boleslav";"Česká Republika";"Turistická známka";"Církevní památky";"Praha-východ";"Středočeský kraj";"Informační centrum, Jungmannova 468/4, Stará Boleslav (https://www.staraboleslav.com/)"
"2643";"Resort Hrubá Voda";"Česká Republika";"Turistická známka";"Volnočasové areály";"Olomouc";"Olomoucký kraj";"Resort Hrubá Voda - restaurace u bobové dráhy (https://resorthrubavoda.cz/)
Hotel Hluboký dvůr"
"2644";"Koupaliště Dachova";"Česká Republika";"Turistická známka";"Historické budovy a stavby";"Jičín";"Královéhradecký kraj";"Informační centrum, nám. Jiřího z Poděbrad 3, Hořice (https://infocentrum.horice.org/)
Koupaliště Dachova, Hořice (https://tshorice.cz/)"
"2645";"Muzeum Oderska";"Česká Republika";"Turistická známka";"Skanzeny a muzea";"Nový Jičín";"Moravskoslezský kraj";"Muzeum Oderska, Kostelní 7, Odry (http://muzeumoderska.cz/)
Informační centrum, Masarykovo náměstí 25, Odry (http://www.odry.cz/)"
"2646";"Obří Hrad, Šumava";"Česká Republika";"Turistická známka";"Hrady, Pohoří, Šumava";"Prachatice";"Jihočeský kraj";"Hotel Popel, Popelná (https://hotelpopel.cz/)"
"2647";"Červený domek Petra Bezruče, Kostelec na Hané";"Česká Republika";"Turistická známka";"Skanzeny a muzea";"Prostějov";"Olomoucký kraj";"Červený domek, Bezručova 153, Kostelec na Hané (http://www.muzeumpv.cz/)"
"2648";"Jeruzalémská synagoga, Praha";"Česká Republika";"Turistická známka";"Historické budovy a stavby, Církevní památky";"Praha";"Hlavní město Praha";"Jeruzalémská synagoga, Jeruzalémská 5, Praha 1 (http://www.synagogue.cz/jeruzalemska-synagoga?p=16)"
"2649";"Starý židovský hřbitov na Žižkově, Praha";"Česká Republika";"Turistická známka";"Církevní památky";"Praha";"Hlavní město Praha";"IC, Milešovská 846/1, Praha 3 (https://www.praha3.cz/urad/organizacni-struktura/odbor-vnejsich-vztahu-a-kultury/oddeleni-informacniho-centra/upominkove-a-darkove-predmety#g_1193044)
Restaurace U Mariánského obrazu, Praha 3 (http://www.umarianskehoobrazu.cz/)"
"2650";"Nový židovský hřbitov na Žižkově, Praha";"Česká Republika";"Turistická známka";"Církevní památky";"Praha";"Hlavní město Praha";"IC, Milešovská 846/1, Praha 3 (https://www.praha3.cz/urad/organizacni-struktura/odbor-vnejsich-vztahu-a-kultury/oddeleni-informacniho-centra/upominkove-a-darkove-predmety#g_1193044)
Vstup na hřbitovy, Izraelská 1, Praha 3 (http://www.synagogue.cz/hrbitovy?p=22)"
"2651";"Dům gobelínů, kulturních tradic a řemesel - Jindřichův Hradec";"Česká Republika";"Turistická známka";"Skanzeny a muzea";"Jindřichův Hradec";"Jihočeský kraj";"Dům gobelínů, Dobrovského 202/I, Jindřichův Hradec (http://vkcjh.cz/)"
"2652";"Jezuitská kolej - Jindřichův Hradec";"Česká Republika";"Turistická známka";"Církevní památky";"Jindřichův Hradec";"Jihočeský kraj";"Muzeum fotografie, Kostelní 20/I, Jindřichův Hradec (http://vkcjh.cz/)"
"2653";"Hvězdárna a planetárium prof. Františka Nušla - Jindřichův Hradec";"Česká Republika";"Turistická známka";"Hvězdárny";"Jindřichův Hradec";"Jihočeský kraj";"Hvězdárna a planetárium, Hvězdná 51/V, Jindřichův Hradec (http://vkcjh.cz/)"
"2654";"Vodní hrad Lipý";"Česká Republika";"Turistická známka";"Hrady";"Česká Lípa";"Liberecký kraj";"Městské informační centrum, Nám. T.G.M. 2, Česká Lípa (http://www.mucl.cz/)
Vlastivědné muzeum a galerie, Nám. Osvobození 297, Česká Lípa (https://www.muzeumcl.cz/)
Centrum textilního tisku, U Vodního hradu 32, Česká Lípa (http://www.lipy.cz/)"
"2655";"Muzeum Těšínska";"Česká Republika";"Turistická známka";"Skanzeny a muzea";"Karviná";"Moravskoslezský kraj";"Historická budova Muzea Těšínska, Hlavní třída 115/15 (https://www.muzeumct.cz/)"
"2656";"Malé muzeum kovářství Holešov";"Česká Republika";"Turistická známka";"Skanzeny a muzea";"Kroměříž";"Zlínský kraj";"Malé muzeum kovářství, Holešov (https://www.holesov.info/kovarna)
Infocentrum - zámek Holešov (http://www.holesov.cz/)"
"2657";"Šachova synagoga Holešov";"Česká Republika";"Turistická známka";"Církevní památky";"Kroměříž";"Zlínský kraj";"Šachova Synagoga, Holešov (https://www.holesov.info/synagoga)
Infocentrum - zámek Holešov (http://www.holesov.cz/)"
"2658";"Muzeum Radeč";"Česká Republika";"Turistická známka";"Skanzeny a muzea";"Trutnov";"Královéhradecký kraj";"Muzeum, Radeč 229 (www.muzeum-radec.cz)"
"2659";"Bartolomějské návrší, Kolín";"Česká Republika";"Turistická známka";"Historické budovy a stavby";"Kolín";"Středočeský kraj";"Turistické informační centrum Kolín, Karlovo náměstí 8, Kolín (http://www.muzeumkolin.cz/)
Regionální muzeum v Kolíně, Červinkovský dům (https://www.bartolomejskenavrsi.cz/)"
"2660";"Knihtiskárna Kutná Hora";"Česká Republika";"Turistická známka";"Skanzeny a muzea";"Kutná Hora";"Středočeský kraj";"Muzeum Kutná Hora, Barborská 30/20 (https://www.knihtiskarna.cz/index.html)"
"2661";"Safari Resort, Hluboká u Borovan";"Česká Republika";"Turistická známka";"Zoologické zahrady";"České Budějovice";"Jihočeský kraj";"Infocentrum Safari Resort (https://www.safariresort.cz/)"
"2662";"Hrad Doubravka";"Česká Republika";"Turistická známka";"Hrady";"Teplice";"Ústecký kraj";"Info-cafe, hrad Doubravka (http://www.hrad-doubravka.cz/)
VisitTeplice IC, Krupská 346/2, Teplice (https://visitteplice.com)
Občerstvení Hrad Doubravka
Hrad Doubravka
Info-Doubravka (zbrojnice)"
"2663";"Sklárna Novosad a syn, Harrachov";"Česká Republika";"Turistická známka";"Technické památky";"Semily";"Liberecký kraj";"Sklárna Novosad a syn, Harrachov 95 (http://www.sklarnaharrachov.cz/)"
"2664";"Vodní nádrž Letovice";"Česká Republika";"Turistická známka";"Technické památky";"Blansko";"Jihomoravský kraj";"Turistické informační centrum, Tyršova 2, Letovice (https://www.mks-letovice.cz/tic)"
"2665";"Zřícenina hradu Kunžvart, Šumava";"Česká Republika";"Turistická známka";"Hrady";"Prachatice";"Jihočeský kraj";"Infocentrum, Horní Vltavice 119 (https://www.hornivltavice.cz/ouhornivltavice/)"
"2666";"Vodní nádrž Horní Bečva";"Česká Republika";"Turistická známka";"Technické památky";"Vsetín";"Zlínský kraj";"Hotel Cherry, Horní Bečva 470 (https://www.hotelcherry.cz/)
Informační centrum Horní Bečva (hornibecva.cz)
Hračky - Trafika, Horní Bečva 501"
"2667";"Město Vsetín";"Česká Republika";"Turistická známka";"Historická města";"Vsetín";"Zlínský kraj";"Infocentrum, Dolní náměstí 1356, Vsetín (http://www.ic-vsetin.cz/)"
"2668";"Expozice Knihovny Latinské školy, Jáchymov";"Česká Republika";"Turistická známka";"Skanzeny a muzea, Krušné hory";"Karlovy Vary";"Karlovarský kraj";"Informační centrum, nám. Republiky 1, Jáchymov (https://www.mestojachymov.cz/volny-cas/informacni-a-kulturni-centrum/)"
"2669";"Muzeum socialistických vozů - Železný Brod";"Česká Republika";"Turistická známka";"Skanzeny a muzea";"Jablonec nad Nisou";"Liberecký kraj";"Muzeum socialistických vozů, Průmyslová 912, Železný Brod (https://www.socialist-motorgate.cz/)"
"2670";"Papilonia - motýlí dům Brno";"Česká Republika";"Turistická známka";"Zoologické zahrady";"Brno-město";"Jihomoravský kraj";"Papilonia - OC Rozkvět, Panská 393/6, Brno (https://www.papilonia.cz/brno/)"
"2671";"Zoopark jeleni Homole";"Česká Republika";"Turistická známka";"Zoologické zahrady";"Příbram";"Středočeský kraj";"Zoopark jeleni Homole (http://zooparkjelenihomole.cz/)"
"2672";"Dům přírody Žďárských vrchů, Krátká";"Česká Republika";"Turistická známka";"Pohoří, Žďárské vrchy";"Žďár nad Sázavou";"Kraj Vysočina";"Dům přírody Žďárských vrchů - recepce (https://www.dumprirody.cz/zdarskevrchy/)"
"2673";"Zadní Telnice - Adolfov";"Česká Republika";"Turistická známka";"Ski areály";"Ústí nad Labem";"Ústecký kraj";"SKI BAR MEVA, Zadní Telnice - v zimním období (https://www.holidayinfo.cz/cs/camera/telnice/3003?fbclid=IwAR2xlx5MTFATIbMdaKzvlTfRIdzE8fJKR_oOTM4_u3tQGGMk0NED61auI2o)
Penzion Tereza, Zadní Telnice 30 (http://www.tereza-penzion.cz/)
Penzion Kongo, Zadní Telnice 24 (http://www.penzion-kongo.cz/)
Restaurace Olympia, Zadní Telnice 25
Chata u vleku, Zadní Telnice 44 (https://www.obec-telnice.cz/)
Pošta, Telnice 84, Telnice (http://www.obec-telnice.cz/)
Penzion Florian, Adolfov (https://www.obec-telnice.cz/)"
"2674";"Vlastivědné muzeum Kyjov";"Česká Republika";"Turistická známka";"Skanzeny a muzea";"Hodonín";"Jihomoravský kraj";"Vlastivědné muzeum, Palackého 1373, Kyjov (http://www.masaryk.info/vlastivedne-muzeum-kyjov/)"
"2675";"Rozhledna Stříbrná Twiggy";"Česká Republika";"Turistická známka";"Rozhledny a vyhlídky";"Šumperk";"Olomoucký kraj";"Horský areál Stříbrnice 212, kasa (http://leto.mujkralicak.cz/)
Penzion Kraličák, Hynčice pod Sušinou 123 (http://leto.mujkralicak.cz/)
TIC, náměstí Osvobození 166, Staré Město p. Sněžníkem (https://www.staremesto.info/)
Občerstvení u rozhledny Stříbrná Twiggy"
"2676";"Vyhlídka Špička, Malý Špičák";"Česká Republika";"Turistická známka";"Rozhledny a vyhlídky";"Jablonec nad Nisou";"Liberecký kraj";"Infocentrum, Krkonošská 629, Tanvald (http://www.tanvald.cz/)
Trafika, Josefův Důl č. 297 (u kostela) (www.trafikajosefuvdul.websnadno.cz)
Infocentrum, nám. T. G. Masaryka 638, Smržovka (http://www.smrzovka.cz/mestska-knihovna-a-infocentrum-smrzovka/os-1058/p1=1006)
Ski Chata Špičák (www.skichataspicaktanvald.cz)
Rozhledna a restaurace Tanvaldský Špičák (http://www.tanvaldskyspicak.cz/)
POMI ski centrum Albrechtice v Jizerských horách (http://www.pomi.cz/pujcovna_albrechtice_kontakt.html)"
"2677";"Valdštejnovo muzeum a mincovna, Jičín";"Česká Republika";"Turistická známka";"Skanzeny a muzea";"Jičín";"Královéhradecký kraj";"Valdštejnovo muzeum a mincovna, Valdštejnovo nám. 114 (https://www.valdstejnovomuzeum.cz/)"
"2678";"Pražské náplavky - Praha";"Česká Republika";"Turistická známka";"Technické památky, Vltava";"Praha";"Hlavní město Praha";"Přívoz Vyšehrad - loď Šemík - zastávka Podskalí (https://www.facebook.com/prazskebenatky.cz)
Přívoz Vyšehrad - loď Šemík - zastávka Smíchov (https://www.facebook.com/prazskebenatky.cz)"
"2679";"Vrch Baba u Kosmonos";"Česká Republika";"Turistická známka";"Přírodní útvary a místa";"Mladá Boleslav";"Středočeský kraj";"Občerstvení Letadlo, Bakov nad Jizerou 1080 (https://obcerstveniletadlo.cz/)"
"2680";"Augustiniánský klášter na Pšovce, Mělník";"Česká Republika";"Turistická známka";"Církevní památky, Historické budovy a stavby";"Mělník";"Středočeský kraj";"Klášter Mělník, Českolipská 1111/19
Turistické informační centrum, Legionářů 51, Mělník (https://ticmelnik.cz/)"
"2681";"Labyrint světa - pomník J. A. Komenského - Brandýs nad Orlicí";"Česká Republika";"Turistická známka";"Památníky";"Ústí nad Orlicí";"Pardubický kraj";"Přírodní Labyrint v Brandýse nad Orlicí (http://www.brandys-ve-svete.cz/)"
"2682";"Obec Míšov - brána do CHKO Brdy";"Česká Republika";"Turistická známka";"CHKO a rezervace";"Plzeň-jih";"Plzeňský kraj";"Grill pod Brdy, Míšov (https://www.misov.cz/?strana=grill)"
"2683";"Muzeum amerických veteránů JK CLASSICS - Lužná";"Česká Republika";"Turistická známka";"Skanzeny a muzea";"Rakovník";"Středočeský kraj";"Muzeum amerických veteránů JK Classics (https://jkclassics.cz/)"
"2684";"Atommuzeum Javor 51, Brdy";"Česká Republika";"Turistická známka";"Válečné památníky";"Plzeň-jih";"Plzeňský kraj";"Centrum celoživotního vzdělávání, Palackého 9, Rožmitál pod Třemšínem (http://icentrum.tremsinsko.cz/)
ATOMMUZEUM Javor 51, Borovno (http://www.atommuzeum.cz/)"
"2685";"Větrný mlýn Borovnice";"Česká Republika";"Turistická známka";"Technické památky";"Trutnov";"Královéhradecký kraj";"Větrný mlýn Borovnice (http://vetrny-mlyn-borovnice.cz/)
OÚ Borovnice - pošta, Borovnice 39 (https://www.borovnice.cz/)
Restaurace U Myšáka, Borovnice 9 (https://umysakaborovnice.webnode.cz/)
Klenotnice a TIC Nová Paka, F.F. Procházky 70 (https://muzeum.cz/)"
"2686";"Božanovský Špičák - Kamenná ZOO";"Česká Republika";"Turistická známka";"Přírodní útvary a místa, Pohoří, Broumovské mezihoří";"Náchod";"Královéhradecký kraj";"Penzion U Lidmanů, Machovská Lhota 40 (http://www.ulidmanu.cz/)"
"2687";"Jezero Most";"Česká Republika";"Turistická známka";"Volnočasové areály";"Most";"Ústecký kraj";"Děkanský kostel, Kostelní 289, Most (kostel-most.cz)
Turistické informační centrum, Radniční 1/2, Most (https://www.imostecko.cz/)"
"2688";"Rozhledna Kopaninka";"Česká Republika";"Turistická známka";"Rozhledny a vyhlídky";"Prostějov";"Olomoucký kraj";"Pension Lada, Repechy (http://www.pensionlada.cz/)"
"2689";"Soumarské rašeliniště, Šumava";"Česká Republika";"Turistická známka";"Přírodní útvary a místa, Šumava";"Prachatice";"Jihočeský kraj";"Informační středisko NP Šumava, Stožec (https://www.npsumava.cz/navstivte-sumavu/navstevnicka-centra/informacni-stredisko-stozec/)
Infocentrum, Horní Vltavice 119 (https://www.hornivltavice.cz/ouhornivltavice/)"
"2690";"Rozhledna Boubín, Šumava";"Česká Republika";"Turistická známka";"Rozhledny a vyhlídky, Šumava";"Prachatice";"Jihočeský kraj";"Infocentrum NP Šumava - Idina Pila, Zátoň (https://www.npsumava.cz/navstivte-sumavu/navstevnicka-centra/informacni-stredisko-idina-pila/)
Centrální parkoviště Boubín (ika.cz/vylety/boubin/detail)
Infocentrum, Horní Vltavice 119 (https://www.hornivltavice.cz/ouhornivltavice/)
Půjčovna elektrokol, koloběžek a lyží na parkovišti, Kubova Huť (http://www.elektrokolakubovahut.cz/)
Informační středisko, nám. Svobody 42, Vimperk (https://vimperk.cz/)"
"2691";"Soví voliéry Borová Lada, Šumava";"Česká Republika";"Turistická známka";"Zoologické zahrady, Šumava, Vltava";"Prachatice";"Jihočeský kraj";"IS NP Šumava, Svinná Lada 21 (https://www.npsumava.cz/navstivte-sumavu/navstevnicka-centra/informacni-stredisko-svinna-lada/)
Informační centrum Borová Lada č.p. 41 (https://www.facebook.com/ICBorovaLada)"
"2692";"Česko - Bavorské informační středisko Alžbětín";"Česká Republika";"Turistická známka";"Volnočasové areály, Horské chaty a boudy, Šumava";"Klatovy";"Plzeňský kraj";"Infocentrum NP Šumava - Alžbětín, nádraží Železná Ruda (https://www.npsumava.cz/navstivte-sumavu/navstevnicka-centra/informacni-stredisko-alzbetin/)"
"2693";"Pohádkový Strmilov";"Česká Republika";"Turistická známka";"Historická města, Volnočasové areály";"Jindřichův Hradec";"Jihočeský kraj";"Knihovna V. Martínka, Náměstí 60, Strmilov (https://www.strmilovsko.cz/)
Hotel Komorník, Náměstí 266, Strmilov (http://www.hotelkomornik.cz/)"
"2694";"Nový Hrádek - Rozhledna na Šibeníku";"Česká Republika";"Turistická známka";"Rozhledny a vyhlídky, Orlické hory";"Náchod";"Královéhradecký kraj";"Infocentrum a Rozhledna na Šibeníku (https://www.novy-hradek.cz/)
Úřad městyse, Náměstí 28, Nový Hrádek (https://www.novy-hradek.cz/)
Restaurace Na Kovárně, Náměstí 23, Nový Hrádek (http://restauracenakovarne.cz/)
Potraviny D&M, Náměstí 28, Nový Hrádek (https://www.novy-hradek.cz/)
Wellness hotel a horské apartmány Hartman, Olešnice v Orlických horách 541"
"2695";"Rašeliniště Červené blato";"Česká Republika";"Turistická známka";"Přírodní útvary a místa, CHKO a rezervace, Krušné hory";"České Budějovice";"Jihočeský kraj";"TIC, Masarykovo náměstí 1, Třeboň (http://www.itrebon.cz/)
Papírnictví - hračky, Masarykovo nám. 85, Třeboň
Sklo - porcelán, Masarykovo nám. 88, Třeboň
Infocentrum, 28. října, Suchdol nad Lužnicí (http://www.suchdol.cz/)"
"2696";"Führichův dům, Chrastava";"Česká Republika";"Turistická známka";"Historické budovy a stavby, Skanzeny a muzea";"Liberec";"Liberecký kraj";"Infocentrum, náměstí 1. Máje, Chrastava (http://www.chrastava.cz/kultura/cesky/infocentrum.htm)"
"2697";"Nevřeňské POD ZEMÍ";"Česká Republika";"Turistická známka";"Technické památky";"Plzeň-sever";"Plzeňský kraj";"Centrum Caolinum Nevřeň (http://www.centrumcaolinum.cz/cs/)"
"2698";"Zřícenina hradu Oltářík";"Česká Republika";"Turistická známka";"Hrady, Pohoří, České středohoří";"Litoměřice";"Ústecký kraj";"Zámek Skalka, Vlastislav 9 (https://www.obec-vlastislav.cz/)
Informační centrum Lovosice (http://www.meulovo.cz/)
Infocentrum, Masarykova 2, Třebenice (mesto-trebenice.cz)"
"2699";"Historické opevnění Šance - Mosty u Jablunkova";"Česká Republika";"Turistická známka";"Válečné památníky";"Frýdek-Místek";"Moravskoslezský kraj";"Návštěvnické centrum Šance, Mosty u Jablunkova 1165 (https://www.opevneni-sance.cz/)"
"2700";"Karlův hrádek u Purkarce";"Česká Republika";"Turistická známka";"Hrady, Vltava, Šumava";"České Budějovice";"Jihočeský kraj";"Velké parkoviště, Hluboká nad Vltavou (hluboka.cz)
Hračky, Masarykova 976, Hluboká nad Vltavou (http://www.suvenyryhluboka.cz/)
Infocentrum, Zborovská 80, Hluboká nad Vltavou (https://www.hluboka.cz/)"
"2701";"Větrov - Dalimilova rozhledna";"Česká Republika";"Turistická známka";"Rozhledny a vyhlídky, Rychlebské hory";"Šumperk";"Olomoucký kraj";"Chata Paprsek (http://www.paprsek.net/)
Dalimilova rozhledna - Větrov (https://dalimilovarozhledna.cz/)"
"2702";"Muzeum loutek v Plzni";"Česká Republika";"Turistická známka";"Skanzeny a muzea";"Plzeň-město";"Plzeňský kraj";"Muzeum loutek, náměstí Republiky 137/23, Plzeň (https://www.muzeum-loutek.cz/cs/)"
"2703";"Západočeské muzeum v Plzni";"Česká Republika";"Turistická známka";"Skanzeny a muzea";"Plzeň-město";"Plzeňský kraj";"Západočeské muzeum, Kopeckého sady 357/2, Plzeň (https://www.zcm.cz/)"
"2704";"Muzeum církevního umění v Plzni";"Česká Republika";"Turistická známka";"Církevní památky, Historické budovy a stavby";"Plzeň-město";"Plzeňský kraj";"Muzeum církevního umění, Františkánská 11, Plzeň (https://www.zcm.cz/o-muzeu/objekty/muzeum-cirkevniho-umeni-plzenske-dieceze)"
"2705";"Muzeum Dr. Bohuslava Horáka v Rokycanech";"Česká Republika";"Turistická známka";"Skanzeny a muzea";"Rokycany";"Plzeňský kraj";"Muzeum Dr. Bohuslava Horáka, náměstí Josefa Urbana 141, Rokycany (https://www.zcm.cz/o-muzeu/objekty/muzeum-dr-bohuslava-horaka-v-rokycanech)"
"2706";"Poutní kostel Cvilín, Krnov";"Česká Republika";"Turistická známka";"Církevní památky";"Bruntál";"Moravskoslezský kraj";"Rozhledna Cvilín, Krnov (https://www.infokrnov.cz/rozhledna-cvilin-uzavrena-2020/os-1326/p1=1491)
TIC, Hobzíkova 13/11, Krnov (https://www.infokrnov.cz/)"
"2707";"Řevnice - Berounka - Brdské Hřebeny";"Česká Republika";"Turistická známka";"Vodácké řeky, Berounka";"Praha-západ";"Středočeský kraj";"Pivovar Řevnice, Pod Lipami 71, Řevnice (https://www.pivovar-revnice.cz/)"
"2708";"Dům NATURA - Příbram";"Česká Republika";"Turistická známka";"Skanzeny a muzea";"Příbram";"Středočeský kraj";"Dům NATURA, Plzeňská 134, Příbram (https://www.dumnatura.cz/)"
"2709";"Vlastivědné muzeum ve Slaném";"Česká Republika";"Turistická známka";"Skanzeny a muzea";"Kladno";"Středočeský kraj";"Národopisné muzeum Slánska, Třebíz 2 (http://www.slansko.cz/)
Vlastivědné muzeum, Masarykovo nám. 159, Slaný (http://www.muzeum.slansko.cz/)"
"2710";"Nové Zámky u Litovle";"Česká Republika";"Turistická známka";"Zámky";"Olomouc";"Olomoucký kraj";"TIC, nám. Přemysla Otakara 762, Litovel (https://www.litovel.eu/)
Hospůdka Na Kodlově, Římice 114 (https://www.facebook.com/hospudkanakodlove)"
"2711";"Rybník Svět, Třeboň";"Česká Republika";"Turistická známka";"Volnočasové areály";"Jindřichův Hradec";"Jihočeský kraj";"TIC, Masarykovo náměstí 1, Třeboň (http://www.itrebon.cz/)
Papírnictví - hračky, Masarykovo nám. 85, Třeboň
Sklo - porcelán, Masarykovo nám. 88, Třeboň
Loď Petr Vok, rybník Svět - Přístaviště Třeboň (https://www.lodnidoprava.info/lodni-linka-na-rybniku-svet-v-treboni_3.html)"
"2712";"Synagoga - Památník Karla Poláčka, Rychnov nad Kněžnou";"Česká Republika";"Turistická známka";"Církevní památky, Historické budovy a stavby, Památníky";"Rychnov nad Kněžnou";"Královéhradecký kraj";"Infocentrum, Staré náměstí 68, Rychnov nad Kněžnou (https://www.rychnovsko.info/)"
"2713";"Zámek Nová Horka";"Česká Republika";"Turistická známka";"Zámky";"Nový Jičín";"Moravskoslezský kraj";"Zámek Nová Horka (https://www.muzeumnj.cz/zamek-nova-horka/aktualni-informace/)"
"2714";"Borová Lada – Křížová cesta a Kaple sv. Anny";"Česká Republika";"Turistická známka";"Církevní památky, Šumava, Vltava";"Prachatice";"Jihočeský kraj";"Informační centrum Borová Lada č.p. 41 (https://www.facebook.com/ICBorovaLada)"
"2715";"Podolský most, Orlická přehrada";"Česká Republika";"Turistická známka";"Technické památky, Vltava";"Písek";"Jihočeský kraj";"Kiosek u Andreji - Podolský most"
"2716";"Muzeum v přírodě Plzeň-Bolevec";"Česká Republika";"Turistická známka";"Skanzeny a muzea, Historické budovy a stavby";"Plzeň-sever";"Plzeňský kraj";"Selský dvůr U Matoušů, Bolevecká náves (https://www.usedlost-bolevec.cz/cs)"
"2717";"Zámek Lužec, Krušné hory";"Česká Republika";"Turistická známka";"Zámky, Krušné hory";"Karlovy Vary";"Karlovarský kraj";"Zámek Lužec (https://zamek-luzec.cz/)"
"2718";"Rozhledna Lucemburkův kopec";"Česká Republika";"Turistická známka";"Rozhledny a vyhlídky, Pohoří, České středohoří";"Ústí nad Labem";"Ústecký kraj";"Obecní úřad Malečov (http://www.malecovsko.cz/)
Občerstvení Tomáš, Malečov (http://www.malecovsko.cz/)"
"2719";"Zámeček Belveder";"Česká Republika";"Turistická známka";"Zámky, Historické budovy a stavby";"Břeclav";"Jihomoravský kraj";"Zámeček Belveder
Cafe Belveder, Valtice
Infocentrum, náměstí Svobody 4, Valtice (https://www.valtice.eu/)"
"2720";"Rozhledna Halaška";"Česká Republika";"Turistická známka";"Rozhledny a vyhlídky";"Opava";"Moravskoslezský kraj";"Muzeum břidlice, Budišov nad Budišovkou (http://svcbudisov.cz/muzeum-bridlice/)
Autokemp Budišov nad Budišovkou (https://www.autokemp.budisov.cz/)"
"2721";"Čertova rokle - Peklo u Moravské Třebové";"Česká Republika";"Turistická známka";"Volnočasové areály";"Svitavy";"Pardubický kraj";"Občerstvení v Pekle (https://www.facebook.com/search/top?q=ob%C4%8Derstven%C3%AD%20v%20pekle)"
"2722";"Lázně Jáchymov";"Česká Republika";"Turistická známka";"Lázně, Volnočasové areály, Krušné hory";"Karlovy Vary";"Karlovarský kraj";"Lázeňský dům Curie Jáchymov, Agrikolovo 1036
Lázeňský centrum Agricola Jáchymov, T.G.Masaryka 403 (https://www.laznejachymov.cz/historie-lazni/)"
"2723";"Pevnost poznání, Olomouc";"Česká Republika";"Turistická známka";"Skanzeny a muzea, Historické budovy a stavby, Technické památky, Volnočasové areály";"Olomouc";"Olomoucký kraj";"Pevnost poznání Olomouc (https://www.pevnostpoznani.cz/)"
"2724";"Zaniklá obec Lučina, Český les";"Česká Republika";"Turistická známka";"Památná místa a obce, Pohoří, Český les";"Domažlice";"Plzeňský kraj";"Turistické informační centrum, Klenčí pod Čerchovem (https://www.klenci.cz/)"
"2725";"Muzeum Šipka, Štramberk";"Česká Republika";"Turistická známka";"Skanzeny a muzea";"Nový Jičín";"Moravskoslezský kraj";"Muzeum ŠIPKA, Zauličí 456, Štramberk (https://www.muzeumnj.cz/muzeum-ve-stramberku/aktualni-akce-6/)"
"2726";"Velká Fürstenberská zahrada, Praha";"Česká Republika";"Turistická známka";"Zahrady a parky";"Praha";"Hlavní město Praha";"Velká Fürstenberská zahrada - dolní i horní vstup (https://www.prague.eu/cs/objekt/mista/531/velka-furstenberska-zahrada?back=1)"
"2727";"Vápenka v Háji u Loučné pod Klínovcem";"Česká Republika";"Turistická známka";"Technické památky, Krušné hory";"Chomutov";"Ústecký kraj";"Infocentrum na MÚ v 1. patře, Loučná pod Klínovcem 89 (https://www.loucna.eu/infocentrum/vapenka-a-konigsmuhle/vapenka/)
Vápenka - při prohlídce (https://www.loucna.eu/infocentrum/vapenka-a-konigsmuhle/vapenka/)"
"2728";"Cihlový most Portz Insel, Mikulov";"Česká Republika";"Turistická známka";"Technické památky";"Břeclav";"Jihomoravský kraj";"Turistické informační centrum, Náměstí 1, Mikulov (http://www.mikulov.cz)"
"2729";"Břestecká skála, Chřiby";"Česká Republika";"Turistická známka";"Přírodní útvary a místa, Pohoří, Chřiby";"Uherské Hradiště";"Zlínský kraj";"Lesní penzion a restaurace Pod Břesteckou skalou (https://www.podbresteckouskalou.cz/)"
"2730";"ZOO Sedlec u Mikulova";"Česká Republika";"Turistická známka";"Zoologické zahrady, Volnočasové areály";"Břeclav";"Jihomoravský kraj";"ZOO Sedlec u Mikulova - pokladna (http://zoosedlec.cz/)"
"2731";"Zámek Kvasiny";"Česká Republika";"Turistická známka";"Zámky, Orlické hory";"Rychnov nad Kněžnou";"Královéhradecký kraj";"Zámek JAWA Kvasiny (https://zamek-kvasiny.webnode.cz/)"
"2732";"Luhačovická přehrada - městys Pozlovice";"Česká Republika";"Turistická známka";"Technické památky, Volnočasové areály, CHKO a rezervace, Bílé Karpaty";"Zlín";"Zlínský kraj";"Infocentrum, Masarykova 950, Luhačovice (http://www.mdkelektra.luhacovice.cz/)
Turistické informační centrum, Hlavní 51, Pozlovice (https://www.pozlovice.cz/)"
"2733";"Zámek Hluboš";"Česká Republika";"Turistická známka";"Zámky, Zahrady a parky";"Příbram";"Středočeský kraj";"Zámek Hluboš (https://www.zamekhlubos.org/)"
"2734";"Svět Škodovek - muzeum s vůní benzínu";"Česká Republika";"Turistická známka";"Technické památky, Sázava";"Benešov";"Středočeský kraj";"Svět Škodovek (https://www.svet-skodovek.cz/)"
"2735";"Muzeum Ostrov lidových krojů";"Česká Republika";"Turistická známka";"Skanzeny a muzea";"Kutná Hora";"Středočeský kraj";"Muzeum Ostrov lidových krojů (https://www.muzeumkroju.cz/homepage)"
"2736";"Lázně Kyselka - Bílina";"Česká Republika";"Turistická známka";"Lázně";"Teplice";"Ústecký kraj";"Informační centrum, Břežánská 50/4, Bílina (https://www.icbilina.cz/)"
"2737";"Přehrada Olešná";"Česká Republika";"Turistická známka";"Technické památky, Volnočasové areály";"Frýdek-Místek";"Moravskoslezský kraj";"TIC, Zámecké náměstí 1257, Frýdek-Místek (https://visitfm.cz/)
TIC, Náměstí Svobody 6, Frýdek-Místek (https://visitfm.cz/)"
"2738";"Zámek Vimperk - Muzeum Vimperska";"Česká Republika";"Turistická známka";"Zámky, Skanzeny a muzea";"Prachatice";"Jihočeský kraj";"Informační středisko, nám. Svobody 42, Vimperk (https://vimperk.cz/)
Státní zámek Vimperk (https://www.zamek-vimperk.cz/cs)"
"2739";"Muzeum historických motocyklů Svratouch";"Česká Republika";"Turistická známka";"Skanzeny a muzea";"Chrudim";"Pardubický kraj";"Muzeum historických motocyklů Svratouch (https://muzeumsvratouch.cz/)"
"2740";"DOTEK – Dům obnovy tradic, ekologie a kultury, Horní Maršov";"Česká Republika";"Turistická známka";"Skanzeny a muzea, Historické budovy a stavby, Krkonoše";"Trutnov";"Královéhradecký kraj";"TIC Infokoloniál DOTEK, Horní Maršov (https://www.dotek.eu/Uvodni-strana.html)"
"2741";"Cínovec, Krušné hory";"Česká Republika";"Turistická známka";"Pohoří, Volnočasové areály, Krušné hory";"Teplice";"Ústecký kraj";"Městské informační centrum - Dům porcelánu, Tovární 620/15a, Dubí (https://www.mesto-dubi.cz/turisticke-zajimavosti/dum-porcelanu-s-modrou-krvi#utm_source=mapy.cz)"
"2742";"Zlatý vrch - Kamenné varhany - Lužické hory";"Česká Republika";"Turistická známka";"Přírodní útvary a místa, Pohoří, Lužické hory";"Děčín";"Ústecký kraj";"Informační centrum, nám. Míru 122, Česká Kamenice (https://ceska-kamenice.cz/turista/)
Informační centrum, Chřibská 21, Chřibská (https://www.mesto-chribska.cz/)"
"2743";"Severočeské muzeum v Liberci";"Česká Republika";"Turistická známka";"Skanzeny a muzea";"Liberec";"Liberecký kraj";"Severočeské muzeum, Masarykova 437/11, Liberec (https://www.muzeumlb.cz/)"
"2744";"Starý Herštejn";"Česká Republika";"Turistická známka";"Hrady, Pohoří, Český les";"Domažlice";"Plzeňský kraj";"Městské kulturní a informační středisko, nám. Míru 210, Poběžovice (https://www.dobrohost.cz/)
Rekreační středisko Rybník č.p. 43, Hostouň (rybnik-ceskyles.cz)
Penzion Pohoda, Hora Sv. Václava 17, Poběžovice (https://www.pohodahora.cz/)"
"2745";"Památník lišky Bystroušky, Hukvaldy";"Česká Republika";"Turistická známka";"Památníky";"Frýdek-Místek";"Moravskoslezský kraj";"Občerstvení U brány, Hukvaldy
Informační centrum, Hukvaldy 40 (https://www.ic-hukvaldy.cz/)"
"2746";"Muzeum nákladních automobilů TATRA Kopřivnice";"Česká Republika";"Turistická známka";"Skanzeny a muzea";"Nový Jičín";"Moravskoslezský kraj";"Muzeum nákladních automobilů TATRA Kopřivnice (www.muzeumnj.cz)"
"2747";"Svět Komenského, Fulnek";"Česká Republika";"Turistická známka";"Skanzeny a muzea";"Nový Jičín";"Moravskoslezský kraj";"Infocentrum Fulnek (http://www.ic-fulnek.cz/)
Svět Komenského, Sborová 80, Fulnek (https://www.muzeumnj.cz/fulnek)"
"2748";"Věž kostela sv. Jiljí, Nymburk";"Česká Republika";"Turistická známka";"Rozhledny a vyhlídky";"Nymburk";"Středočeský kraj";"Infocentrum, náměstí Přemyslovců 165, Nymburk (http://www.mesto-nymburk.cz/)"
"2749";"Zlatá ulička - Pražský hrad, Praha";"Česká Republika";"Turistická známka";"Historické budovy a stavby";"Praha";"Hlavní město Praha";"Café galerie, Zlatá ulička u Daliborky 32, Praha 1 (https://www.instagram.com/cafegalerie2020/)"
"2750";"Chrám svatého Víta - Pražský hrad, Praha";"Česká Republika";"Turistická známka";"Církevní památky";"Praha";"Hlavní město Praha";"Loreta - suvenýry, Loretánská 106/23, Praha 1
Café galerie, Zlatá ulička u Daliborky 32, Praha 1 (https://www.instagram.com/cafegalerie2020/)"
"2751";"Jízdárna Pražského hradu - Praha";"Česká Republika";"Turistická známka";"Historické budovy a stavby";"Praha";"Hlavní město Praha";"Café galerie, Zlatá ulička u Daliborky 32, Praha 1 (https://www.instagram.com/cafegalerie2020/)"
"2752";"Letohrádek královny Anny - Praha";"Česká Republika";"Turistická známka";"Historické budovy a stavby, Zámky";"Praha";"Hlavní město Praha";"Café galerie, Zlatá ulička u Daliborky 32, Praha 1 (https://www.instagram.com/cafegalerie2020/)"
"2753";"Rozhledna Strážnice, Liptaň";"Česká Republika";"Turistická známka";"Rozhledny a vyhlídky";"Bruntál";"Moravskoslezský kraj";"Obecní úřad, Liptaň 149 (https://www.liptan.cz/zajimavosti/rozhledna-liptan-straznice/)
Potraviny Romana, Liptaň 269"
"2754";"Štola sv. Jana Evangelisty, Jiřetín pod Jedlovou";"Česká Republika";"Turistická známka";"Technické památky, Lužické hory";"Děčín";"Ústecký kraj";"Informační centrum, Náměstí Jiřího 300, Jiřetín pod Jedlovou (http://www.jiretin.cz/)"
"2755";"Muzeum historické hasičské techniky v Chrastavě";"Česká Republika";"Turistická známka";"Skanzeny a muzea";"Liberec";"Liberecký kraj";"Muzeum historické hasičské techniky, Bílokostelecká 1, Chrastava (https://hasicske-muzeum-chrastava2.webnode.cz/)
Infocentrum, náměstí 1. Máje, Chrastava (http://www.chrastava.cz/kultura/cesky/infocentrum.htm)"
"2756";"Soukromá letecká sbírka Libořezy";"Česká Republika";"Turistická známka";"Skanzeny a muzea";"Jindřichův Hradec";"Jihočeský kraj";"Soukromá letecká sbírka Libořezy (https://www.leteckemuzeumliborezy.cz/)"
"2757";"Poutní místo Českomoravská FATIMA Koclířov";"Česká Republika";"Turistická známka";"Církevní památky";"Svitavy";"Pardubický kraj";"Městské informační centrum, náměstí T. G. Masaryka 29 (https://ic.moravskatrebova.cz/)
Prodejna pastýř, Koclířov 195 (http://www.cm-fatima.cz/)
Klášterní cukrárna a kavárna, Koclířov 195 (http://www.cm-fatima.cz/)"
"2758";"Muzeum Karlovy Vary";"Česká Republika";"Turistická známka";"Skanzeny a muzea";"Karlovy Vary";"Karlovarský kraj";"Muzeum Karlovy Vary, Nová louka 23, Karlovy Vary (http://kvmuz.cz/)"
"2759";"Rozhledna Dobrá Voda - Horní Planá";"Česká Republika";"Turistická známka";"Rozhledny a vyhlídky, Šumava, Vltava";"Český Krumlov";"Jihočeský kraj";"Infocentrum, Náměstí 8, Horní Planá (https://www.sumava-lipno.eu/)"
"2760";"Zřícenina hradu Bělá";"Česká Republika";"Turistická známka";"Hrady";"Plzeň-sever";"Plzeňský kraj";"Obchod ""Smíšenka Beneš"", Dolní Bělá 92 (https://www.facebook.com/hradbela)"
"2761";"Masarykovo muzeum v Hodoníně";"Česká Republika";"Turistická známka";"Skanzeny a muzea";"Hodonín";"Jihomoravský kraj";"Masarykovo muzeum, Zámecké nám. 27/9, Hodonín (https://www.masaryk.info/)"
"2762";"Větrný mlýn Třebíč";"Česká Republika";"Turistická známka";"Technické památky";"Třebíč";"Kraj Vysočina";"Větrný mlýn Třebíč (https://www.vetrnymlyntrebic.cz/)
TIC Národní dům, Karlovo náměstí 47, Třebíč (stará verze) (https://www.mkstrebic.cz/turisticka-informacni-centra/)"
"2763";"Přírodní rezervace Království – Dub král";"Česká Republika";"Turistická známka";"Přírodní útvary a místa";"Olomouc";"Olomoucký kraj";"Hospůdka V podlesí, V podlesí 313, Grygov (http://www.vpodlesi.cz/)"
"2764";"Památník bratří Mrštíků v Divákách";"Česká Republika";"Turistická známka";"Skanzeny a muzea, Památníky";"Břeclav";"Jihomoravský kraj";"Památník bratří Mrštíků, Diváky (https://www.mrstici.cz/)"
"2765";"Zámecká lékárna Třeboň";"Česká Republika";"Turistická známka";"Skanzeny a muzea, Historické budovy a stavby";"Jindřichův Hradec";"Jihočeský kraj";"Zámecká lékárna Třeboň, Březanova 118, Třeboň (https://www.zameckalekarnatrebon.cz/)"
"2766";"Lukásova zpívající lípa";"Česká Republika";"Turistická známka";"Přírodní útvary a místa";"Svitavy";"Pardubický kraj";"Lukásova zpívající lípa - sklípek pod lípou (https://zpivajici-lipa.webnode.cz/)"
"2767";"Zámek Mokrosuky";"Česká Republika";"Turistická známka";"Zámky";"Klatovy";"Plzeňský kraj";"Zámek Mokrosuky (https://www.zamekmokrosuky.cz/)"
"2768";"Městské muzeum Bystřice nad Pernštejnem";"Česká Republika";"Turistická známka";"Skanzeny a muzea";"Žďár nad Sázavou";"Kraj Vysočina";"TIC, Masarykovo nám. 1, Bystřice nad Pernštejnem (https://info.bystricenp.cz/)"
"2769";"Sky Bridge 721 - Dolní Morava";"Česká Republika";"Turistická známka";"Technické památky, Volnočasové areály, Skupina Králického Sněžníku";"Ústí nad Orlicí";"Pardubický kraj";"Recepce Hotel Vista - Velká Morava 46, Dolní Morava (https://www.hotel-dolnimorava.cz/kontakt)
Stezka v oblacích, Dolní Morava (https://www.dolnimorava.cz/stezka-v-oblacich)
Zákaznické centrum Horský resort Dolní Morava, Velká Morava 255 (https://www.dolnimorava.cz/)"
"2770";"Informační středisko CHKO Litovelské Pomoraví - Šargoun";"Česká Republika";"Turistická známka";"CHKO a rezervace, Litovelské Pomoraví";"Olomouc";"Olomoucký kraj";"Informační středisko Šargoun, Unčovice 138, Litovel - Unčovice (https://slunakov.cz/is-sargoun/)"
"2771";"Kostel Nanebevzetí Panny Marie a sv. Václava, Znojmo";"Česká Republika";"Turistická známka";"Církevní památky";"Znojmo";"Jihomoravský kraj";"TIC, Loucká 25, Znojmo (https://www.znojemskabeseda.cz/)
TIC - Jižní přístupová cesta, Hradní ulice, Znojmo (https://www.znojemskabeseda.cz/)
TIC, Obroková ulice 10, Znojmo (https://www.znojemskabeseda.cz/)"
"2772";"Železniční depozitář Národního technického muzea Chomutov";"Česká Republika";"Turistická známka";"Skanzeny a muzea, Technické památky";"Chomutov";"Ústecký kraj";"Železniční depozitář, ul. Černovická, Chomutov (https://muzeum-chomutov.cz/)"
"2773";"Zámek Nemilkov";"Česká Republika";"Turistická známka";"Zámky";"Klatovy";"Plzeňský kraj";"Zámek Nemilkov (https://www.zamek-nemilkov.com/cs)"
"2774";"Rozhledna Čížovka";"Česká Republika";"Turistická známka";"Rozhledny a vyhlídky";"Mladá Boleslav";"Středočeský kraj";"Rozhledna Čížovka (https://www.cesky-raj.info/dr-cs/14501-rozhledna-cizovka.html)"
"2775";"Trenckova rokle";"Česká Republika";"Turistická známka";"Přírodní útvary a místa";"Brno-venkov";"Jihomoravský kraj";"Turistické informační centrum, nám. Míru 120, Tišnov (https://www.tictisnov.cz/)
Penzion U Statkářky - Svobodný statek, Habří (https://www.ustatkarky.cz/#o-nas)"
"2776";"Muzeum harmonik, Litovel";"Česká Republika";"Turistická známka";"Skanzeny a muzea";"Olomouc";"Olomoucký kraj";"TIC, nám. Přemysla Otakara 762, Litovel (https://www.litovel.eu/)"
"2777";"Křížová cesta Počepice - Radešín";"Česká Republika";"Turistická známka";"Církevní památky";"Příbram";"Středočeský kraj";"Penzion U Radešínka, Počepice 115 (https://www.radesinek.cz/)"
"2778";"Naučná stezka Holské rybníky, Rožďalovice";"Česká Republika";"Turistická známka";"Přírodní útvary a místa";"Nymburk";"Středočeský kraj";"Městský úřad, Náměstí 93, Rožďalovice (https://www.rozdalovice.eu/info-pro-turisty/naucna-stezka-holske-rybniky/)
Galerie Melantrich - informační centrum, Husova 30, Rožďalovice (https://www.rozdalovice.eu/info-pro-turisty/naucna-stezka-holske-rybniky/)"
"2779";"Jezero Kristýna";"Česká Republika";"Turistická známka";"Volnočasové areály";"Liberec";"Liberecký kraj";"Brána trojzemí - IC, Horní náměstí 71, Hrádek nad Nisou (http://www.hradek.cz/)
Kemp Kristýna - recepce (www.kemp-kristyna.cz)"
"2780";"Železnice plná páry, Dačice";"Česká Republika";"Turistická známka";"Technické památky";"Jindřichův Hradec";"Jihočeský kraj";"Infocentrum, Palackého náměstí 1, Dačice (http://www.dacice.cz)
Železnice plná páry, Antonínská 75/II., Dačice (https://zeleznice-plna-pary7.webnode.cz/)"
"2781";"Letecké muzeum Korea-Merkur Bezděkov";"Česká Republika";"Turistická známka";"Skanzeny a muzea, Ohře";"Louny";"Ústecký kraj";"Infocentrum, náměstí Svobody 149, Žatec (http://www.infozatec.cz/informacni-centrum-zatec/)
Letecké muzeum Korea-Merkur, Bezděkov 118 (https://4brn.army.cz/?p=1454)"
"2782";"Zámek Štáblovice";"Česká Republika";"Turistická známka";"Zámky";"Opava";"Moravskoslezský kraj";"Zámek Štáblovice - Caffé Lescourant a recepce (https://www.stablovice.cz/zamek-stablovice/)"
"2783";"Sněžné - Sněžensko";"Česká Republika";"Turistická známka";"Památná místa a obce, Žďárské vrchy";"Žďár nad Sázavou";"Kraj Vysočina";"IC Sněžné, Sněžné 55 (https://www.snezne.cz/)
Hotel Sněžné, Sněžné 73 (https://www.hotel-snezne.cz/)
Resort Sněžné Amanita (www.resort-snezne.cz)"
"2784";"Městská věž při kostele sv. Martina, Třebíč";"Česká Republika";"Turistická známka";"Rozhledny a vyhlídky";"Třebíč";"Kraj Vysočina";"TIC Národní dům, Karlovo náměstí 47, Třebíč (stará verze) (https://www.mkstrebic.cz/turisticka-informacni-centra/)
Městská věž, Martinské náměstí, Třebíč (https://www.mkstrebic.cz/turisticka-informacni-centra/)"
"2785";"Filipovice - Jeseníky";"Česká Republika";"Turistická známka";"Volnočasové areály, Pohoří, Jeseníky";"Jeseník";"Olomoucký kraj";"Penzion Pepovka, Filipovice 8 (https://www.pepovka.cz/)"
"2786";"Horní Lomná - Beskydy";"Česká Republika";"Turistická známka";"Památná místa a obce, Beskydy";"Frýdek-Místek";"Moravskoslezský kraj";"Wellness hotel Pod Kyčmolem, Horní Lomná 140 (https://hornilomna.eu/)
Obecní úřad Horní Lomná"
"2787";"Vrch Křemín - Naučná stezka skřítka Křemínka";"Česká Republika";"Turistická známka";"Stezky a trasy, Pohoří, České středohoří";"Litoměřice";"Ústecký kraj";"Obecní úřad Křešice (http://www.kresice.cz/)
Pošta Partner Křešice"
"2788";"Památník Zámeček, Pardubice";"Česká Republika";"Turistická známka";"Válečné památníky";"Pardubice";"Pardubický kraj";"Památník Zámeček (https://www.zamecek-memorial.cz/)"
"2789";"Liberk - kostel sv. Petra a Pavla";"Česká Republika";"Turistická známka";"Církevní památky";"Rychnov nad Kněžnou";"Královéhradecký kraj";"Obecní úřad Liberk, Liberk 70 (https://www.obec-liberk.cz/)"
"2790";"Rozhledna Světlý vrch - Albrechtice v Jizerských horách";"Česká Republika";"Turistická známka";"Rozhledny a vyhlídky, Jizerské hory";"Jablonec nad Nisou";"Liberecký kraj";"Obecní úřad Albrechtice v Jizerských Horách č.p.226 (https://www.albrechtice-jh.cz/)
Potraviny Vlček, Albrechtice v Jizerských horách č.p.841 (https://www.albrechtice-jh.cz/)
POMI ski centrum Albrechtice v Jizerských horách (http://www.pomi.cz/pujcovna_albrechtice_kontakt.html)
Ski Chata Špičák (www.skichataspicaktanvald.cz)
Infocentrum, Krkonošská 629, Tanvald (http://www.tanvald.cz/)
Trafika, Josefův Důl č. 297 (u kostela) (www.trafikajosefuvdul.websnadno.cz)"
"2791";"Mederův dům, Žatec";"Česká Republika";"Turistická známka";"Skanzeny a muzea, Historické budovy a stavby, Ohře";"Louny";"Ústecký kraj";"Mederův dům, náměstí 5. května 102, Žatec (https://www.mederhaus.cz/)"
"2792";"Rozhledna Radošov";"Česká Republika";"Turistická známka";"Rozhledny a vyhlídky";"Hodonín";"Jihomoravský kraj";"TIC Veselska, nám. Míru 664, Veselí nad Moravou (http://www.tic-veseli.cz/)
Dům přírody Bílých Karpat (https://www.dumprirody.cz/bilekarpaty/)"
"2793";"Rozhledna Heřmanova Huť";"Česká Republika";"Turistická známka";"Rozhledny a vyhlídky";"Plzeň-sever";"Plzeňský kraj";"Obecní úřad, Revoluční 49, Heřmanova Huť (http://www.hermanovahut.cz/)
Knihovna, Mírové nám. 264, Heřmanova Huť - Vlkýš (https://www.facebook.com/knihovna.hermanovahut.3)"
"2794";"Schrothovy léčebné lázně, Dolní Lipová";"Česká Republika";"Turistická známka";"Lázně, Jeseníky";"Jeseník";"Olomoucký kraj";"Lázeňský obchůdek, Dolní Lipová 382 (www.lazne-lipova.cz)"
"2795";"Muzeum trojmezí, Jablunkov";"Česká Republika";"Turistická známka";"Skanzeny a muzea";"Frýdek-Místek";"Moravskoslezský kraj";"Muzeum trojmezí, Plk. Velebnovského 150,Jablunkov (https://www.muzeumct.cz/muzeum-tesinska/pobocky/jablunkov)"
"2796";"Königsmühle - zaniklá osada";"Česká Republika";"Turistická známka";"Památná místa a obce, Krušné hory";"Chomutov";"Ústecký kraj";"Penzion a restaurace Königův mlýn, Háj 240 (https://konigsmuhle.cz/)"
"2797";"Viklan Čertův kámen";"Česká Republika";"Turistická známka";"Přírodní útvary a místa";"Domažlice";"Plzeňský kraj";"Obecní úřad, Babylon 27, Babylon (https://www.babylon-obec.cz/turista/kam-na-vylet/)
Hotel Bohmann, Babylon
Autocamp Babylon č.p. 105 (https://www.autokempbabylon.cz/)"
"2798";"Kostel sv. Jakuba Většího, Jihlava";"Česká Republika";"Turistická známka";"Církevní památky";"Jihlava";"Kraj Vysočina";"Kostel sv. Jakuba Většího, Jihlava (https://www.jihlava.cz/kostel-sv-jakuba-vetsiho/os-43714)"
"2799";"Muzeum hrnčířství, Kostelec nad Černými lesy";"Česká Republika";"Turistická známka";"Skanzeny a muzea";"Kolín";"Středočeský kraj";"Muzeum hrnčířství, Náměstí Smiřických 41, Kostelec nad Černými lesy (http://www.kostelecncl.cz/)"
"2800";"Muzeum Podbořany";"Česká Republika";"Turistická známka";"Skanzeny a muzea, Historické budovy a stavby";"Louny";"Ústecký kraj";"Městský úřad, Mírová 615, Podbořany (https://www.podborany.net/)
Národní dům - recepce, Nádražní 261, Podbořany (https://www.narodni-dum.cz/)
Infocentrum, Dukelská 1, Podbořany (https://muzeum-podborany.webnode.cz/)"
"2801";"Zoopark Zelčín";"Česká Republika";"Turistická známka";"Zoologické zahrady, Vltava";"Mělník";"Středočeský kraj";"Zoopark Zelčín (https://www.zooparkzelcin.cz/)"
"2802";"Marlenka, Frýdek-Místek";"Česká Republika";"Turistická známka";"Volnočasové areály";"Frýdek-Místek";"Moravskoslezský kraj";"Návštěvnické centrum Marlenka, Valcířská 434, Frýdek-Místek (https://www.marlenka.cz/cs/home)"
"2803";"Krompach - Lužické hory";"Česká Republika";"Turistická známka";"Volnočasové areály, Pohoří, Památná místa a obce, Lužické hory";"Česká Lípa";"Liberecký kraj";"Farma Hvozd, Krompach (https://www.farmahvozd.cz/)"
"2804";"Město Libavá";"Česká Republika";"Turistická známka";"Historická města, Historické budovy a stavby";"Olomouc";"Olomoucký kraj";"Obecní úřad, Berounská 41, Libavá (https://www.mesto-libava.eu/)
Restaurace Na růžku, Náměstí 1, Libavá (https://www.mesto-libava.eu/)
Obchod - minimarket, Náměstí 216, Libavá (https://www.mesto-libava.eu/)"
"2805";"Rozhledna Korunka";"Česká Republika";"Turistická známka";"Rozhledny a vyhlídky";"Praha-západ";"Středočeský kraj";"Skalka - občerstvení (https://www.facebook.com/Skalka-Mn%C3%AD%C5%A1ek-pod-Brdy-Ob%C4%8Derstven%C3%AD-438835372817994/)
Informační centrum, 5. května 912, Dobřichovice (dobrichovice.cz)
Potraviny, Hlavní 143, Černolice (https://www.hrady.cz/rozhledna-korunka)"
"2806";"URSUS zážitkové centrum, Dolní Lomná";"Česká Republika";"Turistická známka";"Volnočasové areály, Beskydy";"Frýdek-Místek";"Moravskoslezský kraj";"URSUS, Dolní Lomná 26 (http://www.ursuscentrum.cz/cz/)"
"2807";"Muzeum lyžování Dolní Branná čp.1";"Česká Republika";"Turistická známka";"Skanzeny a muzea, Krkonoše";"Trutnov";"Královéhradecký kraj";"Regionální turistické informační centrum, Husova 210, Vrchlabí (krkonose.eu)
TIC, Svatopetrská 173, Špindlerův Mlýn (https://www.mestospindleruvmlyn.cz/)
Muzeum lyžování Dolní Branná čp.1 (https://muzeumlyzovani.cz/)"
"2808";"Památník Josefa Kaluse, Čeladná";"Česká Republika";"Turistická známka";"Památníky, Skanzeny a muzea, Beskydy";"Frýdek-Místek";"Moravskoslezský kraj";"Knihovna a Informační centrum Čeladná (http://www.info-celadna.cz/)
Památník Josefa Kaluse, Čeladná"
"2809";"Obec Rudník - Kostel sv. Václava";"Česká Republika";"Turistická známka";"Historické budovy a stavby, Krkonoše";"Trutnov";"Královéhradecký kraj";"Hotel AURI Rudník, Rudník 134 (https://www.hotelauri.cz/)
Informační centrum Rudník"
"2810";"Obec Višňová";"Česká Republika";"Turistická známka";"Volnočasové areály";"Příbram";"Středočeský kraj";"Obecní úřad - matrika, Višňová 153 (http://www.visnova.cz/)
Restaurace, Višňová 146 (http://www.visnova.cz/)"
"2811";"Vyhlídková věž bývalého kostela Narození Panny Marie, Jablonné v Podještědí";"Česká Republika";"Turistická známka";"Rozhledny a vyhlídky, Historické budovy a stavby, Lužické hory";"Liberec";"Liberecký kraj";"Infocentrum, náměstí Míru 23, Jablonné v Podještědí (http://www.jablonnevp.cz/)"
"2812";"Pňovanský most, Mže";"Česká Republika";"Turistická známka";"Technické památky";"Plzeň-sever";"Plzeňský kraj";"Infocentrum, Masarykovo nám. 20, Stříbro (http://www.muzeum-stribro.cz/)
Restaurace Kotva, Hracholusky 98 (kotva-hracholusky.cz)
Suvenýry U hráze, Hracholusky"
"2813";"Muzeum Šumavy - Železná Ruda";"Česká Republika";"Turistická známka";"Skanzeny a muzea, Šumava";"Klatovy";"Plzeňský kraj";"Muzeum Šumavy, Javorská 154, Železná Ruda (http://muzeum.sumava.net/?page_id=61)"
"2814";"Muzeum Šumavy - Kašperské Hory";"Česká Republika";"Turistická známka";"Skanzeny a muzea, Šumava";"Klatovy";"Plzeňský kraj";"Muzeum Šumavy Kašperské Hory, Náměstí 140, Kašperské hory (http://muzeum.sumava.net/?page_id=51)"
"2815";"Muzeum Šumavy - Sušice";"Česká Republika";"Turistická známka";"Skanzeny a muzea, Šumava, Otava";"Klatovy";"Plzeňský kraj";"Muzeum Šumavy Sušice, Nám. Svobody 40, Sušice (http://muzeum.sumava.net/)"
"2816";"Vehicle museum Stod";"Česká Republika";"Turistická známka";"Skanzeny a muzea";"Plzeň-jih";"Plzeňský kraj";"Vehicle museum, Ostrovní 87, Stod (http://vehiclemuseumstod.cz/#top)"
"2817";"Park Bylandia - Bylany - Český Brod";"Česká Republika";"Turistická známka";"Volnočasové areály";"Kolín";"Středočeský kraj";"Bylandia, Bylany u Chrášťan 9 (https://www.bylandia.cz/)"
"2818";"Katzelsdorfský zámeček";"Česká Republika";"Turistická známka";"Historické budovy a stavby, Zámky, Lednicko-valtický areál";"Břeclav";"Jihomoravský kraj";"Infocentrum, náměstí Svobody 4, Valtice (https://www.valtice.eu/)"
"2819";"Výklopník – Sudoměřice – Baťův kanál";"Česká Republika";"Turistická známka";"Technické památky";"Hodonín";"Jihomoravský kraj";"Turistické informační centrum Strážnicka, Vinohradská 35, Strážnice (http://www.straznice-mesto.cz/)
Půjčovna lodí, Sudoměřice 346 (http://www.vyklopnik.cz/)"
"2820";"Husitská mohyla „Mohejlík“";"Česká Republika";"Turistická známka";"Válečné památníky";"Jičín";"Královéhradecký kraj";"Informační centrum, nám. Jiřího z Poděbrad 3, Hořice (https://infocentrum.horice.org/)"
"2821";"Historická lékárna v Letovicích";"Česká Republika";"Turistická známka";"Skanzeny a muzea, Historické budovy a stavby";"Blansko";"Jihomoravský kraj";"Turistické informační centrum, Tyršova 2, Letovice (https://www.mks-letovice.cz/tic)"
"2822";"Bílý kůň - Fejkova pískovna, Praha";"Česká Republika";"Turistická známka";"Technické památky, Skanzeny a muzea";"Praha";"Hlavní město Praha";"Inf. kancelář Úřadu městské části Praha 14, Bří Venclíků 1073 (https://www.praha14.cz/)"
"2823";"Vinařská obec Vacenovice";"Česká Republika";"Turistická známka";"Vinařské obce";"Hodonín";"Jihomoravský kraj";"Obecní úřad Vacenovice (https://www.vacenovice.cz/)
Habánský sklep Vacenovice (https://www.vacenovice.cz/obec/informace-pro-turisty/habansky-sklep/)
IC Mikroregionu Nový Dvůr (https://www.novy-dvur.cz/index.php?id=121)"
"2824";"Lechův kámen - Kouřim";"Česká Republika";"Turistická známka";"Archeo, Přírodní útvary a místa";"Kolín";"Středočeský kraj";"Infocentrum, Mírové náměstí 1, Kouřim (https://www.mestokourim.cz/)
Muzeum Kouřimska, Kouřim (muzeumkolin.cz)
ČS EuroOil – čerpací stanice, Kolínská 437, Kouřim (https://mapy.cz/turisticka?q=lech%C5%AFv%20k%C3%A1men&source=base&id=1912751&ds=2&x=14.9862628&)"
"2825";"Hasičské muzeum Bechyně";"Česká Republika";"Turistická známka";"Skanzeny a muzea, Lužnice";"Tábor";"Jihočeský kraj";"Hasičské muzeum Bechyně (https://sdhbechyne.cz/muzeum/)"
"2826";"Výcvikové stáje v Heřmanově Městci";"Česká Republika";"Turistická známka";"Historické budovy a stavby, Železné hory";"Chrudim";"Pardubický kraj";"Centrum Pohůdka, nám. Míru, Heřmanův Městec (http://www.hermanuv-mestec.cz/o-meste-1/turisticke-informacni-centrum/)
Návštěvnické centrum Výcvikové stáje, Masarykovo nám. 45, Heřmanův Městec (https://www.nhkladruby.cz/vycvikove-stredisko-hermanuv-mestec--1)"
"2827";"Pohanské kameny - Višňová";"Česká Republika";"Turistická známka";"Přírodní útvary a místa";"Liberec";"Liberecký kraj";"Obecní úřad Višňová (https://www.ob-vis.net/)
Muzeum obce Višňová (https://www.ob-vis.net/)"
"2828";"Trezor přírody - Horní Lideč";"Česká Republika";"Turistická známka";"Stezky a trasy, Javorníky";"Vsetín";"Zlínský kraj";"Trezor přírody Horní Lideč (https://www.trezorprirody.cz/)
Informační centrum Horní Lideč 370 (https://www.trezorprirody.cz/)"
"2829";"Oblastní muzeum v Děčíně";"Česká Republika";"Turistická známka";"Skanzeny a muzea";"Děčín";"Ústecký kraj";"Oblastní Muzeum, Čsl. mládeže 1/31, Děčín (https://www.muzeumdc.cz/)"
"2830";"Krematorium Pardubice";"Česká Republika";"Turistická známka";"Technické památky";"Pardubice";"Pardubický kraj";"TIC, třída Míru 60 - Machoňova pasáž - Pardubice (http://www.ipardubice.cz/)"
"2831";"Městské muzeum Počátky";"Česká Republika";"Turistická známka";"Skanzeny a muzea, Historické budovy a stavby";"Pelhřimov";"Kraj Vysočina";"Městské muzeum, Palackého nám. 27, Počátky (https://www.pocatky.cz/)"
"2832";"Valašský orloj, Držková";"Česká Republika";"Turistická známka";"Technické památky";"Zlín";"Zlínský kraj";"Obecní úřad Držková (https://www.drzkova.cz/)
Muzeum dřevěného porcelánu, Držková 131 (http://www.muzeum-drzkova.cz/)
Hospůdka u Kőglerů, Držková 43 (https://www.drzkova.cz/)
Valašský orloj, Držková 66 (https://www.drzkova.cz/galerie-1/fotogalerie/rok-2022/otevreni-valasskeho-orloje-1043cs.html)"
"2833";"Zatopený čedičový lom Hradišťský vrch";"Česká Republika";"Turistická známka";"Přírodní útvary a místa, Stezky a trasy";"Tachov";"Plzeňský kraj";"Zatopený lom Hradišťský vrch (https://mapy.cz/turisticka?source=base&id=1898901&x=12.9815374&y=49.8733641&z=17)
Květiny - Dárky, Tichá 5, Konstantinovy Lázně"
"2834";"Panské Pole - Orlické hory";"Česká Republika";"Turistická známka";"Stezky a trasy, Orlické hory";"Rychnov nad Kněžnou";"Královéhradecký kraj";"Občerstvení ""Áčko"", Panské Pole - Rokytnice v O.H. č.p. 73 (https://www.facebook.com/panskepole/)"
"2835";"Obec Mukařov - Kostel Nanebevzetí Panny Marie";"Česká Republika";"Turistická známka";"Církevní památky, Stezky a trasy, Historické budovy a stavby";"Praha-východ";"Středočeský kraj";"Informační centrum, Příčná 11, Mukařov (https://www.mukarov.cz/)"
"2836";"Dolní Loučky - Most Míru";"Česká Republika";"Turistická známka";"Technické památky";"Brno-venkov";"Jihomoravský kraj";"Turistické informační centrum, nám. Míru 120, Tišnov (https://www.tictisnov.cz/)
Restaurace Sokolovna, Dolní Loučky 142 (https://www.dolniloucky.cz/)
Obecní úřad, Dolní Loučky 208 (https://www.dolniloucky.cz/)"
"2837";"Ploučnická vyhlídka na Sokolském vrchu";"Česká Republika";"Turistická známka";"Rozhledny a vyhlídky, České středohoří";"Děčín";"Ústecký kraj";"Zámek Benešov nad Ploučnicí, Zámecká 51 (https://zamek-benesov.cz)
Infocentrum, nám. Míru 1, Benešov nad Ploučnicí (https://benesovnpl.cz/)"
"2838";"Dům porcelánu s modrou krví, Dubí";"Česká Republika";"Turistická známka";"Skanzeny a muzea, Krušné hory";"Teplice";"Ústecký kraj";"Městské informační centrum - Dům porcelánu, Tovární 620/15a, Dubí (https://www.mesto-dubi.cz/turisticke-zajimavosti/dum-porcelanu-s-modrou-krvi#utm_source=mapy.cz)"
"2839";"Zaječí skok - přírodní rezervace";"Česká Republika";"Turistická známka";"CHKO a rezervace, Přírodní útvary a místa";"Jihlava";"Kraj Vysočina";"TIC - Brána Jihlavy, Matky Boží 22, Jihlava (https://www.jihlava.cz/tic/)
TIC - Jihlava, Věžní 1, Jihlava (https://www.jihlava.cz/tic/)
Hospoda U Tomáše, Rantířov 1"
"2840";"Zámek a park Mlázovy";"Česká Republika";"Turistická známka";"Zámky, Historické budovy a stavby";"Klatovy";"Plzeňský kraj";"Zámek Mlázovy - recepce (https://www.zamekmlazovy.cz/)"
"2841";"Obří Sud - Javorník";"Česká Republika";"Turistická známka";"Technické památky, Ještědský hřbet";"Liberec";"Liberecký kraj";"Hotel Obří Sud - Javorník - Dlouhý most 330 (https://areal-obrisud.cz/)"
"2842";"Zemský hřebčinec - Písek";"Česká Republika";"Turistická známka";"Volnočasové areály, Historické budovy a stavby";"Písek";"Jihočeský kraj";"Zemský hřebčinec, U Hřebčince 479, Písek (https://www.zemskyhrebcinecpisek.cz/)
Turistické informační centrum, Velké nám. 1/24, Písek (http://www.piseckem.cz)"
"2843";"Zámek Třešť";"Česká Republika";"Turistická známka";"Zámky, Stezky a trasy";"Jihlava";"Kraj Vysočina";"Zámek Třešť (https://shop.zamek-trest.cz/)"
"2844";"Muzeum Alice Garrigue Masarykové a Českého červeného kříže, Lány";"Česká Republika";"Turistická známka";"Skanzeny a muzea";"Kladno";"Středočeský kraj";"Muzeum Alice Garrigue Masarykové, Lány (http://www.muzeumtgm.cz/pametni-sin-alice-g-masyrykove-a-cck/expozice)"
"2845";"Muzeum T. G. Masaryka v Lánech";"Česká Republika";"Turistická známka";"Skanzeny a muzea";"Kladno";"Středočeský kraj";"Muzeum T. G. Masaryka, Zámecká 197, Lány (http://www.muzeumtgm.cz/)"
"2846";"Zoopark Nehvizdy";"Česká Republika";"Turistická známka";"Zoologické zahrady";"Praha-východ";"Středočeský kraj";"Zoopark Nehvizdy (https://zooparknehvizdy.cz/)"
"2847";"Poutní místo Kájov";"Česká Republika";"Turistická známka";"Církevní památky";"Český Krumlov";"Jihočeský kraj";"Konibar Kájov, U Kostela 130 Kájov (http://www.konibarkajov.cz/index.html)
Kájovská hospoda, Kájov 120 (https://www.facebook.com/kajovhospoda/?locale=cs_CZ)"
"2848";"Památník obětem internace - Králíky";"Česká Republika";"Turistická známka";"Skanzeny a muzea, Památníky";"Ústí nad Orlicí";"Pardubický kraj";"Památník obětem internace, Velké náměstí 367, Králíky (www.pamatnikkraliky.cz)"
"2849";"Zámek Bravantice";"Česká Republika";"Turistická známka";"Zámky";"Nový Jičín";"Moravskoslezský kraj";"Zámek Bravantice (https://www.zamek-bravantice.cz/)
Obecní úřad, Bravantice 223, Bravantice (https://www.zamek-bravantice.cz/)"
"2850";"Sušárna chmele, Odrlice";"Česká Republika";"Turistická známka";"Technické památky, Historické budovy a stavby";"Olomouc";"Olomoucký kraj";"Smíšené zboží, Odrlice 15, Odrlice (https://aktivsenice.cz/susarna-chmele/)
Hospoda Odrlice, Odrlice 8, Odrlice (https://aktivsenice.cz/susarna-chmele/)
Sušárna chmele, Odrlice (https://aktivsenice.cz/susarna-chmele/)"
"2851";"Kulturní centrum - Pivovar Domažlice";"Česká Republika";"Turistická známka";"Historické pivovary";"Domažlice";"Plzeňský kraj";"Infocentrum, Chodské náměstí 96, Domažlice (http://www.idomazlice.cz/)"
"2852";"Lovecký zámeček Tři Trubky";"Česká Republika";"Turistická známka";"Skanzeny a muzea, CHKO a rezervace";"Rokycany";"Plzeňský kraj";"Turistické informační centrum, Strašice (https://www.idnes.cz/zpravy/domaci/tri-trubky-masarky-komuniste-naciste-strasice.A230407_203714)
Dům přírody Brd, Strašice (www.dumprirody.cz)"
"2853";"Muzeum veteránů Pavlíkov";"Česká Republika";"Turistická známka";"Skanzeny a muzea";"Rakovník";"Středočeský kraj";"Muzeum veteránů Pavlíkov (https://moto-veterani.cz/)"
"2854";"ZOO Faunapark, Horní Lipová";"Česká Republika";"Turistická známka";"Zoologické zahrady, Jeseníky";"Jeseník";"Olomoucký kraj";"Faunapark Horní Lipová - pokladna (http://zvirata.faunapark.cz/)"
"2855";"Sklep pod Novou radnicí - Brněnské podzemí";"Česká Republika";"Turistická známka";"Technické památky";"Brno-město";"Jihomoravský kraj";"Sklep pod Novou radnicí, Panenská 656/2, Brno"
"2856";"Muzeum města Letovice";"Česká Republika";"Turistická známka";"Skanzeny a muzea";"Blansko";"Jihomoravský kraj";"Muzeum města Letovice, Brněnská 3, Letovice (http://pribehkrajky.cz/)"
"2857";"Nadhledna Háječek";"Česká Republika";"Turistická známka";"Rozhledny a vyhlídky";"Šumperk";"Olomoucký kraj";"Turistické centrum, Švédská 10, Olomouc (tourist-centrum.cz)
Turistické informační centrum, Čs. armády 835/1, Zábřeh (http://tourism.zabreh.cz/)
Obecní úřad, Svébohov 64 (https://nadhledna.cz/)
Obecní úřad, Zborov 28 (https://nadhledna.cz/)"
"2858";"Obora Žleby";"Česká Republika";"Turistická známka";"Zoologické zahrady";"Kutná Hora";"Středočeský kraj";"Obora Žleby (https://www.milujemeprirodu.cz/)
Informační centrum a knihovna, Zámecké nám. 67, Žleby (http://www.ouzleby.cz/?)"
"2859";"Galerie na Milovské huti";"Česká Republika";"Turistická známka";"Skanzeny a muzea, Historické budovy a stavby";"Žďár nad Sázavou";"Kraj Vysočina";"Informační centrum, Moravské Křižánky 116 (https://www.facebook.com/obecnikavarnakrizanky/)
Galerie na Milovské huti, České Milovy 32, Křižánky (http://namilovskehuti.cz/)"
"2860";"Vernířovice - Jeseníky";"Česká Republika";"Turistická známka";"Stezky a trasy, Pohoří, Jeseníky";"Šumperk";"Olomoucký kraj";"Obecní úřad, Vernířovice 53 (https://www.obec-vernirovice.cz/)
Bezobslužná prodejna Horalka, Vernířovice 53 (https://www.obec-vernirovice.cz/)
Chata Brněnka, Vernířovice (http://www.chatabrnenka.cz/)"
"2861";"Hostinec u Rozvědčíka";"Česká Republika";"Turistická známka";"Volnočasové areály, Přírodní útvary a místa, Berounka";"Rakovník";"Středočeský kraj";"Hostinec u Rozvědčíka, Nezabudice 55 (https://www.facebook.com/URozvedcika)"
"2862";"Kostel sv. Petra a Pavla - Březno";"Česká Republika";"Turistická známka";"Církevní památky";"Chomutov";"Ústecký kraj";"Infocentrum, Štefanikova 82, Březno (www.obecbrezno.cz)"
"2863";"Zámek a park Červený Dvůr";"Česká Republika";"Turistická známka";"Zámky, Zahrady a parky";"Český Krumlov";"Jihočeský kraj";"Café Bažantnice v Červeném Dvoře (https://cafebazantnice.cz/)"
"2864";"Kostel Narození Panny Marie - Benešov nad Ploučnicí";"Česká Republika";"Turistická známka";"Církevní památky";"Děčín";"Ústecký kraj";"Zámek Benešov nad Ploučnicí, Zámecká 51 (https://zamek-benesov.cz)
Infocentrum, nám. Míru 1, Benešov nad Ploučnicí (https://benesovnpl.cz/)"
"2865";"Vinařská obec Němčičky";"Česká Republika";"Turistická známka";"Vinařské obce";"Břeclav";"Jihomoravský kraj";"Pošta partner Němčičky (https://www.nemcicky.cz/)"
"2866";"Zaniklé městečko Zahrádka";"Česká Republika";"Turistická známka";"Památná místa a obce";"Havlíčkův Brod";"Kraj Vysočina";"Kostel sv. Víta - při akcích (https://zahradkauledce.cz/)
Infocentrum, Havlíčkovo náměstí 91, Humpolec (infohumpolec.cz)
Infocentrum, Husovo náměstí 60, Ledeč nad Sázavou (http://www.ledecsko.cz/)
TIC, nám. Trčků z Lípy 16, Světlá nad Sázavou (https://www.kyticesvetla.cz/)"
"2867";"Město Hluboká nad Vltavou";"Česká Republika";"Turistická známka";"Historická města, Vltava";"České Budějovice";"Jihočeský kraj";"Infocentrum, Zborovská 80, Hluboká nad Vltavou (https://www.hluboka.cz/)"
"2868";"Historické město Duchcov";"Česká Republika";"Turistická známka";"Historická města";"Teplice";"Ústecký kraj";"Infocentrum, Masarykova 7, Duchcov (http://www.infoduchcov.cz/)"
"2869";"Automatické mlýny Pardubice";"Česká Republika";"Turistická známka";"Technické památky";"Pardubice";"Pardubický kraj";"Automatické mlýny Pardubice, U Mlýnů 1963 (https://automatickemlyny.eu/)"
"2870";"Vrch Zebín";"Česká Republika";"Turistická známka";"Církevní památky, Přírodní útvary a místa";"Jičín";"Královéhradecký kraj";"Informační centrum, Jičín (http://www.jicin.org/)"
"2871";"Muzeum Krkonoš - Vrchlabí";"Česká Republika";"Turistická známka";"Skanzeny a muzea, Krkonoše";"Trutnov";"Královéhradecký kraj";"Návštěvnické centrum KRNAP, Husova 213, Vrchlabí (http://www.krnap.cz/)"
"2872";"Vzdělávací centrum Planeta Hlinsko";"Česká Republika";"Turistická známka";"Skanzeny a muzea";"Chrudim";"Pardubický kraj";"Vzdělávací centrum Planeta Hlinsko (https://www.planetahlinsko.cz/)"
"2873";"Poutní kaple Narození Panny Marie - Česká Kamenice";"Česká Republika";"Turistická známka";"Církevní památky";"Děčín";"Ústecký kraj";"Informační centrum, nám. Míru 122, Česká Kamenice (https://ceska-kamenice.cz/turista/)
Vila Heide, Máchova 311, Česká Kamenice (http://artvila.cz/uvodni_stranka)"
"2874";"ORNIS - ornitologická stanice Přerov";"Česká Republika";"Turistická známka";"Skanzeny a muzea";"Přerov";"Olomoucký kraj";"ORNIS, Bezručova 10, Přerov (https://ornis.cz/)"
"2875";"Kostel sv. Jana Křtitele, Teplice";"Česká Republika";"Turistická známka";"Církevní památky, Rozhledny a vyhlídky";"Teplice";"Ústecký kraj";"VisitTeplice IC, Krupská 346/2, Teplice (https://visitteplice.com)"
"2876";"Baťova vila, Zlín";"Česká Republika";"Turistická známka";"Skanzeny a muzea, Technické památky, Historické budovy a stavby";"Zlín";"Zlínský kraj";"Baťova vila, Gahurova 292, Zlín (https://www.nadacetomasebati.cz/odkaz-bata/batova-vila/)"
"2877";"Bohemia Sekt, Starý Plzenec";"Česká Republika";"Turistická známka";"Skanzeny a muzea";"Plzeň-město";"Plzeňský kraj";"BOHEMIA SEKT Návštěvnické centrum, Smetanova 220, Starý Plzenec (https://www.bohemiasekt.cz/)"
"2878";"Letohrádek Mitrovských, Brno";"Česká Republika";"Turistická známka";"Zámky, Historické budovy a stavby";"Brno-město";"Jihomoravský kraj";"Letohrádek Mitrovských, Veletržní 920/19, 603 00 Brno (https://www.letohradekbrno.cz/)"
"2879";"Muzeum řeznictví, Valašské Meziříčí";"Česká Republika";"Turistická známka";"Skanzeny a muzea";"Vsetín";"Zlínský kraj";"Muzeum řeznictví, Hranická 917, Krásno nad Bečvou (https://www.muzeumreznictvi.cz/)"
"2880";"Arnoldova vila, Brno";"Česká Republika";"Turistická známka";"Skanzeny a muzea, Technické památky";"Brno-město";"Jihomoravský kraj";"Vila Tugendhat (https://www.tugendhat.eu/)
Arnoldova vila (https://www.arnoldovavila.cz/)"
"2881";"Hrad Krupka";"Česká Republika";"Turistická známka";"Hrady, Krušné hory";"Teplice";"Ústecký kraj";"Turistické informační centrum, Mariánské náměstí 32, Krupka (https://www.krupka-mesto.cz/)
Infocentrum hornické krajiny, Husitská 722, Krupka (https://www.krupka-mesto.cz/)
Hrad Krupka (https://www.krupka-mesto.cz/)"
"2882";"Hasičské muzeum, Krupka";"Česká Republika";"Turistická známka";"Skanzeny a muzea, Krušné hory";"Teplice";"Ústecký kraj";"Hasičské muzeum, Husitská 93, Krupka (https://www.krupka-mesto.cz/)
Turistické informační centrum, Mariánské náměstí 32, Krupka (https://www.krupka-mesto.cz/)"
"2883";"Bazilika Panny Marie Sedmibolestné, Krupka";"Česká Republika";"Turistická známka";"Církevní památky, Krušné hory";"Teplice";"Ústecký kraj";"Turistické informační centrum, Mariánské náměstí 32, Krupka (https://www.krupka-mesto.cz/)"
"2884";"Štola Starý Martin, Krupka";"Česká Republika";"Turistická známka";"Technické památky, Skanzeny a muzea, Krušné hory";"Teplice";"Ústecký kraj";"Prohlídková Štola Starý Martin, Krupka (https://www.krupka-mesto.cz/stola-stary-martin/d-1536)
Turistické informační centrum, Mariánské náměstí 32, Krupka (https://www.krupka-mesto.cz/)"
"2885";"Huť Barbora - Jince - Brdy";"Česká Republika";"Turistická známka";"Technické památky";"Příbram";"Středočeský kraj";"Huť Barbora, Jince (https://hutbarbora.cz/)
Úřad městyse Jince (https://hutbarbora.cz/)"
"2886";"Papilonia - motýlí dům Ostrava";"Česká Republika";"Turistická známka";"Skanzeny a muzea";"Ostrava-město";"Moravskoslezský kraj";"Papilonia - Motýlí dům, Dlouhá 3355/6, Ostrava (https://papilonia.cz/cs)"
"2887";"Lanovka na Komáří vížku";"Česká Republika";"Turistická známka";"Technické památky";"Teplice";"Ústecký kraj";"Turistické informační centrum, Mariánské náměstí 32, Krupka (https://www.krupka-mesto.cz/)
Spodní stanice lanovky na Komáří vížku"
"2888";"Divadlo Spejbla a Hurvínka, Praha";"Česká Republika";"Turistická známka";"Volnočasové areály";"Praha";"Hlavní město Praha";"Pokladna - Divadlo Spejbla a Hurvínka, Dejvická 38, Praha 6 (https://spejbl-hurvinek.cz/)
Obchůdek - Divadlo Spejbla a Hurvínka, Dejvická 38, Praha 6 (https://spejbl-hurvinek.cz/)"
"2889";"Areál Nový rybník, Příbram";"Česká Republika";"Turistická známka";"Volnočasové areály, Stezky a trasy";"Příbram";"Středočeský kraj";"Recepce areálu Nový rybník (https://szm.pb.cz/novy-rybnik/)"
"2890";"Výletní loď Blanice, Poděbrady - Nymburk";"Česká Republika";"Turistická známka";"Lodní doprava, Technické památky";"Nymburk";"Středočeský kraj";"TIC, Nám. T.G. Masaryka 210/17 (budova vlakového nádraží), Poděbrady (https://www.facebook.com/ticpodebrady/)
Výletní loď Blanice - přístaviště Poděbrady (http://www.polabinalodi.cz/)"
"2891";"Automoto Museum Lučany";"Česká Republika";"Turistická známka";"Skanzeny a muzea";"Jablonec nad Nisou";"Liberecký kraj";"Automoto Museum Lučany nad Nisou (https://www.automoto-museum.cz/)"
"2892";"Národopisné muzeum Plzeňska";"Česká Republika";"Turistická známka";"Skanzeny a muzea";"Plzeň-město";"Plzeňský kraj";"Národopisné muzeum Plzeňska, náměstí Republiky 13, Plzeň (https://zcm.cz/o-muzeu/objekty/narodopisne-muzeum-plzenska)"
"2893";"Dům přírody Pálavy";"Česká Republika";"Turistická známka";"Skanzeny a muzea, Přírodní útvary a místa";"Břeclav";"Jihomoravský kraj";"Dům přírody Pálavy (https://www.dumprirody.cz/palava/)"
"2894";"Městské muzeum v Jaroměři - Wenkův obchodní dům";"Česká Republika";"Turistická známka";"Skanzeny a muzea, Historické budovy a stavby";"Náchod";"Královéhradecký kraj";"Městské muzeum - Wenkův obchodní dům, Jaroměř (https://muzeumjaromer.cz/)"
"2895";"Hlavní nádraží Praha";"Česká Republika";"Turistická známka";"Technické památky, Historické budovy a stavby";"Praha";"Hlavní město Praha";"ČD Centrum, hl. nádraží Praha (http://www.ceskedrahy.cz/tiskove-centrum/fotogalerie/nadrazi/-1208/)"
"2896";"Historické město Bechyně";"Česká Republika";"Turistická známka";"Historická města, Vodácké řeky, Lužnice";"Tábor";"Jihočeský kraj";"Touristinformation, náměstí T. G. M. 5, Bechyně (http://www.visitbechyne.cz/)
Informační centrum, náměstí T. G. M. 140, Bechyně (https://www.kulturnidum.cz/)"
"2897";"Kostel Nanebevzetí Panny Marie v Gruntě";"Česká Republika";"Turistická známka";"Církevní památky";"Kutná Hora";"Středočeský kraj";"Kostel Nanebevzetí Panny Marie, Grunta (http://www.kostelgrunta.cz/)"
"2898";"Pipalův válcový mlýn v Šumicích";"Česká Republika";"Turistická známka";"Technické památky, Historické budovy a stavby";"Uherské Hradiště";"Zlínský kraj";"Pipalův mlýn, Šumice 81 (https://www.facebook.com/valcovymlynsumice)"
"2899";"Vodní nádrž Bedřichov";"Česká Republika";"Turistická známka";"Technické památky";"Liberec";"Liberecký kraj";"Infocentrum, Bedřichov (http://www.bedrichov.cz/)"
"2900";"Dřevěnky na Borku - Třinec";"Česká Republika";"Turistická známka";"Skanzeny a muzea";"Frýdek-Místek";"Moravskoslezský kraj";"Muzeum Třineckých Železáren, Frýdecká 387, Třinec (https://muzeumtz.cz/hlavni-stranka/1/uvod)
Dřevěnky na Borku, Třinec"
"2901";"Hrabalova chata, Kersko";"Česká Republika";"Turistická známka";"Skanzeny a muzea";"Nymburk";"Středočeský kraj";"Hrabalova chata, Kersko (https://www.polabskemuzeum.cz/mista/chata-bohumila-hrabala-kersko)"
"2902";"Centrum stavitelského dědictví Plasy";"Česká Republika";"Turistická známka";"Skanzeny a muzea, Historické budovy a stavby";"Plzeň-sever";"Plzeňský kraj";"Centrum stavitelského dědictví, Plasy (https://www.ntm.cz/pro-navstevniky/objekty/centrum-stavitelskeho-dedictvi-v-plasich)"
"2903";"Vodní nádrž Orlík";"Česká Republika";"Turistická známka";"Technické památky, Lodní doprava, Vltava";"Písek";"Jihočeský kraj";"Restaurace Kaskáda, Solenice (https://cs.wikipedia.org/wiki/Vodn%C3%AD_n%C3%A1dr%C5%BE_Orl%C3%ADk)"
"2904";"Památník krále Jiřího - zámek Poděbrady";"Česká Republika";"Turistická známka";"Skanzeny a muzea, Památníky";"Nymburk";"Středočeský kraj";"Polabské muzeum, Na Dláždění 68/25, Poděbrady (https://www.polabskemuzeum.cz/)
Zámek Poděbrady - Památník krále Jiřího z Poděbrad (https://www.polabskemuzeum.cz/)
Galerie Ludvíka Kuby Poděbrady"
"2905";"Vodojemy Žlutý kopec, Brno";"Česká Republika";"Turistická známka";"Technické památky";"Brno-město";"Jihomoravský kraj";"Vodojemy Žlutý kopec Brno (https://podzemibrno.cz/mista-v-podzemi/vodojemy-na-zlutem-kopci/)"
"2906";"Kostel sv. Mikuláše s kostnicí, Nížkov";"Česká Republika";"Turistická známka";"Církevní památky";"Žďár nad Sázavou";"Kraj Vysočina";"Obecní úřad, Nížkov (http://www.farnost-nizkov.cz/cs/kostnice)
Kostnice u kostela sv. Mikuláše, Nížkov (http://www.farnost-nizkov.cz/cs/kostnice)"
"2907";"Ostravské muzeum";"Česká Republika";"Turistická známka";"Skanzeny a muzea";"Ostrava-město";"Moravskoslezský kraj";"Ostravské muzeum, Masarykovo nám. 1, Ostrava (http://www.ostrmuz.cz/website/mainmenu/muzeum/)"
"2908";"Skalní obydlí Zderaz";"Česká Republika";"Turistická známka";"Přírodní útvary a místa";"Chrudim";"Pardubický kraj";"Turistické informační centrum Maštale, Borská 125, Proseč (https://www.mastale.cz/cs/tic-mastale-prosec)
Coop Jednota, Zderaz 100 (https://www.jednotahlinsko.cz/nabizime/nase-prodejni-site/184-zderaz)"
"2909";"Restaurace Hájenka Kersko";"Česká Republika";"Turistická známka";"Historické budovy a stavby, Stezky a trasy";"Nymburk";"Středočeský kraj";"Hájenka Kersko, Kersko (www.hajenka-kersko.cz)"
"2910";"Jezero Lhota";"Česká Republika";"Turistická známka";"Volnočasové areály";"Praha-východ";"Středočeský kraj";"Pokladny + recepce, Jezero Lhota, Lhota (https://www.jezero-lhota.cz/)"
"2911";"Lovecký zámeček Ostrov";"Česká Republika";"Turistická známka";"Zámky, Historické budovy a stavby, Krušné hory";"Karlovy Vary";"Karlovarský kraj";"Infocentrum Dům kultury, Mírové nám. 733, Ostrov (https://www.dk-ostrov.cz/)
Infocentrum Na Zámku Ostrov (https://www.icostrov.cz/informacni-centrum/)"
"2912";"Hrad Kalich, České středohoří";"Česká Republika";"Turistická známka";"Hrady, Pohoří, České středohoří";"Litoměřice";"Ústecký kraj";"Infocentrum, Masarykova 2, Třebenice (mesto-trebenice.cz)
Hrad Kalich - kastelánský přístřešek (https://www.hrady-ceskeho-stredohori.cz/pages/hrad-kalich.html)"
"2913";"Hrad Panna, České středohoří";"Česká Republika";"Turistická známka";"Hrady, Pohoří, České středohoří";"Litoměřice";"Ústecký kraj";"Infocentrum, Masarykova 2, Třebenice (mesto-trebenice.cz)
Hrad Kalich - kastelánský přístřešek (https://www.hrady-ceskeho-stredohori.cz/pages/hrad-kalich.html)"
"2914";"Vyhlídka u Zámečku, Lovosice";"Česká Republika";"Turistická známka";"Rozhledny a vyhlídky";"Litoměřice";"Ústecký kraj";"Informační centrum Lovosice (http://www.meulovo.cz/)"
"2915";"Habánské sklepy Velké Bílovice";"Česká Republika";"Turistická známka";"Vinařské obce";"Břeclav";"Jihomoravský kraj";"Vinotéka Habánské sklepy, Čejkovská 1324, Velké Bílovice (https://www.habanskesklepy.cz/#o-nas)"
"2916";"Letohrádek Portz Insel";"Česká Republika";"Turistická známka";"Zámky";"Břeclav";"Jihomoravský kraj";"Bistro Portz Insel (https://www.vinocibulka.cz/letohradek/)
Letohrádek Portz Insel (https://www.vinocibulka.cz/letohradek/)"
"2917";"Historický pivovar Rožmberk";"Česká Republika";"Turistická známka";"Historické pivovary, Vltava";"Český Krumlov";"Jihočeský kraj";"Hotel u Martina, Rožmberk nad Vltavou (https://www.hotelrozmberk.cz/)
Pivovar Rožmberk (www.pivovarrozmberk.cz)"
"2918";"Hraniční zámeček - Chateau De Frontiere";"Česká Republika";"Turistická známka";"Zámky, Lednicko-valtický areál";"Břeclav";"Jihomoravský kraj";"Hotel Hraniční zámeček, K Zámečku 16, Hlohovec u Břeclavi (https://www.hranicnizamecek.cz/index.php?lang=cz)"
"2919";"Vltavotýnské podzemí";"Česká Republika";"Turistická známka";"Technické památky, Vltava";"České Budějovice";"Jihočeský kraj";"Infocentrum, náměstí Míru 1, Týn nad Vltavou (http://www.tnv.cz/)"
"2920";"Městské muzeum Týn nad Vltavou";"Česká Republika";"Turistická známka";"Skanzeny a muzea, Historické budovy a stavby, Vltava";"České Budějovice";"Jihočeský kraj";"Infocentrum, náměstí Míru 1, Týn nad Vltavou (http://www.tnv.cz/)"
"2921";"Židovský hřbitov Břeclav";"Česká Republika";"Turistická známka";"Církevní památky, Historické budovy a stavby";"Břeclav";"Jihomoravský kraj";"Turistické informační centrum, U Tržiště 8, Břeclav (http://breclav.eu/kultura-a-volny-cas/oteviraci-doba-a-kontakty)"
"2922";"Moře u rybníka Řeka";"Česká Republika";"Turistická známka";"Stezky a trasy, Volnočasové areály, Žďárské vrchy";"Havlíčkův Brod";"Kraj Vysočina";"Moře u rybníka Řeka, historická plovárna (http://www.morerybnikreka.cz/)"
"2923";"Huť Marie 1904, Josefův Důl";"Česká Republika";"Turistická známka";"Technické památky";"Jablonec nad Nisou";"Liberecký kraj";"Huť Marie, Josefův Důl (https://www.hutmarie.cz/)"
"2924";"Pomník císaře Karla VI., Hlavenec";"Česká Republika";"Turistická známka";"Památná místa a obce, Památníky";"Praha-východ";"Středočeský kraj";"Hostinec u Jelena, Hlavenec 61, Hlavenec (https://www.facebook.com/hostinecujelenahlavenec/about)"
"2925";"Veselské pískovny";"Česká Republika";"Turistická známka";"Přírodní útvary a místa, Stezky a trasy, Lužnice";"Tábor";"Jihočeský kraj";"Infocentrum, Veselí nad Lužnicí (http://www.veseli.cz/)"
"2926";"Domek v Potoku, Bojkovice";"Česká Republika";"Turistická známka";"Skanzeny a muzea";"Uherské Hradiště";"Zlínský kraj";"Muzeum Bojkovska, Bojkovice (http://www.muzeumbojkovska.cz/)"
"2927";"Family park Česká Skalice";"Česká Republika";"Turistická známka";"Zoologické zahrady";"Náchod";"Královéhradecký kraj";"Zoopark Česká Skalice, Jiráskova ulice, Česká Skalice (https://zooparkceskaskalice.cz/)"
"2928";"Chrámce - hlavní město hruškovice";"Česká Republika";"Turistická známka";"Vinařské obce";"Most";"Ústecký kraj";"Návštěvnické centrum - Zámecké sady Chrámce (https://www.zameckesadychramce.com/)"
"2929";"Dům přírody Bílých Karpat, Veselí nad Moravou";"Česká Republika";"Turistická známka";"Skanzeny a muzea, Přírodní útvary a místa, Bílé Karpaty";"Hodonín";"Jihomoravský kraj";"Dům přírody Bílých Karpat (https://www.dumprirody.cz/bilekarpaty/)"
"2930";"Sluneční lázně, Luhačovice";"Česká Republika";"Turistická známka";"Skanzeny a muzea, Lázně";"Zlín";"Zlínský kraj";"Sluneční lázně Luhačovice, Leoše Janáčka 97, Luhačovice (https://www.slunecni-lazne.cz/)"
"2931";"Továrna Vír";"Česká Republika";"Turistická známka";"Technické památky, Volnočasové areály";"Žďár nad Sázavou";"Kraj Vysočina";"TIC Továrna Vír (https://www.tovarnavir.cz)"
"2932";"Stránovský viadukt - Krnsko";"Česká Republika";"Turistická známka";"Technické památky";"Mladá Boleslav";"Středočeský kraj";"Veřejná knihovna, Krnsko 41, Krnsko (https://www.krnsko.cz/obec-7/historie/stranovsky-viadukt/)"
"2933";"Futureum - dolní oblast Vítkovice";"Česká Republika";"Turistická známka";"Technické památky";"Ostrava-město";"Moravskoslezský kraj";"Futureum - recepce muzea (https://futureum.cz/)"
"2934";"Zámek Poláky";"Česká Republika";"Turistická známka";"Zámky, Ohře";"Chomutov";"Ústecký kraj";"Zámek Poláky, Poláky 26 (https://zamek-polaky.cz/)"
"2935";"Svět pod hladinou, Frymburk";"Česká Republika";"Turistická známka";"Zoologické zahrady, Vltava, Šumava";"Český Krumlov";"Jihočeský kraj";"Svět pod hladinou, Frymburk 140, Frymburk (https://www.hotelfrymburk.cz/svet-pod-hladinou)"
"2936";"Vinařská obec Pouzdřany";"Česká Republika";"Turistická známka";"Vinařské obce";"Břeclav";"Jihomoravský kraj";"Dobrý kafe, Hřbitovní 344, Pouzdřany (https://www.pouzdrany.cz/)
Vinařství Kolby, Česká ev. 51, Pouzdřany (https://www.pouzdrany.cz/)"
"2937";"Poutní obec Zašová";"Česká Republika";"Turistická známka";"Církevní památky, Památná místa a obce";"Vsetín";"Zlínský kraj";"iCafé, Kulturní dům Zašová 809, Zašová (https://www.zasova.cz/)"
"2938";"Barunčina škola, Česká Skalice";"Česká Republika";"Turistická známka";"Skanzeny a muzea, Historické budovy a stavby";"Náchod";"Královéhradecký kraj";"Suvenýry, Ratibořice 5 (https://www.sites.google.com/site/kniharstviuvasatujaromer/)
Muzeum Boženy Němcové - Barunčina škola, Boženy Němcové 9, Česká Skalice (https://www.muzeumbn.cz/expozice/baruncina-skola/)"
"2939";"Rozhledna Pětnice";"Česká Republika";"Turistická známka";"Rozhledny a vyhlídky";"Strakonice";"Jihočeský kraj";"Městské muzeum Horažďovice, TIC - zámek
Infocentrum, tř. J. P. Koubka 4, Blatná (http://www.mesto-blatna.cz/volny-cas/informacni-centrum/)
Rozhledna Pětnice - v otevíracích hodinách: https://kpr.kvalitne.cz/rozhledna-petnice/ (https://kpr.kvalitne.cz/rozhledna-petnice/)"
"2940";"Muzeum psacích strojů, Kraselov";"Česká Republika";"Turistická známka";"Skanzeny a muzea";"Strakonice";"Jihočeský kraj";"Vodní mlýn Hoslovice (https://www.muzeum-st.cz/cs/mlyn-hoslovice/)
Muzeum psacích strojů, Kraselov (https://www.muzeumpsacichstroju.cz/)"
"2941";"Vranovská přehrada";"Česká Republika";"Turistická známka";"Technické památky, Volnočasové areály";"Znojmo";"Jihomoravský kraj";"Infocentrum, Náměstí 47, Vranov nad Dyjí (http://www.navstivtevranovsko.cz/cs/)
Autocamping Vranovská pláž (http://www.vranovska-plaz.cz/)"
"2942";"Ekocentrum Vydra Třeboň";"Česká Republika";"Turistická známka";"Zoologické zahrady";"Jindřichův Hradec";"Jihočeský kraj";"TIC, Masarykovo náměstí 1, Třeboň (http://www.itrebon.cz/)
Ekocentrum Vydra, Třeboň (https://www.ekocentrumvydra.cz/)"
"2943";"Hvězdárna v Rokycanech a Plzni";"Česká Republika";"Turistická známka";"Technické památky, Hvězdárny";"Rokycany";"Plzeňský kraj";"Hvězdárna, Voldušská 721, Rokycany
Hvězdárna, U Dráhy 306/11, Plzeň 3"
"2944";"Kostel sv. Jakuba Většího, Libiš";"Česká Republika";"Turistická známka";"Církevní památky";"Mělník";"Středočeský kraj";"Turistické Informační centrum, nám. Republiky 1399, Neratovice (http://www.neratovice.cz/)
Obecní úřad Libiš, Mělnická 579, Libiš (https://www.kostel-sv-jakuba-vetsiho-v-obci-libis.cz/)
Kostel sv. Jakuba Většího - při prohlídce (https://www.kostel-sv-jakuba-vetsiho-v-obci-libis.cz/)"
"2945";"Památník Petra Bezruče, Opava";"Česká Republika";"Turistická známka";"Skanzeny a muzea, Památníky";"Opava";"Moravskoslezský kraj";"Památník Petra Bezruče, Ostrožná 11/35, Opava (https://www.szm.cz/rubrika/33/expozicni-arealy/pamatnik-p-bezruce-opava.html)"
"2946";"Srub Petra Bezruče, Ostravice";"Česká Republika";"Turistická známka";"Skanzeny a muzea, Památná místa a obce";"Opava";"Moravskoslezský kraj";"Turistické informační centrum, Ostravice 400 (http://infocentrumostravice.cz/)
Srub Petra Bezruče, Ostravice 1175 (https://www.szm.cz/rubrika/49/expozicni-arealy/srub-p-bezruce-ostravice.html)"
"2947";"Kaple Panny Marie Bolestné v Nesvačilce";"Česká Republika";"Turistická známka";"Církevní památky";"Brno-venkov";"Jihomoravský kraj";"Kaple Panny Marie Bolestné, Nesvačilka (http://www.kaplenesvacilka.cz/)
Vinařství Husák, Nesvačilka 69, Nesvačilka (http://www.kaplenesvacilka.cz/)
Orlovna Moutnice, Moutnice 154, Moutnice (http://www.kaplenesvacilka.cz/)"
"2948";"Vřídlo a jeho podzemí, Karlovy Vary";"Česká Republika";"Turistická známka";"Technické památky, Lázně, Ohře";"Karlovy Vary";"Karlovarský kraj";"Vřídelní kolonáda, Divadelní nám. 2036/2, Karlovy Vary (https://splzak.cz/cs)
Stánek naproti Kina Čas,T. G. Masaryka, Karlovy Vary
Infocentrum, Mariánskolázeňská 2, Karlovy Vary (https://www.karlovyvary.cz/cs)
Mlýnská kolonáda - prodej suvenýrů Karlovy Vary (karlovyvary.cz)"
"2949";"PORT 1560 Český Krumlov";"Česká Republika";"Turistická známka";"Skanzeny a muzea, Historická města, Vltava";"Český Krumlov";"Jihočeský kraj";"PORT 1560 (https://www.port1560.cz/)"
"2950";"Muzeum české lékárny U Zlatého lva, Hradec Králové";"Česká Republika";"Turistická známka";"Skanzeny a muzea";"Hradec Králové";"Královéhradecký kraj";"Muzeum české lékárny U Zlatého lva, Velké náměstí 29, Hradec Králové (https://www.ipcgroup.cz/muzeum)"
"2951";"Knihodělna Strakonice - Muzeum a dílna";"Česká Republika";"Turistická známka";"Skanzeny a muzea, Otava";"Strakonice";"Jihočeský kraj";"Knihodělna, dílna a muzeum Bedřicha Zákosteleckého - Šmidingerova knihovna Strakonice (https://www.knihodelna.cz/)"
"2952";"Dům přírody Hodonínské Dúbravy";"Česká Republika";"Turistická známka";"Skanzeny a muzea, Přírodní útvary a místa";"Hodonín";"Jihomoravský kraj";"Dům přírody Hodonínské Dúbravy, Lipová alej 19, Hodonín (https://www.dumprirody.cz/hodoninska-dubrava/)"
"2953";"Zámek Neustupov";"Česká Republika";"Turistická známka";"Zámky";"Benešov";"Středočeský kraj";"Zámek Neustupov - při prohlídce zámku: www.zamek-neustupov.cz (https://www.amhz.cz/zamek/neustupov)"
"2954";"Bohumínská modelová železnice";"Česká Republika";"Turistická známka";"Skanzeny a muzea, Železnice";"Karviná";"Moravskoslezský kraj";"Bohumínská modelová železnice, Štefánikova 361, Bohumín (https://www.bohuminskamodelovazeleznice.cz/)"
"2955";"Muzeum numismatiky Cheb";"Česká Republika";"Turistická známka";"Skanzeny a muzea";"Cheb";"Karlovarský kraj";"Muzeum numismatiky, Židovská 416/17, Cheb (https://www.mncheb.cz/)"
"2956";"Muzeum betlémů Kryštofovo Údolí";"Česká Republika";"Turistická známka";"Skanzeny a muzea, Technické památky";"Liberec";"Liberecký kraj";"Obecní úřad, Kryštofovo Údolí (http://www.krystofovoudoli.cz/)
Muzeum betlémů Kryštofovo Údolí (https://www.betlemyku.cz/)"
"2957";"Vodní nádrž Mšeno";"Česká Republika";"Turistická známka";"Technické památky";"Jablonec nad Nisou";"Liberecký kraj";"Infocentrum, Kostelní 1/6, Jablonec nad Nisou (http://www.jablonec.com)
Turisitcké informační centrum v radnici, Mírové náměstí 19, Jablonec nad Nisou (http://www.jablonec.com)"
"2958";"Oranžérie zámku Dobříš";"Česká Republika";"Turistická známka";"Zámky";"Příbram";"Středočeský kraj";"Zámek Dobříš (suvenýry) (https://zamekdobris.cz/cs/)"
"2959";"Rozhledna Vyšicko";"Česká Republika";"Turistická známka";"Rozhledny a vyhlídky";"Hodonín";"Jihomoravský kraj";"Obecní úřad - podatelna, Masarykova 200, Mutěnice (http://www.mutenice.cz/)
Informační centrum, Malá Strana 262, 69611 Mutěnice (https://mutenice.cz/default/default/10167_pamatky-a-zajimavosti-v-okoli)"
"2960";"Rozhledna Na Pasece";"Česká Republika";"Turistická známka";"Rozhledny a vyhlídky";"Benešov";"Středočeský kraj";"Městský úřad Trhový Štěpánov (www.trhovystepanov.cz)
Infocentrum - společenský dům, Vlašimská 61, Trhový Štěpánov (https://www.rozhlednanapasece.cz/)"
"2961";"Rezervace velkých kopytníků Milovice, NPP Mladá";"Česká Republika";"Turistická známka";"Zoologické zahrady, CHKO a rezervace";"Nymburk";"Středočeský kraj";"Turistické informační centrum, Nám. 30.června 507, Milovice (http://volnycas.mesto-milovice.cz/cs/)
Skočna, Ostravská 480, Milovice (https://skocna.cz)"
"2962";"Zvonice Bílý Újezd";"Česká Republika";"Turistická známka";"Církevní památky";"Rychnov nad Kněžnou";"Královéhradecký kraj";"Obecní úřad, Bílý Újezd (https://www.bilyujezd.cz/bu/kronika/ch23.html)
Zvonice Bílý Újezd - samoobslužný provoz - kód ke skříňce: 6480 (https://www.bilyujezd.cz/bu/kronika/ch23.html)"
"2963";"Sklárna Janštejn";"Česká Republika";"Turistická známka";"Technické památky, Historické budovy a stavby";"Jihlava";"Kraj Vysočina";"Sklárna Janštejn, Janštejn 39, Horní Dubenky (www.janstejn.cz)"
"2964";"Spalovna odpadu - ZEVO Plzeň";"Česká Republika";"Turistická známka";"Technické památky";"Plzeň-město";"Plzeňský kraj";"ZEVO Plzeň, Chotíkov 492 (https://www.pltep.cz/ZEVO-turisticke-znamky-nalepky/)"
"2965";"iQLANDIA Liberec";"Česká Republika";"Turistická známka";"Skanzeny a muzea, Volnočasové areály, Technické památky";"Liberec";"Liberecký kraj";"Centrum Babylon, Nitranská 415/1, Liberec (https://www.centrumbabylon.cz/)
iQLANDIA, Nitranská 410/10, Liberec (https://iqlandia.cz/)"
"2966";"Národní zemědělské muzeum Ostrava";"Česká Republika";"Turistická známka";"Skanzeny a muzea";"Ostrava-město";"Moravskoslezský kraj";"Národní zemědělské muzeum Ostrava (https://www.nzm.cz/navstivte-nas/oteviraci-doba/nzm-ostrava)"
"2967";"Papilonia - motýlí dům Teplice";"Česká Republika";"Turistická známka";"Skanzeny a muzea";"Teplice";"Ústecký kraj";"Papilonia – motýlí dům Teplice, Olympia Teplice (https://papilonia.cz/cs)"
"2968";"Přemyslovské hradiště Libušín";"Česká Republika";"Turistická známka";"Církevní památky, Stezky a trasy, Památná místa a obce";"Kladno";"Středočeský kraj";"Restaurace RACEK, Srby 23 (https://www.csopkladensko.cz/hradiste-libusin/)"
"2969";"Lázně Bělohrad – Byšičky";"Česká Republika";"Turistická známka";"Církevní památky, Lázně";"Jičín";"Královéhradecký kraj";"Turistické informační centrum - náměstí K. V. Raise, Lázně Bělohrad (http://www.lazne-belohrad.cz/mesto/informacni-centrum/)"
"2970";"Zámek a muzeum Mšec";"Česká Republika";"Turistická známka";"Historická města, Skanzeny a muzea";"Rakovník";"Středočeský kraj";"Muzeum Mšec, Valentova 46, Mšec (https://www.obecmsec.cz/servis-pro-obcany/muzeum-msec/)"
"2971";"Moravská zemská knihovna - Knihovna Milana Kundery - Brno";"Česká Republika";"Turistická známka";"Technické památky";"Brno-město";"Jihomoravský kraj";"Moravská zemská knihovna - Knihovna Milana Kundery - Brno (https://www.mzk.cz/)"
"2972";"Ringhofferova hrobka, Kamenice";"Česká Republika";"Turistická známka";"Církevní památky, Památníky";"Praha-východ";"Středočeský kraj";"Kulturní centrum, Ringhofferovo nám. 434, Kamenice (http://kckamenice.cz/)"
"2973";"Hvězdárna a planetárium dr. Zdeňka Kvíze, Třebíč";"Česká Republika";"Turistická známka";"Hvězdárny";"Třebíč";"Kraj Vysočina";"Hvězdárna a planetárium dr. Zdeňka Kvíze, Švabinského 1310/5, Třebíč (https://www.planetariumtrebic.cz/)"
"2974";"Clam-Gallasův palác, Praha";"Česká Republika";"Turistická známka";"Historické budovy a stavby";"Praha";"Hlavní město Praha";"Clam-Gallasův palác, Husova 158/20, Praha 1 (https://www.muzeumprahy.cz/objekty/clam-gallasuv-palac-12)"
"2975";"Lázně Evženie, Klášterec nad Ohří";"Česká Republika";"Turistická známka";"Lázně, Vodácké řeky, Ohře";"Chomutov";"Ústecký kraj";"Infocentrum a pitný pavilon, Lázně Evžénie
Infocentrum pod radnicí, nám. Dr. E. Beneše 85, Klášterec nad Ohří (http://www.muklasterec.cz/)"
"2976";"Výstavní prostor Mázhaus, Pardubice";"Česká Republika";"Turistická známka";"Historické budovy a stavby, Skanzeny a muzea";"Pardubice";"Pardubický kraj";"Výstavní prostor Mázhaus, Pardubice (https://www.mazhauspardubice.cz/)"
"2977";"Panství Velichov - sklářský ráj";"Česká Republika";"Turistická známka";"Skanzeny a muzea, Volnočasové areály, Přírodní útvary a místa";"Ústí nad Labem";"Ústecký kraj";"Panství Velichov, Velichov 116, Velké Březno (https://www.panstvivelichov.cz/)"
"2978";"Schwarzenberská hrobka, Třeboň";"Česká Republika";"Turistická známka";"Církevní památky, Památníky, Historické budovy a stavby";"Jindřichův Hradec";"Jihočeský kraj";"Papírnictví - hračky, Masarykovo nám. 85, Třeboň
Schwarzenberská hrobka, Třeboň - Domanín (https://www.schwarzenberska-hrobka.cz/cs)
TIC, Masarykovo náměstí 1, Třeboň (http://www.itrebon.cz/)
Zámecké infocentrum, Zámek 57 (I. zámecké nádvoří) (http://www.unios.cz/)"
"2979";"Vojenské muzeum a tankodrom Milovice";"Česká Republika";"Turistická známka";"Skanzeny a muzea, Technické památky";"Nymburk";"Středočeský kraj";"Tankodrom Milovice (https://www.tankodrommilovice.cz/)"
"2980";"Levandulová farma Starovičky";"Česká Republika";"Turistická známka";"Zahrady a parky";"Břeclav";"Jihomoravský kraj";"Levandulová farma, Starovičky 350 (https://www.levandulezmoravy.cz/)"
"2981";"Vodní nádrž Fláje";"Česká Republika";"Turistická známka";"Technické památky, Krušné hory";"Most";"Ústecký kraj";"Bistro Fláje, Český Jiřetín - Fláje"
"2982";"Vraňansko-hořínský plavební kanál";"Česká Republika";"Turistická známka";"Technické památky, Lodní doprava, Vltava";"Mělník";"Středočeský kraj";"Turistické informační centrum Mělník, Náměstí míru 51/18 (http://www.mekuc.cz/)
Farma Vraňany Hanč, Vraňany 240 (www.farmavranany.cz)"
"2983";"Kočkovité šelmy Chvojenec";"Česká Republika";"Turistická známka";"Zoologické zahrady";"Pardubice";"Pardubický kraj";"Kočkovité šelmy, Chvojenec č.p.194 (https://kockoviteselmy.cz/)"
"2984";"Zámek Zlín";"Česká Republika";"Turistická známka";"Zámky, Historické budovy a stavby";"Zlín";"Zlínský kraj";"Zámek Zlín, Soudní 1, Zlín (https://www.kulturazlin.cz/)"
"2985";"Trampské muzeum Doudleby nad Orlicí";"Česká Republika";"Turistická známka";"Skanzeny a muzea";"Rychnov nad Kněžnou";"Královéhradecký kraj";"Zámek Doudleby nad Orlicí (http://www.zamek-doudleby.cz/)"
"2986";"Zámek Pětipsy";"Česká Republika";"Turistická známka";"Zámky";"Chomutov";"Ústecký kraj";"Zámek Pětipsy (https://www.vialevamente.cz/o-zamku/uvod/)"
"2987";"Rozhledna U borovice";"Česká Republika";"Turistická známka";"Rozhledny a vyhlídky";"Liberec";"Liberecký kraj";"Rozhledna U borovice, Roprachtice (https://uborovice.cz/)"
"2988";"Kostel sv. Anny, Nové Dvory u Kutné Hory";"Česká Republika";"Turistická známka";"Církevní památky";"Kutná Hora";"Středočeský kraj";"Informační centrum, Zámecká 279, Kutná Hora - Sedlec (https://www.sedlec.info/)"
"2989";"Šternberský dvůr pod Zelenou Horou, Nepomuk";"Česká Republika";"Turistická známka";"Historické budovy a stavby";"Plzeň-jih";"Plzeňský kraj";"Galerie Sýpka, Šternberk na Zelené Hoře, Klášter 76 (https://www.sternberknazelenehore.cz/)"
"2990";"Kostel sv. Markéty, Jaroměřice nad Rokytnou";"Česká Republika";"Turistická známka";"Církevní památky, Historické budovy a stavby";"Třebíč";"Kraj Vysočina";"Infocentrum, Jaroměřice nad Rokytnou (jaromericenr.cz)
Kostel sv. Markéty, Helfertova ul., Jaroměřice nad Rokytnou (pokladna v zadní části kostela) (https://www.kosteljaromerice.cz/)"
"2991";"Vila Primavesi, Olomouc";"Česká Republika";"Turistická známka";"Historické budovy a stavby";"Olomouc";"Olomoucký kraj";"Kavárna Kafec, Vila Primavesi (https://www.kafec.cz/)
Vila Primavesi - historická část, před prohlídkou (https://www.vilaprimavesi.cz/en/home/)"
"2992";"Menhir Zakletý mnich, Drahomyšl";"Česká Republika";"Turistická známka";"Památná místa a obce, Přírodní útvary a místa";"Louny";"Ústecký kraj";"Bistro Dobrá polívka, Drahomyšl 36, Lipno - Drahomyšl (https://www.dobrapolivka.cz/)"
"2993";"Velký Mehelník";"Česká Republika";"Turistická známka";"Přírodní útvary a místa, Stezky a trasy";"Písek";"Jihočeský kraj";"Turistické informační centrum, Velké nám. 1/24, Písek (http://www.piseckem.cz)"
"2994";"Hrad Litýš, České středohoří";"Česká Republika";"Turistická známka";"Hrady, Pohoří, České středohoří";"Litoměřice";"Ústecký kraj";"Infocentrum, Masarykova 2, Třebenice (mesto-trebenice.cz)
Hrad Kalich - kastelánský přístřešek (https://www.hrady-ceskeho-stredohori.cz/pages/hrad-kalich.html)"
"2995";"Blatná - město růží";"Česká Republika";"Turistická známka";"Historická města";"Strakonice";"Jihočeský kraj";"Infocentrum, tř. J. P. Koubka 4, Blatná (http://www.mesto-blatna.cz/volny-cas/informacni-centrum/)
Muzeum Blatná, Nám. Míru 212, Blatná (https://www.plantaz-blatna.cz/mista/muzeum/)"
"2996";"Muzeum Dr. Aleše Hrdličky, Humpolec";"Česká Republika";"Turistická známka";"Skanzeny a muzea, Historické budovy a stavby";"Pelhřimov";"Kraj Vysočina";"Infocentrum, Havlíčkovo náměstí 91, Humpolec (infohumpolec.cz)
Muzeum Dr. Aleše Hrdličky, Horní náměstí 273, Humpolec (http://infohumpolec.cz/muzeum/)"
"2997";"Vyhlídková věž kostela sv. Mikuláše, Velké Meziříčí";"Česká Republika";"Turistická známka";"Církevní památky, Rozhledny a vyhlídky";"Žďár nad Sázavou";"Kraj Vysočina";"Turistické informační centrum Velké Meziříčí, Radnická 29/1 (http://www.velkemezirici.cz/)"
"2998";"Bunkr Přáslavice";"Česká Republika";"Turistická známka";"Válečné památníky, Technické památky";"Olomouc";"Olomoucký kraj";"Bunkr Přáslavice, Přáslavice 335 (https://www.bunkrpraslavice.cz/)"
"2999";"Thunovský palác - Poslanecká sněmovna Parlamentu České republiky Praha";"Česká Republika";"Turistická známka";"Historické budovy a stavby";"Praha";"Hlavní město Praha";"Informační centrum Poslanecké sněmovny, Praha (https://www.psp.cz/sqw/hp.sqw?k=8)"
"3000";"Návštěvnické centrum ČNB, Praha";"Česká Republika";"Turistická známka";"Skanzeny a muzea, Historické budovy a stavby";"Praha";"Hlavní město Praha";"Návštěvnické centrum ČNB (https://nc.cnb.cz/pub/cs/)"
"3001";"Památník Antonína Sovy, Lukavec";"Česká Republika";"Turistická známka";"Památníky";"Pelhřimov";"Kraj Vysočina";"Městys Lukavec, náměstí Sv. Václava 67 - 1. patro, Lukavec (https://www.lukaveckyhribek.cz/)
Pošta Partner, náměstí Sv. Václava 67 - přízemí, Lukavec (https://www.lukaveckyhribek.cz/)"
"3002";"Naučná stezka BBO s vyhlídkou Novosady, Křepice";"Česká Republika";"Turistická známka";"Památníky, Skanzeny a muzea, Válečné památníky, Rozhledny a vyhlídky";"Břeclav";"Jihomoravský kraj";"Obecní úřad Křepice (https://www.krepice.cz/turistika-a-priroda/)
Obecní hostinec Křepice (https://www.krepice.cz/turistika-a-priroda/)
Česká pošta Křepice (https://www.krepice.cz/turistika-a-priroda/)"
"3003";"Muzeum hraček, Krupka";"Česká Republika";"Turistická známka";"Skanzeny a muzea, Krušné hory";"Teplice";"Ústecký kraj";"Muzeum hraček, Husitská 195/16, Krupka (https://muzeumhracekkrupka.cz/)"
"3004";"Zámek Všechovice";"Česká Republika";"Turistická známka";"Zámky";"Přerov";"Olomoucký kraj";"Zámek Všechovice (https://zamek-vsechovice.cz/)
Hostinec u Koblihů, Všechovice 299, Všechovice (https://zamek-vsechovice.cz/)"
"3005";"Stříbrný dům, Jihlava";"Česká Republika";"Turistická známka";"Historické budovy a stavby";"Jihlava";"Kraj Vysočina";"Stříbrný dům, Masarykono nám. 636/21, Jihlava (https://www.dojihlavy.cz/mista/stribrny-dum)"
"3006";"Synagoga Kolín";"Česká Republika";"Turistická známka";"Církevní památky, Historické budovy a stavby";"Kolín";"Středočeský kraj";"Městské informační centrum, Na Hradbách 157, Kolín (http://www.mukolin.cz/)
Turistické informační centrum Kolín, Karlovo náměstí 8, Kolín (http://www.muzeumkolin.cz/)"
"3007";"Vila Wittal, Brno";"Česká Republika";"Turistická známka";"Historické budovy a stavby, Skanzeny a muzea";"Brno-město";"Jihomoravský kraj";"Špilberk - prodejna suvenýrů (http://www.spilberk.cz/)"
"3008";"Zážitkový park Zeměráj";"Česká Republika";"Turistická známka";"Archeo, Volnočasové areály";"Písek";"Jihočeský kraj";"Zeměráj - zážitkový park, Kovářov (https://www.zemeraj.cz/)"
"3009";"Zámek Liptál";"Česká Republika";"Turistická známka";"Zámky";"Vsetín";"Zlínský kraj";"Obecní úřad Liptál (https://www.liptal.cz/index.php?page=historie&sub=obec)
Informační centrum Liptál
Zámek Liptál (https://liptal.cz/spol/zamek-liptal)"
"3010";"Památník holokaustu Romů a Sintů na Moravě - Hodonín u Kunštátu";"Česká Republika";"Turistická známka";"Skanzeny a muzea, Památníky, Válečné památníky";"Blansko";"Jihomoravský kraj";"TIC, Masarykovo nám. 1, Bystřice nad Pernštejnem (https://info.bystricenp.cz/)
Památník holokaustu Romů a Sintů, Hodonín u Kunštátu 76 (https://www.rommuz.cz/cs/hodonin-u-kunstatu/)"
"3011";"Mořský svět, Praha";"Česká Republika";"Turistická známka";"Zoologické zahrady";"Praha";"Hlavní město Praha";"Mořský svět, U Výstaviště 419/4, Praha 7 - Bubeneč (https://morskysvet.cz/)"
"3012";"Výhledna Bořanovice";"Česká Republika";"Turistická známka";"Rozhledny a vyhlídky";"Praha-východ";"Středočeský kraj";"Grillbar U Bubeníka, Bořanovice (https://www.boranovice.cz/?id=1150806&action=detail)"
"3013";"Zámeček Staré Ždánice";"Česká Republika";"Turistická známka";"Zámky, Historické budovy a stavby";"Pardubice";"Pardubický kraj";"Zámeček Staré Ždánice č.p.96 (https://nathanielfilip.cz/zamek/)"
"3014";"Muzeum a galerie v Prostějově, Špalíček";"Česká Republika";"Turistická známka";"Skanzeny a muzea";"Prostějov";"Olomoucký kraj";"Muzeum a galerie, náměstí T. G. Masaryka 2, Prostějov (http://www.muzeumpv.cz/)
Galerie Špalíček, Uprkova 18, Prostějov (http://www.muzeumpv.cz/)"
"3015";"Krafferova zahrada, Jindřichův Hradec";"Česká Republika";"Turistická známka";"Zahrady a parky";"Jindřichův Hradec";"Jihočeský kraj";"Krafferova zahrada, Jindřichův Hradec (https://krafferovazahrada.cz/)"
"3016";"Kostel sv. Prokopa, Bezděkov nad Metují";"Česká Republika";"Turistická známka";"Církevní památky, Broumovské mezihoří";"Náchod";"Královéhradecký kraj";"Infocentrum, Masarykovo nám. 75, Police nad Metují (www.policko.cz)
Obecní úřad Bezděkov nad Metují (https://www.bezdekov.org/obec-7/pamatky/kostel-sv-prokopa/)"
"3017";"Chorvatský dům, Jevišovka";"Česká Republika";"Turistická známka";"Skanzeny a muzea";"Břeclav";"Jihomoravský kraj";"Chorvatský dům, Jevišovka 1 (https://www.moravstichorvati.cz/)"
"3018";"IAM Illusion Art Museum, Praha";"Česká Republika";"Turistická známka";"Skanzeny a muzea";"Praha";"Hlavní město Praha";"IAM Illusion Art Museum, Praha (https://iamprague.eu/)"
"3019";"Železná panna, České Budějovice";"Česká Republika";"Turistická známka";"Historické budovy a stavby, Skanzeny a muzea";"České Budějovice";"Jihočeský kraj";"Turistické informačním centrum, nám. Přemysla Otakara II., České Budějovice, radnice, vchod č.2 (c-budejovice.cz)
Železná panna, Zátkovo nábřeží 461/15, České Budějovice (https://www.mestaotakarova.cz/cs/stala-expozice/)"
"3020";"Mlýn Týniště č.p.27, Zubrnice";"Česká Republika";"Turistická známka";"Historické budovy a stavby, Technické památky";"Ústí nad Labem";"Ústecký kraj";"Muzeum v přírodě Zubrnice (https://www.nmvp.cz/zubrnice)"
"3021";"Pivovar Holanďan, Hlízov";"Česká Republika";"Turistická známka";"Historické pivovary";"Kutná Hora";"Středočeský kraj";"Kavárna Holanďan, Hlízov 230 (https://www.pivovarholandan.cz/)"
"3022";"Zámek Česká Kamenice";"Česká Republika";"Turistická známka";"Zámky";"Děčín";"Ústecký kraj";"Informační centrum, nám. Míru 122, Česká Kamenice (https://ceska-kamenice.cz/turista/)"
"3023";"Letenský kolotoč NTM, Praha";"Česká Republika";"Turistická známka";"Technické památky";"Praha";"Hlavní město Praha";"Národní technické muzeum Praha, Kostelní 42 (www.ntm.cz)"
"3024";"Hlučínské jezero";"Česká Republika";"Turistická známka";"Přírodní útvary a místa";"Opava";"Moravskoslezský kraj";"Hlučínské jezero - hlavní pokladna (1. 5. - 30. 9.), Celní 1731/12a, Hlučín (https://www.sak-hlucin.cz/cs/sport-a-relaxace/hlucinske-jezero/a-889/)
Kulturní dům Hlučín, Ostravská 124/18, Hlučín (https://www.sak-hlucin.cz/cs/sport-a-relaxace/hlucinske-jezero/a-889/)"
"3025";"Farmapark Dobřany";"Česká Republika";"Turistická známka";"Zoologické zahrady";"Plzeň-jih";"Plzeňský kraj";"Farmapark Dobřany, Dobřany 1254 (https://www.farmaparkdobrany.cz/)"
"3026";"Kostel sv. Jana Křtitele, Paštiky";"Česká Republika";"Turistická známka";"Církevní památky";"Strakonice";"Jihočeský kraj";"Infocentrum, tř. J. P. Koubka 4, Blatná (http://www.mesto-blatna.cz/volny-cas/informacni-centrum/)
Muzeum Blatná, Nám. Míru 212, Blatná (https://www.plantaz-blatna.cz/mista/muzeum/)"
"3027";"Železniční viadukt Bernartice";"Česká Republika";"Turistická známka";"Železnice, Technické památky";"Trutnov";"Královéhradecký kraj";"Obecní úřad Bernartice u Trutnova (https://mapy.com/cs/turisticka?q=viadukt%20Bernartice&source=base&id=1717149&ds=1&x=15.9611935&y=50.6462632&z=16)"
"3028";"Tvrz Pomezná";"Česká Republika";"Turistická známka";"Hrady, Archeo";"Cheb";"Karlovarský kraj";"Infocentrum, Jateční 2, Cheb (http://www.mestocheb.cz/)
Tvrz Pomezná (https://cs.wikipedia.org/wiki/Pomezn%C3%A1_(hrad))"
"3029";"Bylinkový ráj SONNENTOR, Čejkovice";"Česká Republika";"Turistická známka";"Skanzeny a muzea";"Hodonín";"Jihomoravský kraj";"Bylinkový ráj Sonnentor (https://www.sonnentor.com/cs-cz/zazitky/bylinkovy-raj)"
"3030";"Kopidlnka - železniční trať Kopidlno-Dolní Bousov";"Česká Republika";"Turistická známka";"Technické památky, Železnice";"Mladá Boleslav";"Středočeský kraj";"Ve vlaku Kopidlno – Dolní Bousov – Bakov n/Jizerou (https://www.kopidlnka.cz/)"
"3031";"Radostínské rašeliniště, Žďárské vrchy";"Česká Republika";"Turistická známka";"CHKO a rezervace, Přírodní útvary a místa, Žďárské vrchy";"Žďár nad Sázavou";"Kraj Vysočina";"Infocentrum, Havlíčkovo nám. 253/5, Žďár nad Sázavou (https://www.zdarns.cz/cestovni-ruch/informacni-centrum)
Restaurace U Šimáka, Radostín 95 (http://www.usimaka.cz/)"
"3032";"Bouda Klínovka, Krkonoše";"Česká Republika";"Turistická známka";"Horské chaty a boudy, Krkonoše";"Trutnov";"Královéhradecký kraj";"Bouda Klínovka (https://klinovka.com/)"
"3033";"Muzeum vystěhovalectví do Brazílie a muzeum Horních Vsí - Náhlov";"Česká Republika";"Turistická známka";"Skanzeny a muzea, Ralská pahorkatina";"Česká Lípa";"Liberecký kraj";"Muzeum vystěhovalectví do Brazílie, Náhlov 100 (https://new.emigrationmuseum.cz/)"
"3034";"Památník operace Anthropoid, Praha";"Česká Republika";"Turistická známka";"Památníky";"Praha";"Hlavní město Praha";"Restaurace Rodr, Klapkova 731/34, Praha 8 (https://rodr.cz/)"
"3035";"Kobyliská střelnice, Praha";"Česká Republika";"Turistická známka";"Památníky";"Praha";"Hlavní město Praha";"Restaurace Rodr, Klapkova 731/34, Praha 8 (https://rodr.cz/)"
"3036";"Radniční věž, Kadaň";"Česká Republika";"Turistická známka";"Historická města, Historické budovy a stavby, Ohře";"Chomutov";"Ústecký kraj";"TIC, Jana Švermy 7, Kadaň (https://kadan.eu/informace/tic/)"
"3037";"Pivovar Koníček, Vojkovice";"Česká Republika";"Turistická známka";"Historické pivovary";"Frýdek-Místek";"Moravskoslezský kraj";"Pivovar Koníček, Vojkovice (https://www.pivovar-konicek.cz/exkurze/)"
"3038";"Muzeum bahna, Bruntál";"Česká Republika";"Turistická známka";"Skanzeny a muzea";"Bruntál";"Moravskoslezský kraj";"Muzeum bahna, Fügnerova 14, Bruntál (http://www.muzeumbahna.cz/)"
"3039";"Přírodovědné muzeum Semenec - Týn nad Vltavou";"Česká Republika";"Turistická známka";"Skanzeny a muzea";"České Budějovice";"Jihočeský kraj";"Přírodovědné muzeum Semenec (https://www.muzeumsemenec.cz/)"
"3040";"Barokní kostel sv. Bartoloměje v Rozsochách";"Česká Republika";"Turistická známka";"Církevní památky";"Žďár nad Sázavou";"Kraj Vysočina";"TIC, Masarykovo nám. 1, Bystřice nad Pernštejnem (https://info.bystricenp.cz/)"
"3041";"Absurdia - muzeum iluzí, Brno";"Česká Republika";"Turistická známka";"Skanzeny a muzea";"Brno-město";"Jihomoravský kraj";"Absurdia - muzeum iluzí, OC Rozkvět, nám. Svobody 85/16, Brno (https://absurdia.cz/cs)"
"3042";"Střehomský mlýn";"Česká Republika";"Turistická známka";"Historické budovy a stavby, Technické památky, Český ráj";"Mladá Boleslav";"Středočeský kraj";"Bar U Máchala, Střehomský mlýn (https://www.facebook.com/profile.php?id=61581351815335)"
"3043";"Zámek Nové Hrady";"Česká Republika";"Turistická známka";"Zámky";"České Budějovice";"Jihočeský kraj";"Zámek Nové Hrady (https://konferencnizamek.cz/)"
"3044";"Rybník Velké Dářko";"Česká Republika";"Turistická známka";"Přírodní útvary a místa, CHKO a rezervace";"Žďár nad Sázavou";"Kraj Vysočina";"Infocentrum, Havlíčkovo nám. 253/5, Žďár nad Sázavou (https://www.zdarns.cz/cestovni-ruch/informacni-centrum)
Restaurace U Šimáka, Radostín 95 (http://www.usimaka.cz/)"
"3045";"Velký Týnec - Hradisko";"Česká Republika";"Turistická známka";"Archeo, Památníky";"Olomouc";"Olomoucký kraj";"Komunitní a informační centrum Velký Týnec - Po a St v úředních hodinách (https://www.velkytynec.cz/hradisko)"
"3046";"Městské muzeum Hořice";"Česká Republika";"Turistická známka";"Skanzeny a muzea";"Jičín";"Královéhradecký kraj";"Městské muzeum, nám. Jiřího z Poděbrad 160, Hořice (https://muzeum.horice.org/)
Informační centrum, nám. Jiřího z Poděbrad 3, Hořice (https://infocentrum.horice.org/)"
"3047";"Čiperova vila, Zlín";"Česká Republika";"Turistická známka";"Historické budovy a stavby";"Zlín";"Zlínský kraj";"Čiperova vila, Zlín (https://ciperovavilazlin.cz/)"
"3048";"Medova vila, Humpolec";"Česká Republika";"Turistická známka";"Historické budovy a stavby";"Pelhřimov";"Kraj Vysočina";"Infocentrum, Havlíčkovo náměstí 91, Humpolec (infohumpolec.cz)"
"3049";"Městské muzeum Česká Třebová";"Česká Republika";"Turistická známka";"Skanzeny a muzea";"Ústí nad Orlicí";"Pardubický kraj";"Městské muzeum, Klácelova 11, Česká Třebová (http://www.mmct.cz/)"
"3050";"Chaloupka Maxe Švabinského";"Česká Republika";"Turistická známka";"Skanzeny a muzea";"Ústí nad Orlicí";"Pardubický kraj";"Chaloupka Maxe Švabinského, Kozlov 58
Městské muzeum, Klácelova 11, Česká Třebová (http://www.mmct.cz/)"
"3051";"Muzeum zvonařství rodu Manoušků - Pražská mobilní zvonohra";"Česká Republika";"Turistická známka";"Technické památky, Skanzeny a muzea";"Praha";"Hlavní město Praha";"Muzeum zvonařství rodu Manoušků, U národní galerie 488, Praha - Zbraslav (http://www.carillon.cz/zvonarstvi-manousek)
Městský dům, U Malé řeky 3, Zbraslav (http://www.mc-zbraslav.cz/mestska-cast/turistika/)
Informační centrum na Zbraslavském náměstí (u cukrárny) (http://www.mc-zbraslav.cz/kultura-a-volny-cas/turisticke-informace/)"
"3052";"Království železnic, Praha";"Česká Republika";"Turistická známka";"Skanzeny a muzea, Železnice";"Praha";"Hlavní město Praha";"Království železnic, Stroupežnického 23, Praha 5 (https://www.kralovstvi-zeleznic.cz/)"
"3053";"Zámek Líšno";"Česká Republika";"Turistická známka";"Zámky";"Benešov";"Středočeský kraj";"Zámek Líšno (https://www.zameklisno.cz/)"
"3054";"Sloup nejsvětější trojice, Olomouc";"Česká Republika";"Turistická známka";"Církevní památky, Historické budovy a stavby";"Olomouc";"Olomoucký kraj";"Informační centrum Olomouc - radnice (olomouc-tourism.cz)"
"3055";"Pohádkový les Bílina";"Česká Republika";"Turistická známka";"Stezky a trasy, Volnočasové areály";"Teplice";"Ústecký kraj";"Informační centrum, Břežánská 50/4, Bílina (https://www.icbilina.cz/)"
"3056";"Expozice Austerlitz 1805, Slavkov u Brna";"Česká Republika";"Turistická známka";"Skanzeny a muzea, Válečné památníky";"Vyškov";"Jihomoravský kraj";"Zámek Slavkov - informační centrum (www.slavkov.cz)"
"3057";"Dům Karla Klostermanna, Srní";"Česká Republika";"Turistická známka";"Skanzeny a muzea, Památná místa a obce, Šumava";"Klatovy";"Plzeňský kraj";"Dům Karla Klostermanna v Srní (https://www.dumkarlaklostermanna.cz/)"
"3058";"Městské muzeum, Moravská Třebová";"Česká Republika";"Turistická známka";"Skanzeny a muzea";"Svitavy";"Pardubický kraj";"Městské muzeum, Svitavská 18, Moravská Třebová (https://www.muzeummoravskatrebova.cz/)"
"3059";"Muzeum Rumburk";"Česká Republika";"Turistická známka";"Skanzeny a muzea";"Děčín";"Ústecký kraj";"Muzeum Rumburk, Na Valech 401/4, Rumburk (https://www.muzeumrumburk.cz/)"
"3060";"Krajské technické muzeum, Vysoké Mýto";"Česká Republika";"Turistická známka";"Skanzeny a muzea";"Ústí nad Orlicí";"Pardubický kraj";"Regionální muzeum, A.V.Šembery 125, Vysoké Mýto (https://www.muzeum-myto.cz/cs)
Krajské technické muzeum, Kpt. Poplera 272, Vysoké Mýto"
"3061";"Záchranná stanice a ekocentrum Pasíčka";"Česká Republika";"Turistická známka";"Skanzeny a muzea, Volnočasové areály";"Chrudim";"Pardubický kraj";"Infokiosek záchranné stanice a ekocentra ""Pasíčka"", Bor u Skutče (https://pasicka.cz/)"
"3062";"Riedelova hrobka v Desné";"Česká Republika";"Turistická známka";"Historické budovy a stavby, Památníky";"Jablonec nad Nisou";"Liberecký kraj";"Riedelova Vila, Krkonošská 120, Desná v Jizerských horách (https://mesto-desna.cz/)"
"3063";"Město Ivanovice na Hané";"Česká Republika";"Turistická známka";"Historická města";"Vyškov";"Jihomoravský kraj";"Cafe galerie, Palackého náměstí 918/2, Ivanovice na Hané (https://www.ivanovicenahane.cz/)
Městská knihovna Ivanovice na Hané, Mlýnská 367/4 (https://www.ivanovicenahane.cz/)"
"3064";"Pavilon pro Reinerovu fresku, Duchcov";"Česká Republika";"Turistická známka";"Zámky, Historické budovy a stavby";"Teplice";"Ústecký kraj";"Infocentrum, Masarykova 7, Duchcov (http://www.infoduchcov.cz/)
Zámek Duchcov (https://www.zamek-duchcov.cz/cs)"
"3065";"Vodní miniZOO Baška";"Česká Republika";"Turistická známka";"Zoologické zahrady";"Frýdek-Místek";"Moravskoslezský kraj";"Vodní miniZOO Baška (https://www.vodniminizoo.cz/)"
"3066";"Otáčivé hlediště - Týn nad Vltavou";"Česká Republika";"Turistická známka";"Technické památky";"České Budějovice";"Jihočeský kraj";"Infocentrum, náměstí Míru 1, Týn nad Vltavou (http://www.tnv.cz/)
Otáčivé hlediště Týn nad Vltavou - před představením a krátce po něm (https://www.dsvltavan.cz/o-vltavanu/#historie)"
"3067";"Mlýn Kozlovice";"Česká Republika";"Turistická známka";"Technické památky, Historické budovy a stavby";"Frýdek-Místek";"Moravskoslezský kraj";"Mlýn Kozlovice, Kozlovice 130, Kozlovice (https://www.mlynkozlovice.cz/)"
"3068";"Rozhledna Tučín - Římská věž";"Česká Republika";"Turistická známka";"Rozhledny a vyhlídky";"Přerov";"Olomoucký kraj";"Obecní úřad Tučín (www.tucin.cz)
Občerstvení Rozhledna Římská věž, Tučín (červenec - srpen) (https://www.tucin.cz/rozhledna-tucin-rimska-vez)
Koupaliště Tučín (červen - září) (https://www.tucin.cz/rozhledna-tucin-rimska-vez)
Rozhledna Římská věž, Tučín při akcích (https://www.tucin.cz/rozhledna-tucin-rimska-vez)
Dům řemesel č.p.17, Tučín - při prohlídkách (https://www.tucin.cz/rozhledna-tucin-rimska-vez)"
"3069";"Kraslice";"Česká Republika";"Turistická známka";"Historická města, Krušné hory";"Sokolov";"Karlovarský kraj";"KIC, nám. T. G. Masaryka 1782, Kraslice (http://www.icka.cz/ic/kic-kraslice)
Café Julius, Nám. 28. října 1790/3, Kraslice"
"3070";"Schindlerova archa Brněnec";"Česká Republika";"Turistická známka";"Památníky, Památná místa a obce";"Svitavy";"Pardubický kraj";"Nadační fond Archa rodiny Low-Beer a Oskara Schindlera, Brněnec 101 (https://arksfoundation.net/)"
"3071";"Hotel Medlov";"Česká Republika";"Turistická známka";"Technické památky, Volnočasové areály, Žďárské vrchy";"Žďár nad Sázavou";"Kraj Vysočina";"Hotel Medlov, Fryšava pod Žákovou horou 143 (https://www.medlovhotel.cz/prohlidky/)"
"3072";"Židovský hřbitov Třebíč";"Česká Republika";"Turistická známka";"Církevní památky";"Třebíč";"Kraj Vysočina";"TIC Zadní synagoga, Subakova 1/44, Třebíč (https://www.mkstrebic.cz/turisticka-informacni-centra/)"
"3073";"Mozartovo interaktivní muzeum, Praha";"Česká Republika";"Turistická známka";"Skanzeny a muzea, Historické budovy a stavby";"Praha";"Hlavní město Praha";"Mozartovo interaktivní muzeum, Staroměstské nám. 480/24, Praha (https://mozartmuseum.cz/)"
"3074";"Dům přírody Českého ráje";"Česká Republika";"Turistická známka";"Skanzeny a muzea";"Semily";"Liberecký kraj";"Dům přírody Českého ráje, Dolánky u Turnova 9 (https://www.dumprirody.cz/ceskyraj/)"
"3075";"Zámek Dub";"Česká Republika";"Turistická známka";"Zámky";"Prachatice";"Jihočeský kraj";"Zámek Dub (https://zamekdub.webnode.cz/)
Infocentrum, nám. Svobody 18, Vodňany (http://www.infocentrumvodnany.cz/infocentrum)"
"3076";"Bělohradská sýpka";"Česká Republika";"Turistická známka";"Historické budovy a stavby, Volnočasové areály";"Jičín";"Královéhradecký kraj";"Bělohradská sýpka - kavárna, Lázně Bělohrad (https://www.belohradskasypka.cz/)"
"3077";"Rozhledna Hořidla, Chotiněves";"Česká Republika";"Turistická známka";"Rozhledny a vyhlídky";"Litoměřice";"Ústecký kraj";"Obecní úřad Chotiněves (http://www.chotineves.cz/index.php?menu=rozhledna)"
"3078";"Staré děkanství Nymburk";"Česká Republika";"Turistická známka";"Historické budovy a stavby";"Nymburk";"Středočeský kraj";"Infocentrum, náměstí Přemyslovců 165, Nymburk (http://www.mesto-nymburk.cz/)"
"3079";"Areál Albertovec";"Česká Republika";"Turistická známka";"Historické budovy a stavby, Zámky";"Opava";"Moravskoslezský kraj";"Restaurace Areál Albertovec, Štěpánkovice (https://albertovec.cz/)
Kancelář Areál Albertovec, Štěpánkovice (https://albertovec.cz/)"
"3080";"Informační středisko na Mariánskohorských boudách";"Česká Republika";"Turistická známka";"CHKO a rezervace, Horské chaty a boudy, Pohoří, Jizerské hory";"Jablonec nad Nisou";"Liberecký kraj";"Informační středisko Mariánskohorské boudy (https://www.dumprirody.cz/informacni-stredisko-chko-jizerske-hory/oteviraci-doba-is-chko-jizerske-hory/)"
"3081";"Dům přírody Jizerských hor, Oldřichov v Hájích";"Česká Republika";"Turistická známka";"CHKO a rezervace, Historické budovy a stavby, Skanzeny a muzea, Jizerské hory";"Liberec";"Liberecký kraj";"Dům přírody Jizerských hor, Oldřichov v Hájích (www.strevlik.cz)"
"3082";"Regionální muzeum Mělník";"Česká Republika";"Turistická známka";"Skanzeny a muzea";"Mělník";"Středočeský kraj";"Regionální muzeum, náměstí Míru 54, Mělník (muzeum-melnik.cz)"
"3083";"Špejchar v Bukovníku";"Česká Republika";"Turistická známka";"Historické budovy a stavby";"Klatovy";"Plzeňský kraj";"Infocentrum města Rabí, Rabí 57 (https://www.mestorabi.cz/)
Muzeum Špejchar, Bukovník"
"3084";"Městské muzeum v Čáslavi";"Česká Republika";"Turistická známka";"Skanzeny a muzea";"Kutná Hora";"Středočeský kraj";"Městské muzeum, Husova 291, Čáslav (https://muzeumcaslav.cz/muzeum/)"
"3085";"Kostel Navštívení Panny Marie, Rýmařov - kaple V Lipkách";"Česká Republika";"Turistická známka";"Památná místa a obce, Církevní památky, Jeseníky";"Bruntál";"Moravskoslezský kraj";"Informační centrum Rýmařov (https://www.inforymarov.cz/cz/)
Návštěvnické centrum Turistických známek, Rýmařov (http://www.turisticke-znamky.cz/)
Kostel Navštívení Panny Marie - Kaple V Lipkách - v době prohlídek (https://www.inforymarov.cz/cz/)"
"3086";"Vesec u Sobotky - Liptákov";"Česká Republika";"Turistická známka";"Památná místa a obce";"Jičín";"Královéhradecký kraj";"Točená zmrzlina Vesec u Sobotky"
"3087";"Kokořínské pokličky";"Česká Republika";"Turistická známka";"CHKO a rezervace, Přírodní útvary a místa";"Mělník";"Středočeský kraj";"Hrad Kokořín (hrad-kokorin.cz)"
"3088";"Muzeum Vařákovy paseky - Lačnov";"Česká Republika";"Turistická známka";"Skanzeny a muzea, Historické budovy a stavby";"Vsetín";"Zlínský kraj";"Muzeum Vařákovy paseky, Lačnov 307 (https://www.lacnov.eu/turista/)"
"3089";"Dřevěná krytá lávka ve Švařci";"Česká Republika";"Turistická známka";"Historické budovy a stavby";"Žďár nad Sázavou";"Kraj Vysočina";"TIC, Masarykovo nám. 1, Bystřice nad Pernštejnem (https://info.bystricenp.cz/)"
"3090";"Zámecký pivovar Jindřichův Hradec";"Česká Republika";"Turistická známka";"Historické pivovary";"Jindřichův Hradec";"Jihočeský kraj";"Infocentrum, Panská 136/1, Jindřichův Hradec (http://www.jh.cz/)"
"3091";"Město Semily";"Česká Republika";"Turistická známka";"Historická města";"Semily";"Liberecký kraj";"Infocentrum, Husova 2, Semily (http://www.semily.cz/)"
"3092";"Weisshuhnův kanál - Hradec nad Moravicí";"Česká Republika";"Turistická známka";"Technické památky";"Opava";"Moravskoslezský kraj";"Informační centrum, Podolská 308, Hradec nad Moravicí (http://www.ichradec.cz/)"
"3093";"Chlumská vyhlídka, Bílina";"Česká Republika";"Turistická známka";"Rozhledny a vyhlídky";"Teplice";"Ústecký kraj";"Informační centrum, Břežánská 50/4, Bílina (https://www.icbilina.cz/)"
"3094";"Plnírna Vincentka Luhačovice";"Česká Republika";"Turistická známka";"Technické památky";"Zlín";"Zlínský kraj";"Podnniková prodejna Vincentka, Lázeňské náměstí 165, Luhačovice (https://www.vincentka.cz/)"
"3095";"Ferrata Děčín";"Česká Republika";"Turistická známka";"Volnočasové areály, Stezky a trasy, Přírodní útvary a místa";"Děčín";"Ústecký kraj";"Informační centrum Děčín, K.Čapka 1441/3 (http://idecin.cz/)
Informační centrum Hlavní nádraží, Čsl. mládeže 89/4, Děčín (http://idecin.cz/)"
"3096";"Městské muzeum Chotěboř";"Česká Republika";"Turistická známka";"Skanzeny a muzea, Historické budovy a stavby";"Havlíčkův Brod";"Kraj Vysočina";"Informační centrum, Trčků z Lípy 55, Chotěboř (https://www.icchotebor.cz/)"
"3097";"Pražská brána, Mělník";"Česká Republika";"Turistická známka";"Historické budovy a stavby";"Mělník";"Středočeský kraj";"Turistické informační centrum, Legionářů 51, Mělník (https://ticmelnik.cz/)"
"3098";"Vodňanské Benátky, Vodňany";"Česká Republika";"Turistická známka";"Historické budovy a stavby, Památná místa a obce";"Strakonice";"Jihočeský kraj";"Městské muzeum (bývalá synagoga), Vodňany (https://www.muzeumvodnany.cz/)
Infocentrum, nám. Svobody 18, Vodňany (http://www.infocentrumvodnany.cz/infocentrum)"
"3099";"Děkanský kostel Narození panny Marie, Vodňany";"Česká Republika";"Turistická známka";"Církevní památky, Historické budovy a stavby";"Strakonice";"Jihočeský kraj";"Městské muzeum (bývalá synagoga), Vodňany (https://www.muzeumvodnany.cz/)
Infocentrum, nám. Svobody 18, Vodňany (http://www.infocentrumvodnany.cz/infocentrum)"
"3100";"Muzeum a Pojizerská galerie Semily";"Česká Republika";"Turistická známka";"Skanzeny a muzea";"Semily";"Liberecký kraj";"Muzeum a Pojizerská galerie Semily (https://muzeumsemily.cz/cs)"
